ISO-10303-21;
HEADER;
FILE_DESCRIPTION(('Open CASCADE Model'),'2;1');
FILE_NAME('Open CASCADE Shape Model','2026-10-01T02:26:27',('Author'),(
    'Open CASCADE'),'Open CASCADE STEP processor 8.0','build123d',
  'Unknown');
FILE_SCHEMA(('AUTOMOTIVE_DESIGN { 1 0 10303 214 1 1 1 1 }'));
ENDSEC;
DATA;
#1 = APPLICATION_PROTOCOL_DEFINITION('international standard',
  'automotive_design',2000,#2);
#2 = APPLICATION_CONTEXT(
  'core data for automotive mechanical design processes');
#3 = SHAPE_DEFINITION_REPRESENTATION(#4,#10);
#4 = PRODUCT_DEFINITION_SHAPE('','',#5);
#5 = PRODUCT_DEFINITION('design','',#6,#9);
#6 = PRODUCT_DEFINITION_FORMATION('','',#7);
#7 = PRODUCT('COMPOUND','COMPOUND','',(#8));
#8 = PRODUCT_CONTEXT('',#2,'mechanical');
#9 = PRODUCT_DEFINITION_CONTEXT('part definition',#2,'design');
#10 = SHAPE_REPRESENTATION('',(#11,#15,#19,#23),#27);
#11 = AXIS2_PLACEMENT_3D('',#12,#13,#14);
#12 = CARTESIAN_POINT('',(0.,0.,0.));
#13 = DIRECTION('',(0.,0.,1.));
#14 = DIRECTION('',(1.,0.,-0.));
#15 = AXIS2_PLACEMENT_3D('',#16,#17,#18);
#16 = CARTESIAN_POINT('',(0.,0.,0.));
#17 = DIRECTION('',(0.,0.,1.));
#18 = DIRECTION('',(1.,0.,-0.));
#19 = AXIS2_PLACEMENT_3D('',#20,#21,#22);
#20 = CARTESIAN_POINT('',(0.,0.,0.));
#21 = DIRECTION('',(0.,0.,1.));
#22 = DIRECTION('',(1.,0.,-0.));
#23 = AXIS2_PLACEMENT_3D('',#24,#25,#26);
#24 = CARTESIAN_POINT('',(0.,0.,0.));
#25 = DIRECTION('',(0.,0.,1.));
#26 = DIRECTION('',(1.,0.,-0.));
#27 = ( GEOMETRIC_REPRESENTATION_CONTEXT(3) 
GLOBAL_UNCERTAINTY_ASSIGNED_CONTEXT((#31)) GLOBAL_UNIT_ASSIGNED_CONTEXT(
(#28,#29,#30)) REPRESENTATION_CONTEXT('Context #1',
  '3D Context with UNIT and UNCERTAINTY') );
#28 = ( LENGTH_UNIT() NAMED_UNIT(*) SI_UNIT(.MILLI.,.METRE.) );
#29 = ( NAMED_UNIT(*) PLANE_ANGLE_UNIT() SI_UNIT($,.RADIAN.) );
#30 = ( NAMED_UNIT(*) SI_UNIT($,.STERADIAN.) SOLID_ANGLE_UNIT() );
#31 = UNCERTAINTY_MEASURE_WITH_UNIT(LENGTH_MEASURE(1.E-07),#28,
  'distance_accuracy_value','confusion accuracy');
#32 = PRODUCT_RELATED_PRODUCT_CATEGORY('part',$,(#7));
#33 = SHAPE_DEFINITION_REPRESENTATION(#34,#40);
#34 = PRODUCT_DEFINITION_SHAPE('','',#35);
#35 = PRODUCT_DEFINITION('design','',#36,#39);
#36 = PRODUCT_DEFINITION_FORMATION('','',#37);
#37 = PRODUCT('COMPOUND','COMPOUND','',(#38));
#38 = PRODUCT_CONTEXT('',#2,'mechanical');
#39 = PRODUCT_DEFINITION_CONTEXT('part definition',#2,'design');
#40 = SHAPE_REPRESENTATION('',(#11,#41,#45),#49);
#41 = AXIS2_PLACEMENT_3D('',#42,#43,#44);
#42 = CARTESIAN_POINT('',(0.,0.,0.));
#43 = DIRECTION('',(0.,0.,1.));
#44 = DIRECTION('',(1.,0.,-0.));
#45 = AXIS2_PLACEMENT_3D('',#46,#47,#48);
#46 = CARTESIAN_POINT('',(0.,0.,0.));
#47 = DIRECTION('',(0.,0.,1.));
#48 = DIRECTION('',(1.,0.,-0.));
#49 = ( GEOMETRIC_REPRESENTATION_CONTEXT(3) 
GLOBAL_UNCERTAINTY_ASSIGNED_CONTEXT((#53)) GLOBAL_UNIT_ASSIGNED_CONTEXT(
(#50,#51,#52)) REPRESENTATION_CONTEXT('Context #1',
  '3D Context with UNIT and UNCERTAINTY') );
#50 = ( LENGTH_UNIT() NAMED_UNIT(*) SI_UNIT(.MILLI.,.METRE.) );
#51 = ( NAMED_UNIT(*) PLANE_ANGLE_UNIT() SI_UNIT($,.RADIAN.) );
#52 = ( NAMED_UNIT(*) SI_UNIT($,.STERADIAN.) SOLID_ANGLE_UNIT() );
#53 = UNCERTAINTY_MEASURE_WITH_UNIT(LENGTH_MEASURE(1.E-07),#50,
  'distance_accuracy_value','confusion accuracy');
#54 = CONTEXT_DEPENDENT_SHAPE_REPRESENTATION(#55,#57);
#55 = ( REPRESENTATION_RELATIONSHIP('','',#40,#10) 
REPRESENTATION_RELATIONSHIP_WITH_TRANSFORMATION(#56) 
SHAPE_REPRESENTATION_RELATIONSHIP() );
#56 = ITEM_DEFINED_TRANSFORMATION('','',#11,#15);
#57 = PRODUCT_DEFINITION_SHAPE('Placement','Placement of an item',#58);
#58 = NEXT_ASSEMBLY_USAGE_OCCURRENCE('48','=>[0:1:1:2]','',#5,#35,$);
#59 = PRODUCT_RELATED_PRODUCT_CATEGORY('part',$,(#37));
#60 = SHAPE_DEFINITION_REPRESENTATION(#61,#67);
#61 = PRODUCT_DEFINITION_SHAPE('','',#62);
#62 = PRODUCT_DEFINITION('design','',#63,#66);
#63 = PRODUCT_DEFINITION_FORMATION('','',#64);
#64 = PRODUCT('COMPOUND','COMPOUND','',(#65));
#65 = PRODUCT_CONTEXT('',#2,'mechanical');
#66 = PRODUCT_DEFINITION_CONTEXT('part definition',#2,'design');
#67 = ADVANCED_BREP_SHAPE_REPRESENTATION('',(#11,#68),#1690);
#68 = MANIFOLD_SOLID_BREP('',#69);
#69 = CLOSED_SHELL('',(#70,#158,#193,#719,#746,#801,#856,#911,#966,#1021
    ,#1076,#1131,#1186,#1241,#1296,#1351,#1406,#1461,#1516,#1571,#1626,
    #1630,#1634,#1638,#1642,#1646,#1650,#1654,#1658,#1662,#1666,#1670,
    #1674,#1678,#1682,#1686));
#70 = ADVANCED_FACE('',(#71),#84,.T.);
#71 = FACE_BOUND('',#72,.T.);
#72 = EDGE_LOOP('',(#73,#107,#130,#157));
#73 = ORIENTED_EDGE('',*,*,#74,.F.);
#74 = EDGE_CURVE('',#75,#75,#77,.T.);
#75 = VERTEX_POINT('',#76);
#76 = CARTESIAN_POINT('',(50.,-1.224646799147E-14,1.225811908116E+03));
#77 = SURFACE_CURVE('',#78,(#83,#95),.PCURVE_S1.);
#78 = CIRCLE('',#79,50.);
#79 = AXIS2_PLACEMENT_3D('',#80,#81,#82);
#80 = CARTESIAN_POINT('',(0.,0.,1.225811908116E+03));
#81 = DIRECTION('',(0.,0.,1.));
#82 = DIRECTION('',(1.,0.,-0.));
#83 = PCURVE('',#84,#89);
#84 = CYLINDRICAL_SURFACE('',#85,50.);
#85 = AXIS2_PLACEMENT_3D('',#86,#87,#88);
#86 = CARTESIAN_POINT('',(0.,0.,1.089320508076E+03));
#87 = DIRECTION('',(0.,0.,1.));
#88 = DIRECTION('',(1.,0.,-0.));
#89 = DEFINITIONAL_REPRESENTATION('',(#90),#94);
#90 = LINE('',#91,#92);
#91 = CARTESIAN_POINT('',(0.,136.49140004071));
#92 = VECTOR('',#93,1.);
#93 = DIRECTION('',(1.,0.));
#94 = ( GEOMETRIC_REPRESENTATION_CONTEXT(2) 
PARAMETRIC_REPRESENTATION_CONTEXT() REPRESENTATION_CONTEXT('2D SPACE',''
  ) );
#95 = PCURVE('',#96,#101);
#96 = PLANE('',#97);
#97 = AXIS2_PLACEMENT_3D('',#98,#99,#100);
#98 = CARTESIAN_POINT('',(0.,0.,1.225811908116E+03));
#99 = DIRECTION('',(0.,0.,1.));
#100 = DIRECTION('',(1.,0.,-0.));
#101 = DEFINITIONAL_REPRESENTATION('',(#102),#106);
#102 = CIRCLE('',#103,50.);
#103 = AXIS2_PLACEMENT_2D('',#104,#105);
#104 = CARTESIAN_POINT('',(0.,0.));
#105 = DIRECTION('',(1.,0.));
#106 = ( GEOMETRIC_REPRESENTATION_CONTEXT(2) 
PARAMETRIC_REPRESENTATION_CONTEXT() REPRESENTATION_CONTEXT('2D SPACE',''
  ) );
#107 = ORIENTED_EDGE('',*,*,#108,.F.);
#108 = EDGE_CURVE('',#109,#75,#111,.T.);
#109 = VERTEX_POINT('',#110);
#110 = CARTESIAN_POINT('',(50.,-1.224646799147E-14,1.089320508076E+03));
#111 = SEAM_CURVE('',#112,(#116,#123),.PCURVE_S1.);
#112 = LINE('',#113,#114);
#113 = CARTESIAN_POINT('',(50.,-1.224646799147E-14,1.089320508076E+03));
#114 = VECTOR('',#115,1.);
#115 = DIRECTION('',(0.,0.,1.));
#116 = PCURVE('',#84,#117);
#117 = DEFINITIONAL_REPRESENTATION('',(#118),#122);
#118 = LINE('',#119,#120);
#119 = CARTESIAN_POINT('',(6.28318530718,-0.));
#120 = VECTOR('',#121,1.);
#121 = DIRECTION('',(0.,1.));
#122 = ( GEOMETRIC_REPRESENTATION_CONTEXT(2) 
PARAMETRIC_REPRESENTATION_CONTEXT() REPRESENTATION_CONTEXT('2D SPACE',''
  ) );
#123 = PCURVE('',#84,#124);
#124 = DEFINITIONAL_REPRESENTATION('',(#125),#129);
#125 = LINE('',#126,#127);
#126 = CARTESIAN_POINT('',(0.,-0.));
#127 = VECTOR('',#128,1.);
#128 = DIRECTION('',(0.,1.));
#129 = ( GEOMETRIC_REPRESENTATION_CONTEXT(2) 
PARAMETRIC_REPRESENTATION_CONTEXT() REPRESENTATION_CONTEXT('2D SPACE',''
  ) );
#130 = ORIENTED_EDGE('',*,*,#131,.T.);
#131 = EDGE_CURVE('',#109,#109,#132,.T.);
#132 = SURFACE_CURVE('',#133,(#138,#145),.PCURVE_S1.);
#133 = CIRCLE('',#134,50.);
#134 = AXIS2_PLACEMENT_3D('',#135,#136,#137);
#135 = CARTESIAN_POINT('',(0.,0.,1.089320508076E+03));
#136 = DIRECTION('',(0.,0.,1.));
#137 = DIRECTION('',(1.,0.,-0.));
#138 = PCURVE('',#84,#139);
#139 = DEFINITIONAL_REPRESENTATION('',(#140),#144);
#140 = LINE('',#141,#142);
#141 = CARTESIAN_POINT('',(0.,0.));
#142 = VECTOR('',#143,1.);
#143 = DIRECTION('',(1.,0.));
#144 = ( GEOMETRIC_REPRESENTATION_CONTEXT(2) 
PARAMETRIC_REPRESENTATION_CONTEXT() REPRESENTATION_CONTEXT('2D SPACE',''
  ) );
#145 = PCURVE('',#146,#151);
#146 = PLANE('',#147);
#147 = AXIS2_PLACEMENT_3D('',#148,#149,#150);
#148 = CARTESIAN_POINT('',(0.,0.,1.089320508076E+03));
#149 = DIRECTION('',(0.,0.,1.));
#150 = DIRECTION('',(1.,0.,-0.));
#151 = DEFINITIONAL_REPRESENTATION('',(#152),#156);
#152 = CIRCLE('',#153,50.);
#153 = AXIS2_PLACEMENT_2D('',#154,#155);
#154 = CARTESIAN_POINT('',(0.,0.));
#155 = DIRECTION('',(1.,0.));
#156 = ( GEOMETRIC_REPRESENTATION_CONTEXT(2) 
PARAMETRIC_REPRESENTATION_CONTEXT() REPRESENTATION_CONTEXT('2D SPACE',''
  ) );
#157 = ORIENTED_EDGE('',*,*,#108,.T.);
#158 = ADVANCED_FACE('',(#159,#162),#96,.T.);
#159 = FACE_BOUND('',#160,.T.);
#160 = EDGE_LOOP('',(#161));
#161 = ORIENTED_EDGE('',*,*,#74,.T.);
#162 = FACE_BOUND('',#163,.T.);
#163 = EDGE_LOOP('',(#164));
#164 = ORIENTED_EDGE('',*,*,#165,.F.);
#165 = EDGE_CURVE('',#166,#166,#168,.T.);
#166 = VERTEX_POINT('',#167);
#167 = CARTESIAN_POINT('',(11.,-2.694222958124E-15,1.225811908116E+03));
#168 = SURFACE_CURVE('',#169,(#174,#181),.PCURVE_S1.);
#169 = CIRCLE('',#170,11.);
#170 = AXIS2_PLACEMENT_3D('',#171,#172,#173);
#171 = CARTESIAN_POINT('',(0.,0.,1.225811908116E+03));
#172 = DIRECTION('',(0.,0.,1.));
#173 = DIRECTION('',(1.,0.,-0.));
#174 = PCURVE('',#96,#175);
#175 = DEFINITIONAL_REPRESENTATION('',(#176),#180);
#176 = CIRCLE('',#177,11.);
#177 = AXIS2_PLACEMENT_2D('',#178,#179);
#178 = CARTESIAN_POINT('',(0.,0.));
#179 = DIRECTION('',(1.,0.));
#180 = ( GEOMETRIC_REPRESENTATION_CONTEXT(2) 
PARAMETRIC_REPRESENTATION_CONTEXT() REPRESENTATION_CONTEXT('2D SPACE',''
  ) );
#181 = PCURVE('',#182,#187);
#182 = CYLINDRICAL_SURFACE('',#183,11.);
#183 = AXIS2_PLACEMENT_3D('',#184,#185,#186);
#184 = CARTESIAN_POINT('',(0.,0.,1.088320508076E+03));
#185 = DIRECTION('',(0.,0.,1.));
#186 = DIRECTION('',(1.,0.,-0.));
#187 = DEFINITIONAL_REPRESENTATION('',(#188),#192);
#188 = LINE('',#189,#190);
#189 = CARTESIAN_POINT('',(0.,137.49140004071));
#190 = VECTOR('',#191,1.);
#191 = DIRECTION('',(1.,0.));
#192 = ( GEOMETRIC_REPRESENTATION_CONTEXT(2) 
PARAMETRIC_REPRESENTATION_CONTEXT() REPRESENTATION_CONTEXT('2D SPACE',''
  ) );
#193 = ADVANCED_FACE('',(#194,#197,#228,#259,#290,#321,#352,#383,#414,
    #445,#476,#507,#538,#564,#595,#626,#657,#688),#146,.F.);
#194 = FACE_BOUND('',#195,.F.);
#195 = EDGE_LOOP('',(#196));
#196 = ORIENTED_EDGE('',*,*,#131,.T.);
#197 = FACE_BOUND('',#198,.F.);
#198 = EDGE_LOOP('',(#199));
#199 = ORIENTED_EDGE('',*,*,#200,.F.);
#200 = EDGE_CURVE('',#201,#201,#203,.T.);
#201 = VERTEX_POINT('',#202);
#202 = CARTESIAN_POINT('',(-24.89137802864,-28.99137802864,
    1.089320508076E+03));
#203 = SURFACE_CURVE('',#204,(#209,#216),.PCURVE_S1.);
#204 = CIRCLE('',#205,4.1);
#205 = AXIS2_PLACEMENT_3D('',#206,#207,#208);
#206 = CARTESIAN_POINT('',(-28.99137802864,-28.99137802864,
    1.089320508076E+03));
#207 = DIRECTION('',(0.,0.,1.));
#208 = DIRECTION('',(1.,0.,-0.));
#209 = PCURVE('',#146,#210);
#210 = DEFINITIONAL_REPRESENTATION('',(#211),#215);
#211 = CIRCLE('',#212,4.1);
#212 = AXIS2_PLACEMENT_2D('',#213,#214);
#213 = CARTESIAN_POINT('',(-28.99137802864,-28.99137802864));
#214 = DIRECTION('',(1.,0.));
#215 = ( GEOMETRIC_REPRESENTATION_CONTEXT(2) 
PARAMETRIC_REPRESENTATION_CONTEXT() REPRESENTATION_CONTEXT('2D SPACE',''
  ) );
#216 = PCURVE('',#217,#222);
#217 = CYLINDRICAL_SURFACE('',#218,4.1);
#218 = AXIS2_PLACEMENT_3D('',#219,#220,#221);
#219 = CARTESIAN_POINT('',(-28.99137802864,-28.99137802864,
    1.089320508076E+03));
#220 = DIRECTION('',(0.,0.,1.));
#221 = DIRECTION('',(1.,0.,-0.));
#222 = DEFINITIONAL_REPRESENTATION('',(#223),#227);
#223 = LINE('',#224,#225);
#224 = CARTESIAN_POINT('',(0.,0.));
#225 = VECTOR('',#226,1.);
#226 = DIRECTION('',(1.,0.));
#227 = ( GEOMETRIC_REPRESENTATION_CONTEXT(2) 
PARAMETRIC_REPRESENTATION_CONTEXT() REPRESENTATION_CONTEXT('2D SPACE',''
  ) );
#228 = FACE_BOUND('',#229,.F.);
#229 = EDGE_LOOP('',(#230));
#230 = ORIENTED_EDGE('',*,*,#231,.F.);
#231 = EDGE_CURVE('',#232,#232,#234,.T.);
#232 = VERTEX_POINT('',#233);
#233 = CARTESIAN_POINT('',(-11.59002072696,-37.87906083296,
    1.089320508076E+03));
#234 = SURFACE_CURVE('',#235,(#240,#247),.PCURVE_S1.);
#235 = CIRCLE('',#236,4.1);
#236 = AXIS2_PLACEMENT_3D('',#237,#238,#239);
#237 = CARTESIAN_POINT('',(-15.69002072696,-37.87906083296,
    1.089320508076E+03));
#238 = DIRECTION('',(0.,0.,1.));
#239 = DIRECTION('',(1.,0.,-0.));
#240 = PCURVE('',#146,#241);
#241 = DEFINITIONAL_REPRESENTATION('',(#242),#246);
#242 = CIRCLE('',#243,4.1);
#243 = AXIS2_PLACEMENT_2D('',#244,#245);
#244 = CARTESIAN_POINT('',(-15.69002072696,-37.87906083296));
#245 = DIRECTION('',(1.,0.));
#246 = ( GEOMETRIC_REPRESENTATION_CONTEXT(2) 
PARAMETRIC_REPRESENTATION_CONTEXT() REPRESENTATION_CONTEXT('2D SPACE',''
  ) );
#247 = PCURVE('',#248,#253);
#248 = CYLINDRICAL_SURFACE('',#249,4.1);
#249 = AXIS2_PLACEMENT_3D('',#250,#251,#252);
#250 = CARTESIAN_POINT('',(-15.69002072696,-37.87906083296,
    1.089320508076E+03));
#251 = DIRECTION('',(0.,0.,1.));
#252 = DIRECTION('',(1.,0.,-0.));
#253 = DEFINITIONAL_REPRESENTATION('',(#254),#258);
#254 = LINE('',#255,#256);
#255 = CARTESIAN_POINT('',(0.,0.));
#256 = VECTOR('',#257,1.);
#257 = DIRECTION('',(1.,0.));
#258 = ( GEOMETRIC_REPRESENTATION_CONTEXT(2) 
PARAMETRIC_REPRESENTATION_CONTEXT() REPRESENTATION_CONTEXT('2D SPACE',''
  ) );
#259 = FACE_BOUND('',#260,.F.);
#260 = EDGE_LOOP('',(#261));
#261 = ORIENTED_EDGE('',*,*,#262,.F.);
#262 = EDGE_CURVE('',#263,#263,#265,.T.);
#263 = VERTEX_POINT('',#264);
#264 = CARTESIAN_POINT('',(4.1,-41.,1.089320508076E+03));
#265 = SURFACE_CURVE('',#266,(#271,#278),.PCURVE_S1.);
#266 = CIRCLE('',#267,4.1);
#267 = AXIS2_PLACEMENT_3D('',#268,#269,#270);
#268 = CARTESIAN_POINT('',(-7.531577814756E-15,-41.,1.089320508076E+03)
  );
#269 = DIRECTION('',(0.,0.,1.));
#270 = DIRECTION('',(1.,0.,-0.));
#271 = PCURVE('',#146,#272);
#272 = DEFINITIONAL_REPRESENTATION('',(#273),#277);
#273 = CIRCLE('',#274,4.1);
#274 = AXIS2_PLACEMENT_2D('',#275,#276);
#275 = CARTESIAN_POINT('',(-7.531577814756E-15,-41.));
#276 = DIRECTION('',(1.,0.));
#277 = ( GEOMETRIC_REPRESENTATION_CONTEXT(2) 
PARAMETRIC_REPRESENTATION_CONTEXT() REPRESENTATION_CONTEXT('2D SPACE',''
  ) );
#278 = PCURVE('',#279,#284);
#279 = CYLINDRICAL_SURFACE('',#280,4.1);
#280 = AXIS2_PLACEMENT_3D('',#281,#282,#283);
#281 = CARTESIAN_POINT('',(-7.531577814756E-15,-41.,1.089320508076E+03)
  );
#282 = DIRECTION('',(0.,0.,1.));
#283 = DIRECTION('',(1.,0.,-0.));
#284 = DEFINITIONAL_REPRESENTATION('',(#285),#289);
#285 = LINE('',#286,#287);
#286 = CARTESIAN_POINT('',(0.,0.));
#287 = VECTOR('',#288,1.);
#288 = DIRECTION('',(1.,0.));
#289 = ( GEOMETRIC_REPRESENTATION_CONTEXT(2) 
PARAMETRIC_REPRESENTATION_CONTEXT() REPRESENTATION_CONTEXT('2D SPACE',''
  ) );
#290 = FACE_BOUND('',#291,.F.);
#291 = EDGE_LOOP('',(#292));
#292 = ORIENTED_EDGE('',*,*,#293,.F.);
#293 = EDGE_CURVE('',#294,#294,#296,.T.);
#294 = VERTEX_POINT('',#295);
#295 = CARTESIAN_POINT('',(-33.77906083296,-15.69002072696,
    1.089320508076E+03));
#296 = SURFACE_CURVE('',#297,(#302,#309),.PCURVE_S1.);
#297 = CIRCLE('',#298,4.1);
#298 = AXIS2_PLACEMENT_3D('',#299,#300,#301);
#299 = CARTESIAN_POINT('',(-37.87906083296,-15.69002072696,
    1.089320508076E+03));
#300 = DIRECTION('',(0.,0.,1.));
#301 = DIRECTION('',(1.,0.,-0.));
#302 = PCURVE('',#146,#303);
#303 = DEFINITIONAL_REPRESENTATION('',(#304),#308);
#304 = CIRCLE('',#305,4.1);
#305 = AXIS2_PLACEMENT_2D('',#306,#307);
#306 = CARTESIAN_POINT('',(-37.87906083296,-15.69002072696));
#307 = DIRECTION('',(1.,0.));
#308 = ( GEOMETRIC_REPRESENTATION_CONTEXT(2) 
PARAMETRIC_REPRESENTATION_CONTEXT() REPRESENTATION_CONTEXT('2D SPACE',''
  ) );
#309 = PCURVE('',#310,#315);
#310 = CYLINDRICAL_SURFACE('',#311,4.1);
#311 = AXIS2_PLACEMENT_3D('',#312,#313,#314);
#312 = CARTESIAN_POINT('',(-37.87906083296,-15.69002072696,
    1.089320508076E+03));
#313 = DIRECTION('',(0.,0.,1.));
#314 = DIRECTION('',(1.,0.,-0.));
#315 = DEFINITIONAL_REPRESENTATION('',(#316),#320);
#316 = LINE('',#317,#318);
#317 = CARTESIAN_POINT('',(0.,0.));
#318 = VECTOR('',#319,1.);
#319 = DIRECTION('',(1.,0.));
#320 = ( GEOMETRIC_REPRESENTATION_CONTEXT(2) 
PARAMETRIC_REPRESENTATION_CONTEXT() REPRESENTATION_CONTEXT('2D SPACE',''
  ) );
#321 = FACE_BOUND('',#322,.F.);
#322 = EDGE_LOOP('',(#323));
#323 = ORIENTED_EDGE('',*,*,#324,.F.);
#324 = EDGE_CURVE('',#325,#325,#327,.T.);
#325 = VERTEX_POINT('',#326);
#326 = CARTESIAN_POINT('',(19.790020726969,-37.87906083296,
    1.089320508076E+03));
#327 = SURFACE_CURVE('',#328,(#333,#340),.PCURVE_S1.);
#328 = CIRCLE('',#329,4.1);
#329 = AXIS2_PLACEMENT_3D('',#330,#331,#332);
#330 = CARTESIAN_POINT('',(15.690020726969,-37.87906083296,
    1.089320508076E+03));
#331 = DIRECTION('',(0.,0.,1.));
#332 = DIRECTION('',(1.,0.,-0.));
#333 = PCURVE('',#146,#334);
#334 = DEFINITIONAL_REPRESENTATION('',(#335),#339);
#335 = CIRCLE('',#336,4.1);
#336 = AXIS2_PLACEMENT_2D('',#337,#338);
#337 = CARTESIAN_POINT('',(15.690020726969,-37.87906083296));
#338 = DIRECTION('',(1.,0.));
#339 = ( GEOMETRIC_REPRESENTATION_CONTEXT(2) 
PARAMETRIC_REPRESENTATION_CONTEXT() REPRESENTATION_CONTEXT('2D SPACE',''
  ) );
#340 = PCURVE('',#341,#346);
#341 = CYLINDRICAL_SURFACE('',#342,4.1);
#342 = AXIS2_PLACEMENT_3D('',#343,#344,#345);
#343 = CARTESIAN_POINT('',(15.690020726969,-37.87906083296,
    1.089320508076E+03));
#344 = DIRECTION('',(0.,0.,1.));
#345 = DIRECTION('',(1.,0.,-0.));
#346 = DEFINITIONAL_REPRESENTATION('',(#347),#351);
#347 = LINE('',#348,#349);
#348 = CARTESIAN_POINT('',(0.,0.));
#349 = VECTOR('',#350,1.);
#350 = DIRECTION('',(1.,0.));
#351 = ( GEOMETRIC_REPRESENTATION_CONTEXT(2) 
PARAMETRIC_REPRESENTATION_CONTEXT() REPRESENTATION_CONTEXT('2D SPACE',''
  ) );
#352 = FACE_BOUND('',#353,.F.);
#353 = EDGE_LOOP('',(#354));
#354 = ORIENTED_EDGE('',*,*,#355,.F.);
#355 = EDGE_CURVE('',#356,#356,#358,.T.);
#356 = VERTEX_POINT('',#357);
#357 = CARTESIAN_POINT('',(33.091378028648,-28.99137802864,
    1.089320508076E+03));
#358 = SURFACE_CURVE('',#359,(#364,#371),.PCURVE_S1.);
#359 = CIRCLE('',#360,4.1);
#360 = AXIS2_PLACEMENT_3D('',#361,#362,#363);
#361 = CARTESIAN_POINT('',(28.991378028648,-28.99137802864,
    1.089320508076E+03));
#362 = DIRECTION('',(0.,0.,1.));
#363 = DIRECTION('',(1.,0.,-0.));
#364 = PCURVE('',#146,#365);
#365 = DEFINITIONAL_REPRESENTATION('',(#366),#370);
#366 = CIRCLE('',#367,4.1);
#367 = AXIS2_PLACEMENT_2D('',#368,#369);
#368 = CARTESIAN_POINT('',(28.991378028648,-28.99137802864));
#369 = DIRECTION('',(1.,0.));
#370 = ( GEOMETRIC_REPRESENTATION_CONTEXT(2) 
PARAMETRIC_REPRESENTATION_CONTEXT() REPRESENTATION_CONTEXT('2D SPACE',''
  ) );
#371 = PCURVE('',#372,#377);
#372 = CYLINDRICAL_SURFACE('',#373,4.1);
#373 = AXIS2_PLACEMENT_3D('',#374,#375,#376);
#374 = CARTESIAN_POINT('',(28.991378028648,-28.99137802864,
    1.089320508076E+03));
#375 = DIRECTION('',(0.,0.,1.));
#376 = DIRECTION('',(1.,0.,-0.));
#377 = DEFINITIONAL_REPRESENTATION('',(#378),#382);
#378 = LINE('',#379,#380);
#379 = CARTESIAN_POINT('',(0.,0.));
#380 = VECTOR('',#381,1.);
#381 = DIRECTION('',(1.,0.));
#382 = ( GEOMETRIC_REPRESENTATION_CONTEXT(2) 
PARAMETRIC_REPRESENTATION_CONTEXT() REPRESENTATION_CONTEXT('2D SPACE',''
  ) );
#383 = FACE_BOUND('',#384,.F.);
#384 = EDGE_LOOP('',(#385));
#385 = ORIENTED_EDGE('',*,*,#386,.F.);
#386 = EDGE_CURVE('',#387,#387,#389,.T.);
#387 = VERTEX_POINT('',#388);
#388 = CARTESIAN_POINT('',(41.979060832963,-15.69002072696,
    1.089320508076E+03));
#389 = SURFACE_CURVE('',#390,(#395,#402),.PCURVE_S1.);
#390 = CIRCLE('',#391,4.1);
#391 = AXIS2_PLACEMENT_3D('',#392,#393,#394);
#392 = CARTESIAN_POINT('',(37.879060832963,-15.69002072696,
    1.089320508076E+03));
#393 = DIRECTION('',(0.,0.,1.));
#394 = DIRECTION('',(1.,0.,-0.));
#395 = PCURVE('',#146,#396);
#396 = DEFINITIONAL_REPRESENTATION('',(#397),#401);
#397 = CIRCLE('',#398,4.1);
#398 = AXIS2_PLACEMENT_2D('',#399,#400);
#399 = CARTESIAN_POINT('',(37.879060832963,-15.69002072696));
#400 = DIRECTION('',(1.,0.));
#401 = ( GEOMETRIC_REPRESENTATION_CONTEXT(2) 
PARAMETRIC_REPRESENTATION_CONTEXT() REPRESENTATION_CONTEXT('2D SPACE',''
  ) );
#402 = PCURVE('',#403,#408);
#403 = CYLINDRICAL_SURFACE('',#404,4.1);
#404 = AXIS2_PLACEMENT_3D('',#405,#406,#407);
#405 = CARTESIAN_POINT('',(37.879060832963,-15.69002072696,
    1.089320508076E+03));
#406 = DIRECTION('',(0.,0.,1.));
#407 = DIRECTION('',(1.,0.,-0.));
#408 = DEFINITIONAL_REPRESENTATION('',(#409),#413);
#409 = LINE('',#410,#411);
#410 = CARTESIAN_POINT('',(0.,0.));
#411 = VECTOR('',#412,1.);
#412 = DIRECTION('',(1.,0.));
#413 = ( GEOMETRIC_REPRESENTATION_CONTEXT(2) 
PARAMETRIC_REPRESENTATION_CONTEXT() REPRESENTATION_CONTEXT('2D SPACE',''
  ) );
#414 = FACE_BOUND('',#415,.F.);
#415 = EDGE_LOOP('',(#416));
#416 = ORIENTED_EDGE('',*,*,#417,.F.);
#417 = EDGE_CURVE('',#418,#418,#420,.T.);
#418 = VERTEX_POINT('',#419);
#419 = CARTESIAN_POINT('',(-36.9,4.016841501203E-15,1.089320508076E+03)
  );
#420 = SURFACE_CURVE('',#421,(#426,#433),.PCURVE_S1.);
#421 = CIRCLE('',#422,4.1);
#422 = AXIS2_PLACEMENT_3D('',#423,#424,#425);
#423 = CARTESIAN_POINT('',(-41.,5.021051876504E-15,1.089320508076E+03));
#424 = DIRECTION('',(0.,0.,1.));
#425 = DIRECTION('',(1.,0.,-0.));
#426 = PCURVE('',#146,#427);
#427 = DEFINITIONAL_REPRESENTATION('',(#428),#432);
#428 = CIRCLE('',#429,4.1);
#429 = AXIS2_PLACEMENT_2D('',#430,#431);
#430 = CARTESIAN_POINT('',(-41.,5.021051876504E-15));
#431 = DIRECTION('',(1.,0.));
#432 = ( GEOMETRIC_REPRESENTATION_CONTEXT(2) 
PARAMETRIC_REPRESENTATION_CONTEXT() REPRESENTATION_CONTEXT('2D SPACE',''
  ) );
#433 = PCURVE('',#434,#439);
#434 = CYLINDRICAL_SURFACE('',#435,4.1);
#435 = AXIS2_PLACEMENT_3D('',#436,#437,#438);
#436 = CARTESIAN_POINT('',(-41.,5.021051876504E-15,1.089320508076E+03));
#437 = DIRECTION('',(0.,0.,1.));
#438 = DIRECTION('',(1.,0.,-0.));
#439 = DEFINITIONAL_REPRESENTATION('',(#440),#444);
#440 = LINE('',#441,#442);
#441 = CARTESIAN_POINT('',(0.,0.));
#442 = VECTOR('',#443,1.);
#443 = DIRECTION('',(1.,0.));
#444 = ( GEOMETRIC_REPRESENTATION_CONTEXT(2) 
PARAMETRIC_REPRESENTATION_CONTEXT() REPRESENTATION_CONTEXT('2D SPACE',''
  ) );
#445 = FACE_BOUND('',#446,.F.);
#446 = EDGE_LOOP('',(#447));
#447 = ORIENTED_EDGE('',*,*,#448,.F.);
#448 = EDGE_CURVE('',#449,#449,#451,.T.);
#449 = VERTEX_POINT('',#450);
#450 = CARTESIAN_POINT('',(-33.77906083296,15.690020726969,
    1.089320508076E+03));
#451 = SURFACE_CURVE('',#452,(#457,#464),.PCURVE_S1.);
#452 = CIRCLE('',#453,4.1);
#453 = AXIS2_PLACEMENT_3D('',#454,#455,#456);
#454 = CARTESIAN_POINT('',(-37.87906083296,15.690020726969,
    1.089320508076E+03));
#455 = DIRECTION('',(0.,0.,1.));
#456 = DIRECTION('',(1.,0.,-0.));
#457 = PCURVE('',#146,#458);
#458 = DEFINITIONAL_REPRESENTATION('',(#459),#463);
#459 = CIRCLE('',#460,4.1);
#460 = AXIS2_PLACEMENT_2D('',#461,#462);
#461 = CARTESIAN_POINT('',(-37.87906083296,15.690020726969));
#462 = DIRECTION('',(1.,0.));
#463 = ( GEOMETRIC_REPRESENTATION_CONTEXT(2) 
PARAMETRIC_REPRESENTATION_CONTEXT() REPRESENTATION_CONTEXT('2D SPACE',''
  ) );
#464 = PCURVE('',#465,#470);
#465 = CYLINDRICAL_SURFACE('',#466,4.1);
#466 = AXIS2_PLACEMENT_3D('',#467,#468,#469);
#467 = CARTESIAN_POINT('',(-37.87906083296,15.690020726969,
    1.089320508076E+03));
#468 = DIRECTION('',(0.,0.,1.));
#469 = DIRECTION('',(1.,0.,-0.));
#470 = DEFINITIONAL_REPRESENTATION('',(#471),#475);
#471 = LINE('',#472,#473);
#472 = CARTESIAN_POINT('',(0.,0.));
#473 = VECTOR('',#474,1.);
#474 = DIRECTION('',(1.,0.));
#475 = ( GEOMETRIC_REPRESENTATION_CONTEXT(2) 
PARAMETRIC_REPRESENTATION_CONTEXT() REPRESENTATION_CONTEXT('2D SPACE',''
  ) );
#476 = FACE_BOUND('',#477,.F.);
#477 = EDGE_LOOP('',(#478));
#478 = ORIENTED_EDGE('',*,*,#479,.F.);
#479 = EDGE_CURVE('',#480,#480,#482,.T.);
#480 = VERTEX_POINT('',#481);
#481 = CARTESIAN_POINT('',(-24.89137802864,28.991378028648,
    1.089320508076E+03));
#482 = SURFACE_CURVE('',#483,(#488,#495),.PCURVE_S1.);
#483 = CIRCLE('',#484,4.1);
#484 = AXIS2_PLACEMENT_3D('',#485,#486,#487);
#485 = CARTESIAN_POINT('',(-28.99137802864,28.991378028648,
    1.089320508076E+03));
#486 = DIRECTION('',(0.,0.,1.));
#487 = DIRECTION('',(1.,0.,-0.));
#488 = PCURVE('',#146,#489);
#489 = DEFINITIONAL_REPRESENTATION('',(#490),#494);
#490 = CIRCLE('',#491,4.1);
#491 = AXIS2_PLACEMENT_2D('',#492,#493);
#492 = CARTESIAN_POINT('',(-28.99137802864,28.991378028648));
#493 = DIRECTION('',(1.,0.));
#494 = ( GEOMETRIC_REPRESENTATION_CONTEXT(2) 
PARAMETRIC_REPRESENTATION_CONTEXT() REPRESENTATION_CONTEXT('2D SPACE',''
  ) );
#495 = PCURVE('',#496,#501);
#496 = CYLINDRICAL_SURFACE('',#497,4.1);
#497 = AXIS2_PLACEMENT_3D('',#498,#499,#500);
#498 = CARTESIAN_POINT('',(-28.99137802864,28.991378028648,
    1.089320508076E+03));
#499 = DIRECTION('',(0.,0.,1.));
#500 = DIRECTION('',(1.,0.,-0.));
#501 = DEFINITIONAL_REPRESENTATION('',(#502),#506);
#502 = LINE('',#503,#504);
#503 = CARTESIAN_POINT('',(0.,0.));
#504 = VECTOR('',#505,1.);
#505 = DIRECTION('',(1.,0.));
#506 = ( GEOMETRIC_REPRESENTATION_CONTEXT(2) 
PARAMETRIC_REPRESENTATION_CONTEXT() REPRESENTATION_CONTEXT('2D SPACE',''
  ) );
#507 = FACE_BOUND('',#508,.F.);
#508 = EDGE_LOOP('',(#509));
#509 = ORIENTED_EDGE('',*,*,#510,.F.);
#510 = EDGE_CURVE('',#511,#511,#513,.T.);
#511 = VERTEX_POINT('',#512);
#512 = CARTESIAN_POINT('',(-11.59002072696,37.879060832963,
    1.089320508076E+03));
#513 = SURFACE_CURVE('',#514,(#519,#526),.PCURVE_S1.);
#514 = CIRCLE('',#515,4.1);
#515 = AXIS2_PLACEMENT_3D('',#516,#517,#518);
#516 = CARTESIAN_POINT('',(-15.69002072696,37.879060832963,
    1.089320508076E+03));
#517 = DIRECTION('',(0.,0.,1.));
#518 = DIRECTION('',(1.,0.,-0.));
#519 = PCURVE('',#146,#520);
#520 = DEFINITIONAL_REPRESENTATION('',(#521),#525);
#521 = CIRCLE('',#522,4.1);
#522 = AXIS2_PLACEMENT_2D('',#523,#524);
#523 = CARTESIAN_POINT('',(-15.69002072696,37.879060832963));
#524 = DIRECTION('',(1.,0.));
#525 = ( GEOMETRIC_REPRESENTATION_CONTEXT(2) 
PARAMETRIC_REPRESENTATION_CONTEXT() REPRESENTATION_CONTEXT('2D SPACE',''
  ) );
#526 = PCURVE('',#527,#532);
#527 = CYLINDRICAL_SURFACE('',#528,4.1);
#528 = AXIS2_PLACEMENT_3D('',#529,#530,#531);
#529 = CARTESIAN_POINT('',(-15.69002072696,37.879060832963,
    1.089320508076E+03));
#530 = DIRECTION('',(0.,0.,1.));
#531 = DIRECTION('',(1.,0.,-0.));
#532 = DEFINITIONAL_REPRESENTATION('',(#533),#537);
#533 = LINE('',#534,#535);
#534 = CARTESIAN_POINT('',(0.,0.));
#535 = VECTOR('',#536,1.);
#536 = DIRECTION('',(1.,0.));
#537 = ( GEOMETRIC_REPRESENTATION_CONTEXT(2) 
PARAMETRIC_REPRESENTATION_CONTEXT() REPRESENTATION_CONTEXT('2D SPACE',''
  ) );
#538 = FACE_BOUND('',#539,.F.);
#539 = EDGE_LOOP('',(#540));
#540 = ORIENTED_EDGE('',*,*,#541,.F.);
#541 = EDGE_CURVE('',#542,#542,#544,.T.);
#542 = VERTEX_POINT('',#543);
#543 = CARTESIAN_POINT('',(11.,-2.694222958124E-15,1.089320508076E+03));
#544 = SURFACE_CURVE('',#545,(#550,#557),.PCURVE_S1.);
#545 = CIRCLE('',#546,11.);
#546 = AXIS2_PLACEMENT_3D('',#547,#548,#549);
#547 = CARTESIAN_POINT('',(0.,0.,1.089320508076E+03));
#548 = DIRECTION('',(0.,0.,1.));
#549 = DIRECTION('',(1.,0.,-0.));
#550 = PCURVE('',#146,#551);
#551 = DEFINITIONAL_REPRESENTATION('',(#552),#556);
#552 = CIRCLE('',#553,11.);
#553 = AXIS2_PLACEMENT_2D('',#554,#555);
#554 = CARTESIAN_POINT('',(0.,0.));
#555 = DIRECTION('',(1.,0.));
#556 = ( GEOMETRIC_REPRESENTATION_CONTEXT(2) 
PARAMETRIC_REPRESENTATION_CONTEXT() REPRESENTATION_CONTEXT('2D SPACE',''
  ) );
#557 = PCURVE('',#182,#558);
#558 = DEFINITIONAL_REPRESENTATION('',(#559),#563);
#559 = LINE('',#560,#561);
#560 = CARTESIAN_POINT('',(0.,1.));
#561 = VECTOR('',#562,1.);
#562 = DIRECTION('',(1.,0.));
#563 = ( GEOMETRIC_REPRESENTATION_CONTEXT(2) 
PARAMETRIC_REPRESENTATION_CONTEXT() REPRESENTATION_CONTEXT('2D SPACE',''
  ) );
#564 = FACE_BOUND('',#565,.F.);
#565 = EDGE_LOOP('',(#566));
#566 = ORIENTED_EDGE('',*,*,#567,.F.);
#567 = EDGE_CURVE('',#568,#568,#570,.T.);
#568 = VERTEX_POINT('',#569);
#569 = CARTESIAN_POINT('',(45.1,-1.004210375301E-15,1.089320508076E+03)
  );
#570 = SURFACE_CURVE('',#571,(#576,#583),.PCURVE_S1.);
#571 = CIRCLE('',#572,4.1);
#572 = AXIS2_PLACEMENT_3D('',#573,#574,#575);
#573 = CARTESIAN_POINT('',(41.,0.,1.089320508076E+03));
#574 = DIRECTION('',(0.,0.,1.));
#575 = DIRECTION('',(1.,0.,-0.));
#576 = PCURVE('',#146,#577);
#577 = DEFINITIONAL_REPRESENTATION('',(#578),#582);
#578 = CIRCLE('',#579,4.1);
#579 = AXIS2_PLACEMENT_2D('',#580,#581);
#580 = CARTESIAN_POINT('',(41.,0.));
#581 = DIRECTION('',(1.,0.));
#582 = ( GEOMETRIC_REPRESENTATION_CONTEXT(2) 
PARAMETRIC_REPRESENTATION_CONTEXT() REPRESENTATION_CONTEXT('2D SPACE',''
  ) );
#583 = PCURVE('',#584,#589);
#584 = CYLINDRICAL_SURFACE('',#585,4.1);
#585 = AXIS2_PLACEMENT_3D('',#586,#587,#588);
#586 = CARTESIAN_POINT('',(41.,0.,1.089320508076E+03));
#587 = DIRECTION('',(0.,0.,1.));
#588 = DIRECTION('',(1.,0.,-0.));
#589 = DEFINITIONAL_REPRESENTATION('',(#590),#594);
#590 = LINE('',#591,#592);
#591 = CARTESIAN_POINT('',(0.,0.));
#592 = VECTOR('',#593,1.);
#593 = DIRECTION('',(1.,0.));
#594 = ( GEOMETRIC_REPRESENTATION_CONTEXT(2) 
PARAMETRIC_REPRESENTATION_CONTEXT() REPRESENTATION_CONTEXT('2D SPACE',''
  ) );
#595 = FACE_BOUND('',#596,.F.);
#596 = EDGE_LOOP('',(#597));
#597 = ORIENTED_EDGE('',*,*,#598,.F.);
#598 = EDGE_CURVE('',#599,#599,#601,.T.);
#599 = VERTEX_POINT('',#600);
#600 = CARTESIAN_POINT('',(41.979060832963,15.690020726969,
    1.089320508076E+03));
#601 = SURFACE_CURVE('',#602,(#607,#614),.PCURVE_S1.);
#602 = CIRCLE('',#603,4.1);
#603 = AXIS2_PLACEMENT_3D('',#604,#605,#606);
#604 = CARTESIAN_POINT('',(37.879060832963,15.690020726969,
    1.089320508076E+03));
#605 = DIRECTION('',(0.,0.,1.));
#606 = DIRECTION('',(1.,0.,-0.));
#607 = PCURVE('',#146,#608);
#608 = DEFINITIONAL_REPRESENTATION('',(#609),#613);
#609 = CIRCLE('',#610,4.1);
#610 = AXIS2_PLACEMENT_2D('',#611,#612);
#611 = CARTESIAN_POINT('',(37.879060832963,15.690020726969));
#612 = DIRECTION('',(1.,0.));
#613 = ( GEOMETRIC_REPRESENTATION_CONTEXT(2) 
PARAMETRIC_REPRESENTATION_CONTEXT() REPRESENTATION_CONTEXT('2D SPACE',''
  ) );
#614 = PCURVE('',#615,#620);
#615 = CYLINDRICAL_SURFACE('',#616,4.1);
#616 = AXIS2_PLACEMENT_3D('',#617,#618,#619);
#617 = CARTESIAN_POINT('',(37.879060832963,15.690020726969,
    1.089320508076E+03));
#618 = DIRECTION('',(0.,0.,1.));
#619 = DIRECTION('',(1.,0.,-0.));
#620 = DEFINITIONAL_REPRESENTATION('',(#621),#625);
#621 = LINE('',#622,#623);
#622 = CARTESIAN_POINT('',(0.,0.));
#623 = VECTOR('',#624,1.);
#624 = DIRECTION('',(1.,0.));
#625 = ( GEOMETRIC_REPRESENTATION_CONTEXT(2) 
PARAMETRIC_REPRESENTATION_CONTEXT() REPRESENTATION_CONTEXT('2D SPACE',''
  ) );
#626 = FACE_BOUND('',#627,.F.);
#627 = EDGE_LOOP('',(#628));
#628 = ORIENTED_EDGE('',*,*,#629,.F.);
#629 = EDGE_CURVE('',#630,#630,#632,.T.);
#630 = VERTEX_POINT('',#631);
#631 = CARTESIAN_POINT('',(4.1,41.,1.089320508076E+03));
#632 = SURFACE_CURVE('',#633,(#638,#645),.PCURVE_S1.);
#633 = CIRCLE('',#634,4.1);
#634 = AXIS2_PLACEMENT_3D('',#635,#636,#637);
#635 = CARTESIAN_POINT('',(2.510525938252E-15,41.,1.089320508076E+03));
#636 = DIRECTION('',(0.,0.,1.));
#637 = DIRECTION('',(1.,0.,-0.));
#638 = PCURVE('',#146,#639);
#639 = DEFINITIONAL_REPRESENTATION('',(#640),#644);
#640 = CIRCLE('',#641,4.1);
#641 = AXIS2_PLACEMENT_2D('',#642,#643);
#642 = CARTESIAN_POINT('',(2.510525938252E-15,41.));
#643 = DIRECTION('',(1.,0.));
#644 = ( GEOMETRIC_REPRESENTATION_CONTEXT(2) 
PARAMETRIC_REPRESENTATION_CONTEXT() REPRESENTATION_CONTEXT('2D SPACE',''
  ) );
#645 = PCURVE('',#646,#651);
#646 = CYLINDRICAL_SURFACE('',#647,4.1);
#647 = AXIS2_PLACEMENT_3D('',#648,#649,#650);
#648 = CARTESIAN_POINT('',(2.510525938252E-15,41.,1.089320508076E+03));
#649 = DIRECTION('',(0.,0.,1.));
#650 = DIRECTION('',(1.,0.,-0.));
#651 = DEFINITIONAL_REPRESENTATION('',(#652),#656);
#652 = LINE('',#653,#654);
#653 = CARTESIAN_POINT('',(0.,0.));
#654 = VECTOR('',#655,1.);
#655 = DIRECTION('',(1.,0.));
#656 = ( GEOMETRIC_REPRESENTATION_CONTEXT(2) 
PARAMETRIC_REPRESENTATION_CONTEXT() REPRESENTATION_CONTEXT('2D SPACE',''
  ) );
#657 = FACE_BOUND('',#658,.F.);
#658 = EDGE_LOOP('',(#659));
#659 = ORIENTED_EDGE('',*,*,#660,.F.);
#660 = EDGE_CURVE('',#661,#661,#663,.T.);
#661 = VERTEX_POINT('',#662);
#662 = CARTESIAN_POINT('',(19.790020726969,37.879060832963,
    1.089320508076E+03));
#663 = SURFACE_CURVE('',#664,(#669,#676),.PCURVE_S1.);
#664 = CIRCLE('',#665,4.1);
#665 = AXIS2_PLACEMENT_3D('',#666,#667,#668);
#666 = CARTESIAN_POINT('',(15.690020726969,37.879060832963,
    1.089320508076E+03));
#667 = DIRECTION('',(0.,0.,1.));
#668 = DIRECTION('',(1.,0.,-0.));
#669 = PCURVE('',#146,#670);
#670 = DEFINITIONAL_REPRESENTATION('',(#671),#675);
#671 = CIRCLE('',#672,4.1);
#672 = AXIS2_PLACEMENT_2D('',#673,#674);
#673 = CARTESIAN_POINT('',(15.690020726969,37.879060832963));
#674 = DIRECTION('',(1.,0.));
#675 = ( GEOMETRIC_REPRESENTATION_CONTEXT(2) 
PARAMETRIC_REPRESENTATION_CONTEXT() REPRESENTATION_CONTEXT('2D SPACE',''
  ) );
#676 = PCURVE('',#677,#682);
#677 = CYLINDRICAL_SURFACE('',#678,4.1);
#678 = AXIS2_PLACEMENT_3D('',#679,#680,#681);
#679 = CARTESIAN_POINT('',(15.690020726969,37.879060832963,
    1.089320508076E+03));
#680 = DIRECTION('',(0.,0.,1.));
#681 = DIRECTION('',(1.,0.,-0.));
#682 = DEFINITIONAL_REPRESENTATION('',(#683),#687);
#683 = LINE('',#684,#685);
#684 = CARTESIAN_POINT('',(0.,0.));
#685 = VECTOR('',#686,1.);
#686 = DIRECTION('',(1.,0.));
#687 = ( GEOMETRIC_REPRESENTATION_CONTEXT(2) 
PARAMETRIC_REPRESENTATION_CONTEXT() REPRESENTATION_CONTEXT('2D SPACE',''
  ) );
#688 = FACE_BOUND('',#689,.F.);
#689 = EDGE_LOOP('',(#690));
#690 = ORIENTED_EDGE('',*,*,#691,.F.);
#691 = EDGE_CURVE('',#692,#692,#694,.T.);
#692 = VERTEX_POINT('',#693);
#693 = CARTESIAN_POINT('',(33.091378028648,28.991378028648,
    1.089320508076E+03));
#694 = SURFACE_CURVE('',#695,(#700,#707),.PCURVE_S1.);
#695 = CIRCLE('',#696,4.1);
#696 = AXIS2_PLACEMENT_3D('',#697,#698,#699);
#697 = CARTESIAN_POINT('',(28.991378028648,28.991378028648,
    1.089320508076E+03));
#698 = DIRECTION('',(0.,0.,1.));
#699 = DIRECTION('',(1.,0.,-0.));
#700 = PCURVE('',#146,#701);
#701 = DEFINITIONAL_REPRESENTATION('',(#702),#706);
#702 = CIRCLE('',#703,4.1);
#703 = AXIS2_PLACEMENT_2D('',#704,#705);
#704 = CARTESIAN_POINT('',(28.991378028648,28.991378028648));
#705 = DIRECTION('',(1.,0.));
#706 = ( GEOMETRIC_REPRESENTATION_CONTEXT(2) 
PARAMETRIC_REPRESENTATION_CONTEXT() REPRESENTATION_CONTEXT('2D SPACE',''
  ) );
#707 = PCURVE('',#708,#713);
#708 = CYLINDRICAL_SURFACE('',#709,4.1);
#709 = AXIS2_PLACEMENT_3D('',#710,#711,#712);
#710 = CARTESIAN_POINT('',(28.991378028648,28.991378028648,
    1.089320508076E+03));
#711 = DIRECTION('',(0.,0.,1.));
#712 = DIRECTION('',(1.,0.,-0.));
#713 = DEFINITIONAL_REPRESENTATION('',(#714),#718);
#714 = LINE('',#715,#716);
#715 = CARTESIAN_POINT('',(0.,0.));
#716 = VECTOR('',#717,1.);
#717 = DIRECTION('',(1.,0.));
#718 = ( GEOMETRIC_REPRESENTATION_CONTEXT(2) 
PARAMETRIC_REPRESENTATION_CONTEXT() REPRESENTATION_CONTEXT('2D SPACE',''
  ) );
#719 = ADVANCED_FACE('',(#720),#182,.F.);
#720 = FACE_BOUND('',#721,.F.);
#721 = EDGE_LOOP('',(#722,#723,#744,#745));
#722 = ORIENTED_EDGE('',*,*,#165,.F.);
#723 = ORIENTED_EDGE('',*,*,#724,.F.);
#724 = EDGE_CURVE('',#542,#166,#725,.T.);
#725 = SEAM_CURVE('',#726,(#730,#737),.PCURVE_S1.);
#726 = LINE('',#727,#728);
#727 = CARTESIAN_POINT('',(11.,-2.694222958124E-15,1.088320508076E+03));
#728 = VECTOR('',#729,1.);
#729 = DIRECTION('',(0.,0.,1.));
#730 = PCURVE('',#182,#731);
#731 = DEFINITIONAL_REPRESENTATION('',(#732),#736);
#732 = LINE('',#733,#734);
#733 = CARTESIAN_POINT('',(6.28318530718,-0.));
#734 = VECTOR('',#735,1.);
#735 = DIRECTION('',(0.,1.));
#736 = ( GEOMETRIC_REPRESENTATION_CONTEXT(2) 
PARAMETRIC_REPRESENTATION_CONTEXT() REPRESENTATION_CONTEXT('2D SPACE',''
  ) );
#737 = PCURVE('',#182,#738);
#738 = DEFINITIONAL_REPRESENTATION('',(#739),#743);
#739 = LINE('',#740,#741);
#740 = CARTESIAN_POINT('',(0.,-0.));
#741 = VECTOR('',#742,1.);
#742 = DIRECTION('',(0.,1.));
#743 = ( GEOMETRIC_REPRESENTATION_CONTEXT(2) 
PARAMETRIC_REPRESENTATION_CONTEXT() REPRESENTATION_CONTEXT('2D SPACE',''
  ) );
#744 = ORIENTED_EDGE('',*,*,#541,.T.);
#745 = ORIENTED_EDGE('',*,*,#724,.T.);
#746 = ADVANCED_FACE('',(#747),#217,.F.);
#747 = FACE_BOUND('',#748,.F.);
#748 = EDGE_LOOP('',(#749,#778,#799,#800));
#749 = ORIENTED_EDGE('',*,*,#750,.F.);
#750 = EDGE_CURVE('',#751,#751,#753,.T.);
#751 = VERTEX_POINT('',#752);
#752 = CARTESIAN_POINT('',(-24.89137802864,-28.99137802864,
    1.094320508076E+03));
#753 = SURFACE_CURVE('',#754,(#759,#766),.PCURVE_S1.);
#754 = CIRCLE('',#755,4.1);
#755 = AXIS2_PLACEMENT_3D('',#756,#757,#758);
#756 = CARTESIAN_POINT('',(-28.99137802864,-28.99137802864,
    1.094320508076E+03));
#757 = DIRECTION('',(0.,0.,1.));
#758 = DIRECTION('',(1.,0.,-0.));
#759 = PCURVE('',#217,#760);
#760 = DEFINITIONAL_REPRESENTATION('',(#761),#765);
#761 = LINE('',#762,#763);
#762 = CARTESIAN_POINT('',(0.,5.));
#763 = VECTOR('',#764,1.);
#764 = DIRECTION('',(1.,0.));
#765 = ( GEOMETRIC_REPRESENTATION_CONTEXT(2) 
PARAMETRIC_REPRESENTATION_CONTEXT() REPRESENTATION_CONTEXT('2D SPACE',''
  ) );
#766 = PCURVE('',#767,#772);
#767 = PLANE('',#768);
#768 = AXIS2_PLACEMENT_3D('',#769,#770,#771);
#769 = CARTESIAN_POINT('',(-28.99137802864,-28.99137802864,
    1.094320508076E+03));
#770 = DIRECTION('',(0.,0.,1.));
#771 = DIRECTION('',(1.,0.,-0.));
#772 = DEFINITIONAL_REPRESENTATION('',(#773),#777);
#773 = CIRCLE('',#774,4.1);
#774 = AXIS2_PLACEMENT_2D('',#775,#776);
#775 = CARTESIAN_POINT('',(0.,0.));
#776 = DIRECTION('',(1.,0.));
#777 = ( GEOMETRIC_REPRESENTATION_CONTEXT(2) 
PARAMETRIC_REPRESENTATION_CONTEXT() REPRESENTATION_CONTEXT('2D SPACE',''
  ) );
#778 = ORIENTED_EDGE('',*,*,#779,.F.);
#779 = EDGE_CURVE('',#201,#751,#780,.T.);
#780 = SEAM_CURVE('',#781,(#785,#792),.PCURVE_S1.);
#781 = LINE('',#782,#783);
#782 = CARTESIAN_POINT('',(-24.89137802864,-28.99137802864,
    1.089320508076E+03));
#783 = VECTOR('',#784,1.);
#784 = DIRECTION('',(0.,0.,1.));
#785 = PCURVE('',#217,#786);
#786 = DEFINITIONAL_REPRESENTATION('',(#787),#791);
#787 = LINE('',#788,#789);
#788 = CARTESIAN_POINT('',(6.28318530718,-0.));
#789 = VECTOR('',#790,1.);
#790 = DIRECTION('',(0.,1.));
#791 = ( GEOMETRIC_REPRESENTATION_CONTEXT(2) 
PARAMETRIC_REPRESENTATION_CONTEXT() REPRESENTATION_CONTEXT('2D SPACE',''
  ) );
#792 = PCURVE('',#217,#793);
#793 = DEFINITIONAL_REPRESENTATION('',(#794),#798);
#794 = LINE('',#795,#796);
#795 = CARTESIAN_POINT('',(0.,-0.));
#796 = VECTOR('',#797,1.);
#797 = DIRECTION('',(0.,1.));
#798 = ( GEOMETRIC_REPRESENTATION_CONTEXT(2) 
PARAMETRIC_REPRESENTATION_CONTEXT() REPRESENTATION_CONTEXT('2D SPACE',''
  ) );
#799 = ORIENTED_EDGE('',*,*,#200,.T.);
#800 = ORIENTED_EDGE('',*,*,#779,.T.);
#801 = ADVANCED_FACE('',(#802),#248,.F.);
#802 = FACE_BOUND('',#803,.F.);
#803 = EDGE_LOOP('',(#804,#833,#854,#855));
#804 = ORIENTED_EDGE('',*,*,#805,.F.);
#805 = EDGE_CURVE('',#806,#806,#808,.T.);
#806 = VERTEX_POINT('',#807);
#807 = CARTESIAN_POINT('',(-11.59002072696,-37.87906083296,
    1.094320508076E+03));
#808 = SURFACE_CURVE('',#809,(#814,#821),.PCURVE_S1.);
#809 = CIRCLE('',#810,4.1);
#810 = AXIS2_PLACEMENT_3D('',#811,#812,#813);
#811 = CARTESIAN_POINT('',(-15.69002072696,-37.87906083296,
    1.094320508076E+03));
#812 = DIRECTION('',(0.,0.,1.));
#813 = DIRECTION('',(1.,0.,-0.));
#814 = PCURVE('',#248,#815);
#815 = DEFINITIONAL_REPRESENTATION('',(#816),#820);
#816 = LINE('',#817,#818);
#817 = CARTESIAN_POINT('',(0.,5.));
#818 = VECTOR('',#819,1.);
#819 = DIRECTION('',(1.,0.));
#820 = ( GEOMETRIC_REPRESENTATION_CONTEXT(2) 
PARAMETRIC_REPRESENTATION_CONTEXT() REPRESENTATION_CONTEXT('2D SPACE',''
  ) );
#821 = PCURVE('',#822,#827);
#822 = PLANE('',#823);
#823 = AXIS2_PLACEMENT_3D('',#824,#825,#826);
#824 = CARTESIAN_POINT('',(-15.69002072696,-37.87906083296,
    1.094320508076E+03));
#825 = DIRECTION('',(0.,0.,1.));
#826 = DIRECTION('',(1.,0.,-0.));
#827 = DEFINITIONAL_REPRESENTATION('',(#828),#832);
#828 = CIRCLE('',#829,4.1);
#829 = AXIS2_PLACEMENT_2D('',#830,#831);
#830 = CARTESIAN_POINT('',(0.,0.));
#831 = DIRECTION('',(1.,0.));
#832 = ( GEOMETRIC_REPRESENTATION_CONTEXT(2) 
PARAMETRIC_REPRESENTATION_CONTEXT() REPRESENTATION_CONTEXT('2D SPACE',''
  ) );
#833 = ORIENTED_EDGE('',*,*,#834,.F.);
#834 = EDGE_CURVE('',#232,#806,#835,.T.);
#835 = SEAM_CURVE('',#836,(#840,#847),.PCURVE_S1.);
#836 = LINE('',#837,#838);
#837 = CARTESIAN_POINT('',(-11.59002072696,-37.87906083296,
    1.089320508076E+03));
#838 = VECTOR('',#839,1.);
#839 = DIRECTION('',(0.,0.,1.));
#840 = PCURVE('',#248,#841);
#841 = DEFINITIONAL_REPRESENTATION('',(#842),#846);
#842 = LINE('',#843,#844);
#843 = CARTESIAN_POINT('',(6.28318530718,-0.));
#844 = VECTOR('',#845,1.);
#845 = DIRECTION('',(0.,1.));
#846 = ( GEOMETRIC_REPRESENTATION_CONTEXT(2) 
PARAMETRIC_REPRESENTATION_CONTEXT() REPRESENTATION_CONTEXT('2D SPACE',''
  ) );
#847 = PCURVE('',#248,#848);
#848 = DEFINITIONAL_REPRESENTATION('',(#849),#853);
#849 = LINE('',#850,#851);
#850 = CARTESIAN_POINT('',(0.,-0.));
#851 = VECTOR('',#852,1.);
#852 = DIRECTION('',(0.,1.));
#853 = ( GEOMETRIC_REPRESENTATION_CONTEXT(2) 
PARAMETRIC_REPRESENTATION_CONTEXT() REPRESENTATION_CONTEXT('2D SPACE',''
  ) );
#854 = ORIENTED_EDGE('',*,*,#231,.T.);
#855 = ORIENTED_EDGE('',*,*,#834,.T.);
#856 = ADVANCED_FACE('',(#857),#279,.F.);
#857 = FACE_BOUND('',#858,.F.);
#858 = EDGE_LOOP('',(#859,#888,#909,#910));
#859 = ORIENTED_EDGE('',*,*,#860,.F.);
#860 = EDGE_CURVE('',#861,#861,#863,.T.);
#861 = VERTEX_POINT('',#862);
#862 = CARTESIAN_POINT('',(4.1,-41.,1.094320508076E+03));
#863 = SURFACE_CURVE('',#864,(#869,#876),.PCURVE_S1.);
#864 = CIRCLE('',#865,4.1);
#865 = AXIS2_PLACEMENT_3D('',#866,#867,#868);
#866 = CARTESIAN_POINT('',(-7.531577814756E-15,-41.,1.094320508076E+03)
  );
#867 = DIRECTION('',(0.,0.,1.));
#868 = DIRECTION('',(1.,0.,-0.));
#869 = PCURVE('',#279,#870);
#870 = DEFINITIONAL_REPRESENTATION('',(#871),#875);
#871 = LINE('',#872,#873);
#872 = CARTESIAN_POINT('',(0.,5.));
#873 = VECTOR('',#874,1.);
#874 = DIRECTION('',(1.,0.));
#875 = ( GEOMETRIC_REPRESENTATION_CONTEXT(2) 
PARAMETRIC_REPRESENTATION_CONTEXT() REPRESENTATION_CONTEXT('2D SPACE',''
  ) );
#876 = PCURVE('',#877,#882);
#877 = PLANE('',#878);
#878 = AXIS2_PLACEMENT_3D('',#879,#880,#881);
#879 = CARTESIAN_POINT('',(-7.531577814756E-15,-41.,1.094320508076E+03)
  );
#880 = DIRECTION('',(0.,0.,1.));
#881 = DIRECTION('',(1.,0.,-0.));
#882 = DEFINITIONAL_REPRESENTATION('',(#883),#887);
#883 = CIRCLE('',#884,4.1);
#884 = AXIS2_PLACEMENT_2D('',#885,#886);
#885 = CARTESIAN_POINT('',(0.,0.));
#886 = DIRECTION('',(1.,0.));
#887 = ( GEOMETRIC_REPRESENTATION_CONTEXT(2) 
PARAMETRIC_REPRESENTATION_CONTEXT() REPRESENTATION_CONTEXT('2D SPACE',''
  ) );
#888 = ORIENTED_EDGE('',*,*,#889,.F.);
#889 = EDGE_CURVE('',#263,#861,#890,.T.);
#890 = SEAM_CURVE('',#891,(#895,#902),.PCURVE_S1.);
#891 = LINE('',#892,#893);
#892 = CARTESIAN_POINT('',(4.1,-41.,1.089320508076E+03));
#893 = VECTOR('',#894,1.);
#894 = DIRECTION('',(0.,0.,1.));
#895 = PCURVE('',#279,#896);
#896 = DEFINITIONAL_REPRESENTATION('',(#897),#901);
#897 = LINE('',#898,#899);
#898 = CARTESIAN_POINT('',(6.28318530718,-0.));
#899 = VECTOR('',#900,1.);
#900 = DIRECTION('',(0.,1.));
#901 = ( GEOMETRIC_REPRESENTATION_CONTEXT(2) 
PARAMETRIC_REPRESENTATION_CONTEXT() REPRESENTATION_CONTEXT('2D SPACE',''
  ) );
#902 = PCURVE('',#279,#903);
#903 = DEFINITIONAL_REPRESENTATION('',(#904),#908);
#904 = LINE('',#905,#906);
#905 = CARTESIAN_POINT('',(0.,-0.));
#906 = VECTOR('',#907,1.);
#907 = DIRECTION('',(0.,1.));
#908 = ( GEOMETRIC_REPRESENTATION_CONTEXT(2) 
PARAMETRIC_REPRESENTATION_CONTEXT() REPRESENTATION_CONTEXT('2D SPACE',''
  ) );
#909 = ORIENTED_EDGE('',*,*,#262,.T.);
#910 = ORIENTED_EDGE('',*,*,#889,.T.);
#911 = ADVANCED_FACE('',(#912),#310,.F.);
#912 = FACE_BOUND('',#913,.F.);
#913 = EDGE_LOOP('',(#914,#943,#964,#965));
#914 = ORIENTED_EDGE('',*,*,#915,.F.);
#915 = EDGE_CURVE('',#916,#916,#918,.T.);
#916 = VERTEX_POINT('',#917);
#917 = CARTESIAN_POINT('',(-33.77906083296,-15.69002072696,
    1.094320508076E+03));
#918 = SURFACE_CURVE('',#919,(#924,#931),.PCURVE_S1.);
#919 = CIRCLE('',#920,4.1);
#920 = AXIS2_PLACEMENT_3D('',#921,#922,#923);
#921 = CARTESIAN_POINT('',(-37.87906083296,-15.69002072696,
    1.094320508076E+03));
#922 = DIRECTION('',(0.,0.,1.));
#923 = DIRECTION('',(1.,0.,-0.));
#924 = PCURVE('',#310,#925);
#925 = DEFINITIONAL_REPRESENTATION('',(#926),#930);
#926 = LINE('',#927,#928);
#927 = CARTESIAN_POINT('',(0.,5.));
#928 = VECTOR('',#929,1.);
#929 = DIRECTION('',(1.,0.));
#930 = ( GEOMETRIC_REPRESENTATION_CONTEXT(2) 
PARAMETRIC_REPRESENTATION_CONTEXT() REPRESENTATION_CONTEXT('2D SPACE',''
  ) );
#931 = PCURVE('',#932,#937);
#932 = PLANE('',#933);
#933 = AXIS2_PLACEMENT_3D('',#934,#935,#936);
#934 = CARTESIAN_POINT('',(-37.87906083296,-15.69002072696,
    1.094320508076E+03));
#935 = DIRECTION('',(0.,0.,1.));
#936 = DIRECTION('',(1.,0.,-0.));
#937 = DEFINITIONAL_REPRESENTATION('',(#938),#942);
#938 = CIRCLE('',#939,4.1);
#939 = AXIS2_PLACEMENT_2D('',#940,#941);
#940 = CARTESIAN_POINT('',(0.,0.));
#941 = DIRECTION('',(1.,0.));
#942 = ( GEOMETRIC_REPRESENTATION_CONTEXT(2) 
PARAMETRIC_REPRESENTATION_CONTEXT() REPRESENTATION_CONTEXT('2D SPACE',''
  ) );
#943 = ORIENTED_EDGE('',*,*,#944,.F.);
#944 = EDGE_CURVE('',#294,#916,#945,.T.);
#945 = SEAM_CURVE('',#946,(#950,#957),.PCURVE_S1.);
#946 = LINE('',#947,#948);
#947 = CARTESIAN_POINT('',(-33.77906083296,-15.69002072696,
    1.089320508076E+03));
#948 = VECTOR('',#949,1.);
#949 = DIRECTION('',(0.,0.,1.));
#950 = PCURVE('',#310,#951);
#951 = DEFINITIONAL_REPRESENTATION('',(#952),#956);
#952 = LINE('',#953,#954);
#953 = CARTESIAN_POINT('',(6.28318530718,-0.));
#954 = VECTOR('',#955,1.);
#955 = DIRECTION('',(0.,1.));
#956 = ( GEOMETRIC_REPRESENTATION_CONTEXT(2) 
PARAMETRIC_REPRESENTATION_CONTEXT() REPRESENTATION_CONTEXT('2D SPACE',''
  ) );
#957 = PCURVE('',#310,#958);
#958 = DEFINITIONAL_REPRESENTATION('',(#959),#963);
#959 = LINE('',#960,#961);
#960 = CARTESIAN_POINT('',(0.,-0.));
#961 = VECTOR('',#962,1.);
#962 = DIRECTION('',(0.,1.));
#963 = ( GEOMETRIC_REPRESENTATION_CONTEXT(2) 
PARAMETRIC_REPRESENTATION_CONTEXT() REPRESENTATION_CONTEXT('2D SPACE',''
  ) );
#964 = ORIENTED_EDGE('',*,*,#293,.T.);
#965 = ORIENTED_EDGE('',*,*,#944,.T.);
#966 = ADVANCED_FACE('',(#967),#341,.F.);
#967 = FACE_BOUND('',#968,.F.);
#968 = EDGE_LOOP('',(#969,#998,#1019,#1020));
#969 = ORIENTED_EDGE('',*,*,#970,.F.);
#970 = EDGE_CURVE('',#971,#971,#973,.T.);
#971 = VERTEX_POINT('',#972);
#972 = CARTESIAN_POINT('',(19.790020726969,-37.87906083296,
    1.094320508076E+03));
#973 = SURFACE_CURVE('',#974,(#979,#986),.PCURVE_S1.);
#974 = CIRCLE('',#975,4.1);
#975 = AXIS2_PLACEMENT_3D('',#976,#977,#978);
#976 = CARTESIAN_POINT('',(15.690020726969,-37.87906083296,
    1.094320508076E+03));
#977 = DIRECTION('',(0.,0.,1.));
#978 = DIRECTION('',(1.,0.,-0.));
#979 = PCURVE('',#341,#980);
#980 = DEFINITIONAL_REPRESENTATION('',(#981),#985);
#981 = LINE('',#982,#983);
#982 = CARTESIAN_POINT('',(0.,5.));
#983 = VECTOR('',#984,1.);
#984 = DIRECTION('',(1.,0.));
#985 = ( GEOMETRIC_REPRESENTATION_CONTEXT(2) 
PARAMETRIC_REPRESENTATION_CONTEXT() REPRESENTATION_CONTEXT('2D SPACE',''
  ) );
#986 = PCURVE('',#987,#992);
#987 = PLANE('',#988);
#988 = AXIS2_PLACEMENT_3D('',#989,#990,#991);
#989 = CARTESIAN_POINT('',(15.690020726969,-37.87906083296,
    1.094320508076E+03));
#990 = DIRECTION('',(0.,0.,1.));
#991 = DIRECTION('',(1.,0.,-0.));
#992 = DEFINITIONAL_REPRESENTATION('',(#993),#997);
#993 = CIRCLE('',#994,4.1);
#994 = AXIS2_PLACEMENT_2D('',#995,#996);
#995 = CARTESIAN_POINT('',(0.,0.));
#996 = DIRECTION('',(1.,0.));
#997 = ( GEOMETRIC_REPRESENTATION_CONTEXT(2) 
PARAMETRIC_REPRESENTATION_CONTEXT() REPRESENTATION_CONTEXT('2D SPACE',''
  ) );
#998 = ORIENTED_EDGE('',*,*,#999,.F.);
#999 = EDGE_CURVE('',#325,#971,#1000,.T.);
#1000 = SEAM_CURVE('',#1001,(#1005,#1012),.PCURVE_S1.);
#1001 = LINE('',#1002,#1003);
#1002 = CARTESIAN_POINT('',(19.790020726969,-37.87906083296,
    1.089320508076E+03));
#1003 = VECTOR('',#1004,1.);
#1004 = DIRECTION('',(0.,0.,1.));
#1005 = PCURVE('',#341,#1006);
#1006 = DEFINITIONAL_REPRESENTATION('',(#1007),#1011);
#1007 = LINE('',#1008,#1009);
#1008 = CARTESIAN_POINT('',(6.28318530718,-0.));
#1009 = VECTOR('',#1010,1.);
#1010 = DIRECTION('',(0.,1.));
#1011 = ( GEOMETRIC_REPRESENTATION_CONTEXT(2) 
PARAMETRIC_REPRESENTATION_CONTEXT() REPRESENTATION_CONTEXT('2D SPACE',''
  ) );
#1012 = PCURVE('',#341,#1013);
#1013 = DEFINITIONAL_REPRESENTATION('',(#1014),#1018);
#1014 = LINE('',#1015,#1016);
#1015 = CARTESIAN_POINT('',(0.,-0.));
#1016 = VECTOR('',#1017,1.);
#1017 = DIRECTION('',(0.,1.));
#1018 = ( GEOMETRIC_REPRESENTATION_CONTEXT(2) 
PARAMETRIC_REPRESENTATION_CONTEXT() REPRESENTATION_CONTEXT('2D SPACE',''
  ) );
#1019 = ORIENTED_EDGE('',*,*,#324,.T.);
#1020 = ORIENTED_EDGE('',*,*,#999,.T.);
#1021 = ADVANCED_FACE('',(#1022),#372,.F.);
#1022 = FACE_BOUND('',#1023,.F.);
#1023 = EDGE_LOOP('',(#1024,#1053,#1074,#1075));
#1024 = ORIENTED_EDGE('',*,*,#1025,.F.);
#1025 = EDGE_CURVE('',#1026,#1026,#1028,.T.);
#1026 = VERTEX_POINT('',#1027);
#1027 = CARTESIAN_POINT('',(33.091378028648,-28.99137802864,
    1.094320508076E+03));
#1028 = SURFACE_CURVE('',#1029,(#1034,#1041),.PCURVE_S1.);
#1029 = CIRCLE('',#1030,4.1);
#1030 = AXIS2_PLACEMENT_3D('',#1031,#1032,#1033);
#1031 = CARTESIAN_POINT('',(28.991378028648,-28.99137802864,
    1.094320508076E+03));
#1032 = DIRECTION('',(0.,0.,1.));
#1033 = DIRECTION('',(1.,0.,-0.));
#1034 = PCURVE('',#372,#1035);
#1035 = DEFINITIONAL_REPRESENTATION('',(#1036),#1040);
#1036 = LINE('',#1037,#1038);
#1037 = CARTESIAN_POINT('',(0.,5.));
#1038 = VECTOR('',#1039,1.);
#1039 = DIRECTION('',(1.,0.));
#1040 = ( GEOMETRIC_REPRESENTATION_CONTEXT(2) 
PARAMETRIC_REPRESENTATION_CONTEXT() REPRESENTATION_CONTEXT('2D SPACE',''
  ) );
#1041 = PCURVE('',#1042,#1047);
#1042 = PLANE('',#1043);
#1043 = AXIS2_PLACEMENT_3D('',#1044,#1045,#1046);
#1044 = CARTESIAN_POINT('',(28.991378028648,-28.99137802864,
    1.094320508076E+03));
#1045 = DIRECTION('',(0.,0.,1.));
#1046 = DIRECTION('',(1.,0.,-0.));
#1047 = DEFINITIONAL_REPRESENTATION('',(#1048),#1052);
#1048 = CIRCLE('',#1049,4.1);
#1049 = AXIS2_PLACEMENT_2D('',#1050,#1051);
#1050 = CARTESIAN_POINT('',(0.,0.));
#1051 = DIRECTION('',(1.,0.));
#1052 = ( GEOMETRIC_REPRESENTATION_CONTEXT(2) 
PARAMETRIC_REPRESENTATION_CONTEXT() REPRESENTATION_CONTEXT('2D SPACE',''
  ) );
#1053 = ORIENTED_EDGE('',*,*,#1054,.F.);
#1054 = EDGE_CURVE('',#356,#1026,#1055,.T.);
#1055 = SEAM_CURVE('',#1056,(#1060,#1067),.PCURVE_S1.);
#1056 = LINE('',#1057,#1058);
#1057 = CARTESIAN_POINT('',(33.091378028648,-28.99137802864,
    1.089320508076E+03));
#1058 = VECTOR('',#1059,1.);
#1059 = DIRECTION('',(0.,0.,1.));
#1060 = PCURVE('',#372,#1061);
#1061 = DEFINITIONAL_REPRESENTATION('',(#1062),#1066);
#1062 = LINE('',#1063,#1064);
#1063 = CARTESIAN_POINT('',(6.28318530718,-0.));
#1064 = VECTOR('',#1065,1.);
#1065 = DIRECTION('',(0.,1.));
#1066 = ( GEOMETRIC_REPRESENTATION_CONTEXT(2) 
PARAMETRIC_REPRESENTATION_CONTEXT() REPRESENTATION_CONTEXT('2D SPACE',''
  ) );
#1067 = PCURVE('',#372,#1068);
#1068 = DEFINITIONAL_REPRESENTATION('',(#1069),#1073);
#1069 = LINE('',#1070,#1071);
#1070 = CARTESIAN_POINT('',(0.,-0.));
#1071 = VECTOR('',#1072,1.);
#1072 = DIRECTION('',(0.,1.));
#1073 = ( GEOMETRIC_REPRESENTATION_CONTEXT(2) 
PARAMETRIC_REPRESENTATION_CONTEXT() REPRESENTATION_CONTEXT('2D SPACE',''
  ) );
#1074 = ORIENTED_EDGE('',*,*,#355,.T.);
#1075 = ORIENTED_EDGE('',*,*,#1054,.T.);
#1076 = ADVANCED_FACE('',(#1077),#403,.F.);
#1077 = FACE_BOUND('',#1078,.F.);
#1078 = EDGE_LOOP('',(#1079,#1108,#1129,#1130));
#1079 = ORIENTED_EDGE('',*,*,#1080,.F.);
#1080 = EDGE_CURVE('',#1081,#1081,#1083,.T.);
#1081 = VERTEX_POINT('',#1082);
#1082 = CARTESIAN_POINT('',(41.979060832963,-15.69002072696,
    1.094320508076E+03));
#1083 = SURFACE_CURVE('',#1084,(#1089,#1096),.PCURVE_S1.);
#1084 = CIRCLE('',#1085,4.1);
#1085 = AXIS2_PLACEMENT_3D('',#1086,#1087,#1088);
#1086 = CARTESIAN_POINT('',(37.879060832963,-15.69002072696,
    1.094320508076E+03));
#1087 = DIRECTION('',(0.,0.,1.));
#1088 = DIRECTION('',(1.,0.,-0.));
#1089 = PCURVE('',#403,#1090);
#1090 = DEFINITIONAL_REPRESENTATION('',(#1091),#1095);
#1091 = LINE('',#1092,#1093);
#1092 = CARTESIAN_POINT('',(0.,5.));
#1093 = VECTOR('',#1094,1.);
#1094 = DIRECTION('',(1.,0.));
#1095 = ( GEOMETRIC_REPRESENTATION_CONTEXT(2) 
PARAMETRIC_REPRESENTATION_CONTEXT() REPRESENTATION_CONTEXT('2D SPACE',''
  ) );
#1096 = PCURVE('',#1097,#1102);
#1097 = PLANE('',#1098);
#1098 = AXIS2_PLACEMENT_3D('',#1099,#1100,#1101);
#1099 = CARTESIAN_POINT('',(37.879060832963,-15.69002072696,
    1.094320508076E+03));
#1100 = DIRECTION('',(0.,0.,1.));
#1101 = DIRECTION('',(1.,0.,-0.));
#1102 = DEFINITIONAL_REPRESENTATION('',(#1103),#1107);
#1103 = CIRCLE('',#1104,4.1);
#1104 = AXIS2_PLACEMENT_2D('',#1105,#1106);
#1105 = CARTESIAN_POINT('',(0.,0.));
#1106 = DIRECTION('',(1.,0.));
#1107 = ( GEOMETRIC_REPRESENTATION_CONTEXT(2) 
PARAMETRIC_REPRESENTATION_CONTEXT() REPRESENTATION_CONTEXT('2D SPACE',''
  ) );
#1108 = ORIENTED_EDGE('',*,*,#1109,.F.);
#1109 = EDGE_CURVE('',#387,#1081,#1110,.T.);
#1110 = SEAM_CURVE('',#1111,(#1115,#1122),.PCURVE_S1.);
#1111 = LINE('',#1112,#1113);
#1112 = CARTESIAN_POINT('',(41.979060832963,-15.69002072696,
    1.089320508076E+03));
#1113 = VECTOR('',#1114,1.);
#1114 = DIRECTION('',(0.,0.,1.));
#1115 = PCURVE('',#403,#1116);
#1116 = DEFINITIONAL_REPRESENTATION('',(#1117),#1121);
#1117 = LINE('',#1118,#1119);
#1118 = CARTESIAN_POINT('',(6.28318530718,-0.));
#1119 = VECTOR('',#1120,1.);
#1120 = DIRECTION('',(0.,1.));
#1121 = ( GEOMETRIC_REPRESENTATION_CONTEXT(2) 
PARAMETRIC_REPRESENTATION_CONTEXT() REPRESENTATION_CONTEXT('2D SPACE',''
  ) );
#1122 = PCURVE('',#403,#1123);
#1123 = DEFINITIONAL_REPRESENTATION('',(#1124),#1128);
#1124 = LINE('',#1125,#1126);
#1125 = CARTESIAN_POINT('',(0.,-0.));
#1126 = VECTOR('',#1127,1.);
#1127 = DIRECTION('',(0.,1.));
#1128 = ( GEOMETRIC_REPRESENTATION_CONTEXT(2) 
PARAMETRIC_REPRESENTATION_CONTEXT() REPRESENTATION_CONTEXT('2D SPACE',''
  ) );
#1129 = ORIENTED_EDGE('',*,*,#386,.T.);
#1130 = ORIENTED_EDGE('',*,*,#1109,.T.);
#1131 = ADVANCED_FACE('',(#1132),#434,.F.);
#1132 = FACE_BOUND('',#1133,.F.);
#1133 = EDGE_LOOP('',(#1134,#1163,#1184,#1185));
#1134 = ORIENTED_EDGE('',*,*,#1135,.F.);
#1135 = EDGE_CURVE('',#1136,#1136,#1138,.T.);
#1136 = VERTEX_POINT('',#1137);
#1137 = CARTESIAN_POINT('',(-36.9,4.016841501203E-15,1.094320508076E+03)
  );
#1138 = SURFACE_CURVE('',#1139,(#1144,#1151),.PCURVE_S1.);
#1139 = CIRCLE('',#1140,4.1);
#1140 = AXIS2_PLACEMENT_3D('',#1141,#1142,#1143);
#1141 = CARTESIAN_POINT('',(-41.,5.021051876504E-15,1.094320508076E+03)
  );
#1142 = DIRECTION('',(0.,0.,1.));
#1143 = DIRECTION('',(1.,0.,-0.));
#1144 = PCURVE('',#434,#1145);
#1145 = DEFINITIONAL_REPRESENTATION('',(#1146),#1150);
#1146 = LINE('',#1147,#1148);
#1147 = CARTESIAN_POINT('',(0.,5.));
#1148 = VECTOR('',#1149,1.);
#1149 = DIRECTION('',(1.,0.));
#1150 = ( GEOMETRIC_REPRESENTATION_CONTEXT(2) 
PARAMETRIC_REPRESENTATION_CONTEXT() REPRESENTATION_CONTEXT('2D SPACE',''
  ) );
#1151 = PCURVE('',#1152,#1157);
#1152 = PLANE('',#1153);
#1153 = AXIS2_PLACEMENT_3D('',#1154,#1155,#1156);
#1154 = CARTESIAN_POINT('',(-41.,5.021051876504E-15,1.094320508076E+03)
  );
#1155 = DIRECTION('',(0.,0.,1.));
#1156 = DIRECTION('',(1.,0.,-0.));
#1157 = DEFINITIONAL_REPRESENTATION('',(#1158),#1162);
#1158 = CIRCLE('',#1159,4.1);
#1159 = AXIS2_PLACEMENT_2D('',#1160,#1161);
#1160 = CARTESIAN_POINT('',(0.,0.));
#1161 = DIRECTION('',(1.,0.));
#1162 = ( GEOMETRIC_REPRESENTATION_CONTEXT(2) 
PARAMETRIC_REPRESENTATION_CONTEXT() REPRESENTATION_CONTEXT('2D SPACE',''
  ) );
#1163 = ORIENTED_EDGE('',*,*,#1164,.F.);
#1164 = EDGE_CURVE('',#418,#1136,#1165,.T.);
#1165 = SEAM_CURVE('',#1166,(#1170,#1177),.PCURVE_S1.);
#1166 = LINE('',#1167,#1168);
#1167 = CARTESIAN_POINT('',(-36.9,4.016841501203E-15,1.089320508076E+03)
  );
#1168 = VECTOR('',#1169,1.);
#1169 = DIRECTION('',(0.,0.,1.));
#1170 = PCURVE('',#434,#1171);
#1171 = DEFINITIONAL_REPRESENTATION('',(#1172),#1176);
#1172 = LINE('',#1173,#1174);
#1173 = CARTESIAN_POINT('',(6.28318530718,-0.));
#1174 = VECTOR('',#1175,1.);
#1175 = DIRECTION('',(0.,1.));
#1176 = ( GEOMETRIC_REPRESENTATION_CONTEXT(2) 
PARAMETRIC_REPRESENTATION_CONTEXT() REPRESENTATION_CONTEXT('2D SPACE',''
  ) );
#1177 = PCURVE('',#434,#1178);
#1178 = DEFINITIONAL_REPRESENTATION('',(#1179),#1183);
#1179 = LINE('',#1180,#1181);
#1180 = CARTESIAN_POINT('',(0.,-0.));
#1181 = VECTOR('',#1182,1.);
#1182 = DIRECTION('',(0.,1.));
#1183 = ( GEOMETRIC_REPRESENTATION_CONTEXT(2) 
PARAMETRIC_REPRESENTATION_CONTEXT() REPRESENTATION_CONTEXT('2D SPACE',''
  ) );
#1184 = ORIENTED_EDGE('',*,*,#417,.T.);
#1185 = ORIENTED_EDGE('',*,*,#1164,.T.);
#1186 = ADVANCED_FACE('',(#1187),#465,.F.);
#1187 = FACE_BOUND('',#1188,.F.);
#1188 = EDGE_LOOP('',(#1189,#1218,#1239,#1240));
#1189 = ORIENTED_EDGE('',*,*,#1190,.F.);
#1190 = EDGE_CURVE('',#1191,#1191,#1193,.T.);
#1191 = VERTEX_POINT('',#1192);
#1192 = CARTESIAN_POINT('',(-33.77906083296,15.690020726969,
    1.094320508076E+03));
#1193 = SURFACE_CURVE('',#1194,(#1199,#1206),.PCURVE_S1.);
#1194 = CIRCLE('',#1195,4.1);
#1195 = AXIS2_PLACEMENT_3D('',#1196,#1197,#1198);
#1196 = CARTESIAN_POINT('',(-37.87906083296,15.690020726969,
    1.094320508076E+03));
#1197 = DIRECTION('',(0.,0.,1.));
#1198 = DIRECTION('',(1.,0.,-0.));
#1199 = PCURVE('',#465,#1200);
#1200 = DEFINITIONAL_REPRESENTATION('',(#1201),#1205);
#1201 = LINE('',#1202,#1203);
#1202 = CARTESIAN_POINT('',(0.,5.));
#1203 = VECTOR('',#1204,1.);
#1204 = DIRECTION('',(1.,0.));
#1205 = ( GEOMETRIC_REPRESENTATION_CONTEXT(2) 
PARAMETRIC_REPRESENTATION_CONTEXT() REPRESENTATION_CONTEXT('2D SPACE',''
  ) );
#1206 = PCURVE('',#1207,#1212);
#1207 = PLANE('',#1208);
#1208 = AXIS2_PLACEMENT_3D('',#1209,#1210,#1211);
#1209 = CARTESIAN_POINT('',(-37.87906083296,15.690020726969,
    1.094320508076E+03));
#1210 = DIRECTION('',(0.,0.,1.));
#1211 = DIRECTION('',(1.,0.,-0.));
#1212 = DEFINITIONAL_REPRESENTATION('',(#1213),#1217);
#1213 = CIRCLE('',#1214,4.1);
#1214 = AXIS2_PLACEMENT_2D('',#1215,#1216);
#1215 = CARTESIAN_POINT('',(0.,0.));
#1216 = DIRECTION('',(1.,0.));
#1217 = ( GEOMETRIC_REPRESENTATION_CONTEXT(2) 
PARAMETRIC_REPRESENTATION_CONTEXT() REPRESENTATION_CONTEXT('2D SPACE',''
  ) );
#1218 = ORIENTED_EDGE('',*,*,#1219,.F.);
#1219 = EDGE_CURVE('',#449,#1191,#1220,.T.);
#1220 = SEAM_CURVE('',#1221,(#1225,#1232),.PCURVE_S1.);
#1221 = LINE('',#1222,#1223);
#1222 = CARTESIAN_POINT('',(-33.77906083296,15.690020726969,
    1.089320508076E+03));
#1223 = VECTOR('',#1224,1.);
#1224 = DIRECTION('',(0.,0.,1.));
#1225 = PCURVE('',#465,#1226);
#1226 = DEFINITIONAL_REPRESENTATION('',(#1227),#1231);
#1227 = LINE('',#1228,#1229);
#1228 = CARTESIAN_POINT('',(6.28318530718,-0.));
#1229 = VECTOR('',#1230,1.);
#1230 = DIRECTION('',(0.,1.));
#1231 = ( GEOMETRIC_REPRESENTATION_CONTEXT(2) 
PARAMETRIC_REPRESENTATION_CONTEXT() REPRESENTATION_CONTEXT('2D SPACE',''
  ) );
#1232 = PCURVE('',#465,#1233);
#1233 = DEFINITIONAL_REPRESENTATION('',(#1234),#1238);
#1234 = LINE('',#1235,#1236);
#1235 = CARTESIAN_POINT('',(0.,-0.));
#1236 = VECTOR('',#1237,1.);
#1237 = DIRECTION('',(0.,1.));
#1238 = ( GEOMETRIC_REPRESENTATION_CONTEXT(2) 
PARAMETRIC_REPRESENTATION_CONTEXT() REPRESENTATION_CONTEXT('2D SPACE',''
  ) );
#1239 = ORIENTED_EDGE('',*,*,#448,.T.);
#1240 = ORIENTED_EDGE('',*,*,#1219,.T.);
#1241 = ADVANCED_FACE('',(#1242),#496,.F.);
#1242 = FACE_BOUND('',#1243,.F.);
#1243 = EDGE_LOOP('',(#1244,#1273,#1294,#1295));
#1244 = ORIENTED_EDGE('',*,*,#1245,.F.);
#1245 = EDGE_CURVE('',#1246,#1246,#1248,.T.);
#1246 = VERTEX_POINT('',#1247);
#1247 = CARTESIAN_POINT('',(-24.89137802864,28.991378028648,
    1.094320508076E+03));
#1248 = SURFACE_CURVE('',#1249,(#1254,#1261),.PCURVE_S1.);
#1249 = CIRCLE('',#1250,4.1);
#1250 = AXIS2_PLACEMENT_3D('',#1251,#1252,#1253);
#1251 = CARTESIAN_POINT('',(-28.99137802864,28.991378028648,
    1.094320508076E+03));
#1252 = DIRECTION('',(0.,0.,1.));
#1253 = DIRECTION('',(1.,0.,-0.));
#1254 = PCURVE('',#496,#1255);
#1255 = DEFINITIONAL_REPRESENTATION('',(#1256),#1260);
#1256 = LINE('',#1257,#1258);
#1257 = CARTESIAN_POINT('',(0.,5.));
#1258 = VECTOR('',#1259,1.);
#1259 = DIRECTION('',(1.,0.));
#1260 = ( GEOMETRIC_REPRESENTATION_CONTEXT(2) 
PARAMETRIC_REPRESENTATION_CONTEXT() REPRESENTATION_CONTEXT('2D SPACE',''
  ) );
#1261 = PCURVE('',#1262,#1267);
#1262 = PLANE('',#1263);
#1263 = AXIS2_PLACEMENT_3D('',#1264,#1265,#1266);
#1264 = CARTESIAN_POINT('',(-28.99137802864,28.991378028648,
    1.094320508076E+03));
#1265 = DIRECTION('',(0.,0.,1.));
#1266 = DIRECTION('',(1.,0.,-0.));
#1267 = DEFINITIONAL_REPRESENTATION('',(#1268),#1272);
#1268 = CIRCLE('',#1269,4.1);
#1269 = AXIS2_PLACEMENT_2D('',#1270,#1271);
#1270 = CARTESIAN_POINT('',(0.,0.));
#1271 = DIRECTION('',(1.,0.));
#1272 = ( GEOMETRIC_REPRESENTATION_CONTEXT(2) 
PARAMETRIC_REPRESENTATION_CONTEXT() REPRESENTATION_CONTEXT('2D SPACE',''
  ) );
#1273 = ORIENTED_EDGE('',*,*,#1274,.F.);
#1274 = EDGE_CURVE('',#480,#1246,#1275,.T.);
#1275 = SEAM_CURVE('',#1276,(#1280,#1287),.PCURVE_S1.);
#1276 = LINE('',#1277,#1278);
#1277 = CARTESIAN_POINT('',(-24.89137802864,28.991378028648,
    1.089320508076E+03));
#1278 = VECTOR('',#1279,1.);
#1279 = DIRECTION('',(0.,0.,1.));
#1280 = PCURVE('',#496,#1281);
#1281 = DEFINITIONAL_REPRESENTATION('',(#1282),#1286);
#1282 = LINE('',#1283,#1284);
#1283 = CARTESIAN_POINT('',(6.28318530718,-0.));
#1284 = VECTOR('',#1285,1.);
#1285 = DIRECTION('',(0.,1.));
#1286 = ( GEOMETRIC_REPRESENTATION_CONTEXT(2) 
PARAMETRIC_REPRESENTATION_CONTEXT() REPRESENTATION_CONTEXT('2D SPACE',''
  ) );
#1287 = PCURVE('',#496,#1288);
#1288 = DEFINITIONAL_REPRESENTATION('',(#1289),#1293);
#1289 = LINE('',#1290,#1291);
#1290 = CARTESIAN_POINT('',(0.,-0.));
#1291 = VECTOR('',#1292,1.);
#1292 = DIRECTION('',(0.,1.));
#1293 = ( GEOMETRIC_REPRESENTATION_CONTEXT(2) 
PARAMETRIC_REPRESENTATION_CONTEXT() REPRESENTATION_CONTEXT('2D SPACE',''
  ) );
#1294 = ORIENTED_EDGE('',*,*,#479,.T.);
#1295 = ORIENTED_EDGE('',*,*,#1274,.T.);
#1296 = ADVANCED_FACE('',(#1297),#527,.F.);
#1297 = FACE_BOUND('',#1298,.F.);
#1298 = EDGE_LOOP('',(#1299,#1328,#1349,#1350));
#1299 = ORIENTED_EDGE('',*,*,#1300,.F.);
#1300 = EDGE_CURVE('',#1301,#1301,#1303,.T.);
#1301 = VERTEX_POINT('',#1302);
#1302 = CARTESIAN_POINT('',(-11.59002072696,37.879060832963,
    1.094320508076E+03));
#1303 = SURFACE_CURVE('',#1304,(#1309,#1316),.PCURVE_S1.);
#1304 = CIRCLE('',#1305,4.1);
#1305 = AXIS2_PLACEMENT_3D('',#1306,#1307,#1308);
#1306 = CARTESIAN_POINT('',(-15.69002072696,37.879060832963,
    1.094320508076E+03));
#1307 = DIRECTION('',(0.,0.,1.));
#1308 = DIRECTION('',(1.,0.,-0.));
#1309 = PCURVE('',#527,#1310);
#1310 = DEFINITIONAL_REPRESENTATION('',(#1311),#1315);
#1311 = LINE('',#1312,#1313);
#1312 = CARTESIAN_POINT('',(0.,5.));
#1313 = VECTOR('',#1314,1.);
#1314 = DIRECTION('',(1.,0.));
#1315 = ( GEOMETRIC_REPRESENTATION_CONTEXT(2) 
PARAMETRIC_REPRESENTATION_CONTEXT() REPRESENTATION_CONTEXT('2D SPACE',''
  ) );
#1316 = PCURVE('',#1317,#1322);
#1317 = PLANE('',#1318);
#1318 = AXIS2_PLACEMENT_3D('',#1319,#1320,#1321);
#1319 = CARTESIAN_POINT('',(-15.69002072696,37.879060832963,
    1.094320508076E+03));
#1320 = DIRECTION('',(0.,0.,1.));
#1321 = DIRECTION('',(1.,0.,-0.));
#1322 = DEFINITIONAL_REPRESENTATION('',(#1323),#1327);
#1323 = CIRCLE('',#1324,4.1);
#1324 = AXIS2_PLACEMENT_2D('',#1325,#1326);
#1325 = CARTESIAN_POINT('',(0.,0.));
#1326 = DIRECTION('',(1.,0.));
#1327 = ( GEOMETRIC_REPRESENTATION_CONTEXT(2) 
PARAMETRIC_REPRESENTATION_CONTEXT() REPRESENTATION_CONTEXT('2D SPACE',''
  ) );
#1328 = ORIENTED_EDGE('',*,*,#1329,.F.);
#1329 = EDGE_CURVE('',#511,#1301,#1330,.T.);
#1330 = SEAM_CURVE('',#1331,(#1335,#1342),.PCURVE_S1.);
#1331 = LINE('',#1332,#1333);
#1332 = CARTESIAN_POINT('',(-11.59002072696,37.879060832963,
    1.089320508076E+03));
#1333 = VECTOR('',#1334,1.);
#1334 = DIRECTION('',(0.,0.,1.));
#1335 = PCURVE('',#527,#1336);
#1336 = DEFINITIONAL_REPRESENTATION('',(#1337),#1341);
#1337 = LINE('',#1338,#1339);
#1338 = CARTESIAN_POINT('',(6.28318530718,-0.));
#1339 = VECTOR('',#1340,1.);
#1340 = DIRECTION('',(0.,1.));
#1341 = ( GEOMETRIC_REPRESENTATION_CONTEXT(2) 
PARAMETRIC_REPRESENTATION_CONTEXT() REPRESENTATION_CONTEXT('2D SPACE',''
  ) );
#1342 = PCURVE('',#527,#1343);
#1343 = DEFINITIONAL_REPRESENTATION('',(#1344),#1348);
#1344 = LINE('',#1345,#1346);
#1345 = CARTESIAN_POINT('',(0.,-0.));
#1346 = VECTOR('',#1347,1.);
#1347 = DIRECTION('',(0.,1.));
#1348 = ( GEOMETRIC_REPRESENTATION_CONTEXT(2) 
PARAMETRIC_REPRESENTATION_CONTEXT() REPRESENTATION_CONTEXT('2D SPACE',''
  ) );
#1349 = ORIENTED_EDGE('',*,*,#510,.T.);
#1350 = ORIENTED_EDGE('',*,*,#1329,.T.);
#1351 = ADVANCED_FACE('',(#1352),#584,.F.);
#1352 = FACE_BOUND('',#1353,.F.);
#1353 = EDGE_LOOP('',(#1354,#1383,#1404,#1405));
#1354 = ORIENTED_EDGE('',*,*,#1355,.F.);
#1355 = EDGE_CURVE('',#1356,#1356,#1358,.T.);
#1356 = VERTEX_POINT('',#1357);
#1357 = CARTESIAN_POINT('',(45.1,-1.004210375301E-15,1.094320508076E+03)
  );
#1358 = SURFACE_CURVE('',#1359,(#1364,#1371),.PCURVE_S1.);
#1359 = CIRCLE('',#1360,4.1);
#1360 = AXIS2_PLACEMENT_3D('',#1361,#1362,#1363);
#1361 = CARTESIAN_POINT('',(41.,0.,1.094320508076E+03));
#1362 = DIRECTION('',(0.,0.,1.));
#1363 = DIRECTION('',(1.,0.,-0.));
#1364 = PCURVE('',#584,#1365);
#1365 = DEFINITIONAL_REPRESENTATION('',(#1366),#1370);
#1366 = LINE('',#1367,#1368);
#1367 = CARTESIAN_POINT('',(0.,5.));
#1368 = VECTOR('',#1369,1.);
#1369 = DIRECTION('',(1.,0.));
#1370 = ( GEOMETRIC_REPRESENTATION_CONTEXT(2) 
PARAMETRIC_REPRESENTATION_CONTEXT() REPRESENTATION_CONTEXT('2D SPACE',''
  ) );
#1371 = PCURVE('',#1372,#1377);
#1372 = PLANE('',#1373);
#1373 = AXIS2_PLACEMENT_3D('',#1374,#1375,#1376);
#1374 = CARTESIAN_POINT('',(41.,0.,1.094320508076E+03));
#1375 = DIRECTION('',(0.,0.,1.));
#1376 = DIRECTION('',(1.,0.,-0.));
#1377 = DEFINITIONAL_REPRESENTATION('',(#1378),#1382);
#1378 = CIRCLE('',#1379,4.1);
#1379 = AXIS2_PLACEMENT_2D('',#1380,#1381);
#1380 = CARTESIAN_POINT('',(0.,0.));
#1381 = DIRECTION('',(1.,0.));
#1382 = ( GEOMETRIC_REPRESENTATION_CONTEXT(2) 
PARAMETRIC_REPRESENTATION_CONTEXT() REPRESENTATION_CONTEXT('2D SPACE',''
  ) );
#1383 = ORIENTED_EDGE('',*,*,#1384,.F.);
#1384 = EDGE_CURVE('',#568,#1356,#1385,.T.);
#1385 = SEAM_CURVE('',#1386,(#1390,#1397),.PCURVE_S1.);
#1386 = LINE('',#1387,#1388);
#1387 = CARTESIAN_POINT('',(45.1,-1.004210375301E-15,1.089320508076E+03)
  );
#1388 = VECTOR('',#1389,1.);
#1389 = DIRECTION('',(0.,0.,1.));
#1390 = PCURVE('',#584,#1391);
#1391 = DEFINITIONAL_REPRESENTATION('',(#1392),#1396);
#1392 = LINE('',#1393,#1394);
#1393 = CARTESIAN_POINT('',(6.28318530718,-0.));
#1394 = VECTOR('',#1395,1.);
#1395 = DIRECTION('',(0.,1.));
#1396 = ( GEOMETRIC_REPRESENTATION_CONTEXT(2) 
PARAMETRIC_REPRESENTATION_CONTEXT() REPRESENTATION_CONTEXT('2D SPACE',''
  ) );
#1397 = PCURVE('',#584,#1398);
#1398 = DEFINITIONAL_REPRESENTATION('',(#1399),#1403);
#1399 = LINE('',#1400,#1401);
#1400 = CARTESIAN_POINT('',(0.,-0.));
#1401 = VECTOR('',#1402,1.);
#1402 = DIRECTION('',(0.,1.));
#1403 = ( GEOMETRIC_REPRESENTATION_CONTEXT(2) 
PARAMETRIC_REPRESENTATION_CONTEXT() REPRESENTATION_CONTEXT('2D SPACE',''
  ) );
#1404 = ORIENTED_EDGE('',*,*,#567,.T.);
#1405 = ORIENTED_EDGE('',*,*,#1384,.T.);
#1406 = ADVANCED_FACE('',(#1407),#615,.F.);
#1407 = FACE_BOUND('',#1408,.F.);
#1408 = EDGE_LOOP('',(#1409,#1438,#1459,#1460));
#1409 = ORIENTED_EDGE('',*,*,#1410,.F.);
#1410 = EDGE_CURVE('',#1411,#1411,#1413,.T.);
#1411 = VERTEX_POINT('',#1412);
#1412 = CARTESIAN_POINT('',(41.979060832963,15.690020726969,
    1.094320508076E+03));
#1413 = SURFACE_CURVE('',#1414,(#1419,#1426),.PCURVE_S1.);
#1414 = CIRCLE('',#1415,4.1);
#1415 = AXIS2_PLACEMENT_3D('',#1416,#1417,#1418);
#1416 = CARTESIAN_POINT('',(37.879060832963,15.690020726969,
    1.094320508076E+03));
#1417 = DIRECTION('',(0.,0.,1.));
#1418 = DIRECTION('',(1.,0.,-0.));
#1419 = PCURVE('',#615,#1420);
#1420 = DEFINITIONAL_REPRESENTATION('',(#1421),#1425);
#1421 = LINE('',#1422,#1423);
#1422 = CARTESIAN_POINT('',(0.,5.));
#1423 = VECTOR('',#1424,1.);
#1424 = DIRECTION('',(1.,0.));
#1425 = ( GEOMETRIC_REPRESENTATION_CONTEXT(2) 
PARAMETRIC_REPRESENTATION_CONTEXT() REPRESENTATION_CONTEXT('2D SPACE',''
  ) );
#1426 = PCURVE('',#1427,#1432);
#1427 = PLANE('',#1428);
#1428 = AXIS2_PLACEMENT_3D('',#1429,#1430,#1431);
#1429 = CARTESIAN_POINT('',(37.879060832963,15.690020726969,
    1.094320508076E+03));
#1430 = DIRECTION('',(0.,0.,1.));
#1431 = DIRECTION('',(1.,0.,-0.));
#1432 = DEFINITIONAL_REPRESENTATION('',(#1433),#1437);
#1433 = CIRCLE('',#1434,4.1);
#1434 = AXIS2_PLACEMENT_2D('',#1435,#1436);
#1435 = CARTESIAN_POINT('',(0.,0.));
#1436 = DIRECTION('',(1.,0.));
#1437 = ( GEOMETRIC_REPRESENTATION_CONTEXT(2) 
PARAMETRIC_REPRESENTATION_CONTEXT() REPRESENTATION_CONTEXT('2D SPACE',''
  ) );
#1438 = ORIENTED_EDGE('',*,*,#1439,.F.);
#1439 = EDGE_CURVE('',#599,#1411,#1440,.T.);
#1440 = SEAM_CURVE('',#1441,(#1445,#1452),.PCURVE_S1.);
#1441 = LINE('',#1442,#1443);
#1442 = CARTESIAN_POINT('',(41.979060832963,15.690020726969,
    1.089320508076E+03));
#1443 = VECTOR('',#1444,1.);
#1444 = DIRECTION('',(0.,0.,1.));
#1445 = PCURVE('',#615,#1446);
#1446 = DEFINITIONAL_REPRESENTATION('',(#1447),#1451);
#1447 = LINE('',#1448,#1449);
#1448 = CARTESIAN_POINT('',(6.28318530718,-0.));
#1449 = VECTOR('',#1450,1.);
#1450 = DIRECTION('',(0.,1.));
#1451 = ( GEOMETRIC_REPRESENTATION_CONTEXT(2) 
PARAMETRIC_REPRESENTATION_CONTEXT() REPRESENTATION_CONTEXT('2D SPACE',''
  ) );
#1452 = PCURVE('',#615,#1453);
#1453 = DEFINITIONAL_REPRESENTATION('',(#1454),#1458);
#1454 = LINE('',#1455,#1456);
#1455 = CARTESIAN_POINT('',(0.,-0.));
#1456 = VECTOR('',#1457,1.);
#1457 = DIRECTION('',(0.,1.));
#1458 = ( GEOMETRIC_REPRESENTATION_CONTEXT(2) 
PARAMETRIC_REPRESENTATION_CONTEXT() REPRESENTATION_CONTEXT('2D SPACE',''
  ) );
#1459 = ORIENTED_EDGE('',*,*,#598,.T.);
#1460 = ORIENTED_EDGE('',*,*,#1439,.T.);
#1461 = ADVANCED_FACE('',(#1462),#646,.F.);
#1462 = FACE_BOUND('',#1463,.F.);
#1463 = EDGE_LOOP('',(#1464,#1493,#1514,#1515));
#1464 = ORIENTED_EDGE('',*,*,#1465,.F.);
#1465 = EDGE_CURVE('',#1466,#1466,#1468,.T.);
#1466 = VERTEX_POINT('',#1467);
#1467 = CARTESIAN_POINT('',(4.1,41.,1.094320508076E+03));
#1468 = SURFACE_CURVE('',#1469,(#1474,#1481),.PCURVE_S1.);
#1469 = CIRCLE('',#1470,4.1);
#1470 = AXIS2_PLACEMENT_3D('',#1471,#1472,#1473);
#1471 = CARTESIAN_POINT('',(2.510525938252E-15,41.,1.094320508076E+03));
#1472 = DIRECTION('',(0.,0.,1.));
#1473 = DIRECTION('',(1.,0.,-0.));
#1474 = PCURVE('',#646,#1475);
#1475 = DEFINITIONAL_REPRESENTATION('',(#1476),#1480);
#1476 = LINE('',#1477,#1478);
#1477 = CARTESIAN_POINT('',(0.,5.));
#1478 = VECTOR('',#1479,1.);
#1479 = DIRECTION('',(1.,0.));
#1480 = ( GEOMETRIC_REPRESENTATION_CONTEXT(2) 
PARAMETRIC_REPRESENTATION_CONTEXT() REPRESENTATION_CONTEXT('2D SPACE',''
  ) );
#1481 = PCURVE('',#1482,#1487);
#1482 = PLANE('',#1483);
#1483 = AXIS2_PLACEMENT_3D('',#1484,#1485,#1486);
#1484 = CARTESIAN_POINT('',(2.510525938252E-15,41.,1.094320508076E+03));
#1485 = DIRECTION('',(0.,0.,1.));
#1486 = DIRECTION('',(1.,0.,-0.));
#1487 = DEFINITIONAL_REPRESENTATION('',(#1488),#1492);
#1488 = CIRCLE('',#1489,4.1);
#1489 = AXIS2_PLACEMENT_2D('',#1490,#1491);
#1490 = CARTESIAN_POINT('',(0.,0.));
#1491 = DIRECTION('',(1.,0.));
#1492 = ( GEOMETRIC_REPRESENTATION_CONTEXT(2) 
PARAMETRIC_REPRESENTATION_CONTEXT() REPRESENTATION_CONTEXT('2D SPACE',''
  ) );
#1493 = ORIENTED_EDGE('',*,*,#1494,.F.);
#1494 = EDGE_CURVE('',#630,#1466,#1495,.T.);
#1495 = SEAM_CURVE('',#1496,(#1500,#1507),.PCURVE_S1.);
#1496 = LINE('',#1497,#1498);
#1497 = CARTESIAN_POINT('',(4.1,41.,1.089320508076E+03));
#1498 = VECTOR('',#1499,1.);
#1499 = DIRECTION('',(0.,0.,1.));
#1500 = PCURVE('',#646,#1501);
#1501 = DEFINITIONAL_REPRESENTATION('',(#1502),#1506);
#1502 = LINE('',#1503,#1504);
#1503 = CARTESIAN_POINT('',(6.28318530718,-0.));
#1504 = VECTOR('',#1505,1.);
#1505 = DIRECTION('',(0.,1.));
#1506 = ( GEOMETRIC_REPRESENTATION_CONTEXT(2) 
PARAMETRIC_REPRESENTATION_CONTEXT() REPRESENTATION_CONTEXT('2D SPACE',''
  ) );
#1507 = PCURVE('',#646,#1508);
#1508 = DEFINITIONAL_REPRESENTATION('',(#1509),#1513);
#1509 = LINE('',#1510,#1511);
#1510 = CARTESIAN_POINT('',(0.,-0.));
#1511 = VECTOR('',#1512,1.);
#1512 = DIRECTION('',(0.,1.));
#1513 = ( GEOMETRIC_REPRESENTATION_CONTEXT(2) 
PARAMETRIC_REPRESENTATION_CONTEXT() REPRESENTATION_CONTEXT('2D SPACE',''
  ) );
#1514 = ORIENTED_EDGE('',*,*,#629,.T.);
#1515 = ORIENTED_EDGE('',*,*,#1494,.T.);
#1516 = ADVANCED_FACE('',(#1517),#677,.F.);
#1517 = FACE_BOUND('',#1518,.F.);
#1518 = EDGE_LOOP('',(#1519,#1548,#1569,#1570));
#1519 = ORIENTED_EDGE('',*,*,#1520,.F.);
#1520 = EDGE_CURVE('',#1521,#1521,#1523,.T.);
#1521 = VERTEX_POINT('',#1522);
#1522 = CARTESIAN_POINT('',(19.790020726969,37.879060832963,
    1.094320508076E+03));
#1523 = SURFACE_CURVE('',#1524,(#1529,#1536),.PCURVE_S1.);
#1524 = CIRCLE('',#1525,4.1);
#1525 = AXIS2_PLACEMENT_3D('',#1526,#1527,#1528);
#1526 = CARTESIAN_POINT('',(15.690020726969,37.879060832963,
    1.094320508076E+03));
#1527 = DIRECTION('',(0.,0.,1.));
#1528 = DIRECTION('',(1.,0.,-0.));
#1529 = PCURVE('',#677,#1530);
#1530 = DEFINITIONAL_REPRESENTATION('',(#1531),#1535);
#1531 = LINE('',#1532,#1533);
#1532 = CARTESIAN_POINT('',(0.,5.));
#1533 = VECTOR('',#1534,1.);
#1534 = DIRECTION('',(1.,0.));
#1535 = ( GEOMETRIC_REPRESENTATION_CONTEXT(2) 
PARAMETRIC_REPRESENTATION_CONTEXT() REPRESENTATION_CONTEXT('2D SPACE',''
  ) );
#1536 = PCURVE('',#1537,#1542);
#1537 = PLANE('',#1538);
#1538 = AXIS2_PLACEMENT_3D('',#1539,#1540,#1541);
#1539 = CARTESIAN_POINT('',(15.690020726969,37.879060832963,
    1.094320508076E+03));
#1540 = DIRECTION('',(0.,0.,1.));
#1541 = DIRECTION('',(1.,0.,-0.));
#1542 = DEFINITIONAL_REPRESENTATION('',(#1543),#1547);
#1543 = CIRCLE('',#1544,4.1);
#1544 = AXIS2_PLACEMENT_2D('',#1545,#1546);
#1545 = CARTESIAN_POINT('',(0.,0.));
#1546 = DIRECTION('',(1.,0.));
#1547 = ( GEOMETRIC_REPRESENTATION_CONTEXT(2) 
PARAMETRIC_REPRESENTATION_CONTEXT() REPRESENTATION_CONTEXT('2D SPACE',''
  ) );
#1548 = ORIENTED_EDGE('',*,*,#1549,.F.);
#1549 = EDGE_CURVE('',#661,#1521,#1550,.T.);
#1550 = SEAM_CURVE('',#1551,(#1555,#1562),.PCURVE_S1.);
#1551 = LINE('',#1552,#1553);
#1552 = CARTESIAN_POINT('',(19.790020726969,37.879060832963,
    1.089320508076E+03));
#1553 = VECTOR('',#1554,1.);
#1554 = DIRECTION('',(0.,0.,1.));
#1555 = PCURVE('',#677,#1556);
#1556 = DEFINITIONAL_REPRESENTATION('',(#1557),#1561);
#1557 = LINE('',#1558,#1559);
#1558 = CARTESIAN_POINT('',(6.28318530718,-0.));
#1559 = VECTOR('',#1560,1.);
#1560 = DIRECTION('',(0.,1.));
#1561 = ( GEOMETRIC_REPRESENTATION_CONTEXT(2) 
PARAMETRIC_REPRESENTATION_CONTEXT() REPRESENTATION_CONTEXT('2D SPACE',''
  ) );
#1562 = PCURVE('',#677,#1563);
#1563 = DEFINITIONAL_REPRESENTATION('',(#1564),#1568);
#1564 = LINE('',#1565,#1566);
#1565 = CARTESIAN_POINT('',(0.,-0.));
#1566 = VECTOR('',#1567,1.);
#1567 = DIRECTION('',(0.,1.));
#1568 = ( GEOMETRIC_REPRESENTATION_CONTEXT(2) 
PARAMETRIC_REPRESENTATION_CONTEXT() REPRESENTATION_CONTEXT('2D SPACE',''
  ) );
#1569 = ORIENTED_EDGE('',*,*,#660,.T.);
#1570 = ORIENTED_EDGE('',*,*,#1549,.T.);
#1571 = ADVANCED_FACE('',(#1572),#708,.F.);
#1572 = FACE_BOUND('',#1573,.F.);
#1573 = EDGE_LOOP('',(#1574,#1603,#1624,#1625));
#1574 = ORIENTED_EDGE('',*,*,#1575,.F.);
#1575 = EDGE_CURVE('',#1576,#1576,#1578,.T.);
#1576 = VERTEX_POINT('',#1577);
#1577 = CARTESIAN_POINT('',(33.091378028648,28.991378028648,
    1.094320508076E+03));
#1578 = SURFACE_CURVE('',#1579,(#1584,#1591),.PCURVE_S1.);
#1579 = CIRCLE('',#1580,4.1);
#1580 = AXIS2_PLACEMENT_3D('',#1581,#1582,#1583);
#1581 = CARTESIAN_POINT('',(28.991378028648,28.991378028648,
    1.094320508076E+03));
#1582 = DIRECTION('',(0.,0.,1.));
#1583 = DIRECTION('',(1.,0.,-0.));
#1584 = PCURVE('',#708,#1585);
#1585 = DEFINITIONAL_REPRESENTATION('',(#1586),#1590);
#1586 = LINE('',#1587,#1588);
#1587 = CARTESIAN_POINT('',(0.,5.));
#1588 = VECTOR('',#1589,1.);
#1589 = DIRECTION('',(1.,0.));
#1590 = ( GEOMETRIC_REPRESENTATION_CONTEXT(2) 
PARAMETRIC_REPRESENTATION_CONTEXT() REPRESENTATION_CONTEXT('2D SPACE',''
  ) );
#1591 = PCURVE('',#1592,#1597);
#1592 = PLANE('',#1593);
#1593 = AXIS2_PLACEMENT_3D('',#1594,#1595,#1596);
#1594 = CARTESIAN_POINT('',(28.991378028648,28.991378028648,
    1.094320508076E+03));
#1595 = DIRECTION('',(0.,0.,1.));
#1596 = DIRECTION('',(1.,0.,-0.));
#1597 = DEFINITIONAL_REPRESENTATION('',(#1598),#1602);
#1598 = CIRCLE('',#1599,4.1);
#1599 = AXIS2_PLACEMENT_2D('',#1600,#1601);
#1600 = CARTESIAN_POINT('',(0.,0.));
#1601 = DIRECTION('',(1.,0.));
#1602 = ( GEOMETRIC_REPRESENTATION_CONTEXT(2) 
PARAMETRIC_REPRESENTATION_CONTEXT() REPRESENTATION_CONTEXT('2D SPACE',''
  ) );
#1603 = ORIENTED_EDGE('',*,*,#1604,.F.);
#1604 = EDGE_CURVE('',#692,#1576,#1605,.T.);
#1605 = SEAM_CURVE('',#1606,(#1610,#1617),.PCURVE_S1.);
#1606 = LINE('',#1607,#1608);
#1607 = CARTESIAN_POINT('',(33.091378028648,28.991378028648,
    1.089320508076E+03));
#1608 = VECTOR('',#1609,1.);
#1609 = DIRECTION('',(0.,0.,1.));
#1610 = PCURVE('',#708,#1611);
#1611 = DEFINITIONAL_REPRESENTATION('',(#1612),#1616);
#1612 = LINE('',#1613,#1614);
#1613 = CARTESIAN_POINT('',(6.28318530718,-0.));
#1614 = VECTOR('',#1615,1.);
#1615 = DIRECTION('',(0.,1.));
#1616 = ( GEOMETRIC_REPRESENTATION_CONTEXT(2) 
PARAMETRIC_REPRESENTATION_CONTEXT() REPRESENTATION_CONTEXT('2D SPACE',''
  ) );
#1617 = PCURVE('',#708,#1618);
#1618 = DEFINITIONAL_REPRESENTATION('',(#1619),#1623);
#1619 = LINE('',#1620,#1621);
#1620 = CARTESIAN_POINT('',(0.,-0.));
#1621 = VECTOR('',#1622,1.);
#1622 = DIRECTION('',(0.,1.));
#1623 = ( GEOMETRIC_REPRESENTATION_CONTEXT(2) 
PARAMETRIC_REPRESENTATION_CONTEXT() REPRESENTATION_CONTEXT('2D SPACE',''
  ) );
#1624 = ORIENTED_EDGE('',*,*,#691,.T.);
#1625 = ORIENTED_EDGE('',*,*,#1604,.T.);
#1626 = ADVANCED_FACE('',(#1627),#767,.F.);
#1627 = FACE_BOUND('',#1628,.F.);
#1628 = EDGE_LOOP('',(#1629));
#1629 = ORIENTED_EDGE('',*,*,#750,.T.);
#1630 = ADVANCED_FACE('',(#1631),#822,.F.);
#1631 = FACE_BOUND('',#1632,.F.);
#1632 = EDGE_LOOP('',(#1633));
#1633 = ORIENTED_EDGE('',*,*,#805,.T.);
#1634 = ADVANCED_FACE('',(#1635),#877,.F.);
#1635 = FACE_BOUND('',#1636,.F.);
#1636 = EDGE_LOOP('',(#1637));
#1637 = ORIENTED_EDGE('',*,*,#860,.T.);
#1638 = ADVANCED_FACE('',(#1639),#932,.F.);
#1639 = FACE_BOUND('',#1640,.F.);
#1640 = EDGE_LOOP('',(#1641));
#1641 = ORIENTED_EDGE('',*,*,#915,.T.);
#1642 = ADVANCED_FACE('',(#1643),#987,.F.);
#1643 = FACE_BOUND('',#1644,.F.);
#1644 = EDGE_LOOP('',(#1645));
#1645 = ORIENTED_EDGE('',*,*,#970,.T.);
#1646 = ADVANCED_FACE('',(#1647),#1042,.F.);
#1647 = FACE_BOUND('',#1648,.F.);
#1648 = EDGE_LOOP('',(#1649));
#1649 = ORIENTED_EDGE('',*,*,#1025,.T.);
#1650 = ADVANCED_FACE('',(#1651),#1097,.F.);
#1651 = FACE_BOUND('',#1652,.F.);
#1652 = EDGE_LOOP('',(#1653));
#1653 = ORIENTED_EDGE('',*,*,#1080,.T.);
#1654 = ADVANCED_FACE('',(#1655),#1152,.F.);
#1655 = FACE_BOUND('',#1656,.F.);
#1656 = EDGE_LOOP('',(#1657));
#1657 = ORIENTED_EDGE('',*,*,#1135,.T.);
#1658 = ADVANCED_FACE('',(#1659),#1207,.F.);
#1659 = FACE_BOUND('',#1660,.F.);
#1660 = EDGE_LOOP('',(#1661));
#1661 = ORIENTED_EDGE('',*,*,#1190,.T.);
#1662 = ADVANCED_FACE('',(#1663),#1262,.F.);
#1663 = FACE_BOUND('',#1664,.F.);
#1664 = EDGE_LOOP('',(#1665));
#1665 = ORIENTED_EDGE('',*,*,#1245,.T.);
#1666 = ADVANCED_FACE('',(#1667),#1317,.F.);
#1667 = FACE_BOUND('',#1668,.F.);
#1668 = EDGE_LOOP('',(#1669));
#1669 = ORIENTED_EDGE('',*,*,#1300,.T.);
#1670 = ADVANCED_FACE('',(#1671),#1372,.F.);
#1671 = FACE_BOUND('',#1672,.F.);
#1672 = EDGE_LOOP('',(#1673));
#1673 = ORIENTED_EDGE('',*,*,#1355,.T.);
#1674 = ADVANCED_FACE('',(#1675),#1427,.F.);
#1675 = FACE_BOUND('',#1676,.F.);
#1676 = EDGE_LOOP('',(#1677));
#1677 = ORIENTED_EDGE('',*,*,#1410,.T.);
#1678 = ADVANCED_FACE('',(#1679),#1482,.F.);
#1679 = FACE_BOUND('',#1680,.F.);
#1680 = EDGE_LOOP('',(#1681));
#1681 = ORIENTED_EDGE('',*,*,#1465,.T.);
#1682 = ADVANCED_FACE('',(#1683),#1537,.F.);
#1683 = FACE_BOUND('',#1684,.F.);
#1684 = EDGE_LOOP('',(#1685));
#1685 = ORIENTED_EDGE('',*,*,#1520,.T.);
#1686 = ADVANCED_FACE('',(#1687),#1592,.F.);
#1687 = FACE_BOUND('',#1688,.F.);
#1688 = EDGE_LOOP('',(#1689));
#1689 = ORIENTED_EDGE('',*,*,#1575,.T.);
#1690 = ( GEOMETRIC_REPRESENTATION_CONTEXT(3) 
GLOBAL_UNCERTAINTY_ASSIGNED_CONTEXT((#1694)) 
GLOBAL_UNIT_ASSIGNED_CONTEXT((#1691,#1692,#1693)) REPRESENTATION_CONTEXT
('Context #1','3D Context with UNIT and UNCERTAINTY') );
#1691 = ( LENGTH_UNIT() NAMED_UNIT(*) SI_UNIT(.MILLI.,.METRE.) );
#1692 = ( NAMED_UNIT(*) PLANE_ANGLE_UNIT() SI_UNIT($,.RADIAN.) );
#1693 = ( NAMED_UNIT(*) SI_UNIT($,.STERADIAN.) SOLID_ANGLE_UNIT() );
#1694 = UNCERTAINTY_MEASURE_WITH_UNIT(LENGTH_MEASURE(1.E-07),#1691,
  'distance_accuracy_value','confusion accuracy');
#1695 = CONTEXT_DEPENDENT_SHAPE_REPRESENTATION(#1696,#1698);
#1696 = ( REPRESENTATION_RELATIONSHIP('','',#67,#40) 
REPRESENTATION_RELATIONSHIP_WITH_TRANSFORMATION(#1697) 
SHAPE_REPRESENTATION_RELATIONSHIP() );
#1697 = ITEM_DEFINED_TRANSFORMATION('','',#11,#41);
#1698 = PRODUCT_DEFINITION_SHAPE('Placement','Placement of an item',
  #1699);
#1699 = NEXT_ASSEMBLY_USAGE_OCCURRENCE('46','=>[0:1:1:3]','',#35,#62,$);
#1700 = PRODUCT_RELATED_PRODUCT_CATEGORY('part',$,(#64));
#1701 = SHAPE_DEFINITION_REPRESENTATION(#1702,#1708);
#1702 = PRODUCT_DEFINITION_SHAPE('','',#1703);
#1703 = PRODUCT_DEFINITION('design','',#1704,#1707);
#1704 = PRODUCT_DEFINITION_FORMATION('','',#1705);
#1705 = PRODUCT('COMPOUND','COMPOUND','',(#1706));
#1706 = PRODUCT_CONTEXT('',#2,'mechanical');
#1707 = PRODUCT_DEFINITION_CONTEXT('part definition',#2,'design');
#1708 = SHAPE_REPRESENTATION('',(#11,#1709,#1807,#1905,#2003,#2101,#2199
    ,#2297,#2395,#2493,#2591,#2689,#2787,#2885,#2983,#3081,#3179),#3277
  );
#1709 = MANIFOLD_SOLID_BREP('',#1710);
#1710 = CLOSED_SHELL('',(#1711,#1799,#1803));
#1711 = ADVANCED_FACE('',(#1712),#1725,.T.);
#1712 = FACE_BOUND('',#1713,.T.);
#1713 = EDGE_LOOP('',(#1714,#1748,#1771,#1798));
#1714 = ORIENTED_EDGE('',*,*,#1715,.F.);
#1715 = EDGE_CURVE('',#1716,#1716,#1718,.T.);
#1716 = VERTEX_POINT('',#1717);
#1717 = CARTESIAN_POINT('',(45.,-9.797174393179E-16,1.093820508076E+03)
  );
#1718 = SURFACE_CURVE('',#1719,(#1724,#1736),.PCURVE_S1.);
#1719 = CIRCLE('',#1720,4.);
#1720 = AXIS2_PLACEMENT_3D('',#1721,#1722,#1723);
#1721 = CARTESIAN_POINT('',(41.,0.,1.093820508076E+03));
#1722 = DIRECTION('',(0.,0.,1.));
#1723 = DIRECTION('',(1.,0.,-0.));
#1724 = PCURVE('',#1725,#1730);
#1725 = CYLINDRICAL_SURFACE('',#1726,4.);
#1726 = AXIS2_PLACEMENT_3D('',#1727,#1728,#1729);
#1727 = CARTESIAN_POINT('',(41.,0.,1.089820508076E+03));
#1728 = DIRECTION('',(0.,0.,1.));
#1729 = DIRECTION('',(1.,0.,-0.));
#1730 = DEFINITIONAL_REPRESENTATION('',(#1731),#1735);
#1731 = LINE('',#1732,#1733);
#1732 = CARTESIAN_POINT('',(0.,4.));
#1733 = VECTOR('',#1734,1.);
#1734 = DIRECTION('',(1.,0.));
#1735 = ( GEOMETRIC_REPRESENTATION_CONTEXT(2) 
PARAMETRIC_REPRESENTATION_CONTEXT() REPRESENTATION_CONTEXT('2D SPACE',''
  ) );
#1736 = PCURVE('',#1737,#1742);
#1737 = PLANE('',#1738);
#1738 = AXIS2_PLACEMENT_3D('',#1739,#1740,#1741);
#1739 = CARTESIAN_POINT('',(41.,0.,1.093820508076E+03));
#1740 = DIRECTION('',(0.,0.,1.));
#1741 = DIRECTION('',(1.,0.,-0.));
#1742 = DEFINITIONAL_REPRESENTATION('',(#1743),#1747);
#1743 = CIRCLE('',#1744,4.);
#1744 = AXIS2_PLACEMENT_2D('',#1745,#1746);
#1745 = CARTESIAN_POINT('',(0.,0.));
#1746 = DIRECTION('',(1.,0.));
#1747 = ( GEOMETRIC_REPRESENTATION_CONTEXT(2) 
PARAMETRIC_REPRESENTATION_CONTEXT() REPRESENTATION_CONTEXT('2D SPACE',''
  ) );
#1748 = ORIENTED_EDGE('',*,*,#1749,.F.);
#1749 = EDGE_CURVE('',#1750,#1716,#1752,.T.);
#1750 = VERTEX_POINT('',#1751);
#1751 = CARTESIAN_POINT('',(45.,-9.797174393179E-16,1.089820508076E+03)
  );
#1752 = SEAM_CURVE('',#1753,(#1757,#1764),.PCURVE_S1.);
#1753 = LINE('',#1754,#1755);
#1754 = CARTESIAN_POINT('',(45.,-9.797174393179E-16,1.089820508076E+03)
  );
#1755 = VECTOR('',#1756,1.);
#1756 = DIRECTION('',(0.,0.,1.));
#1757 = PCURVE('',#1725,#1758);
#1758 = DEFINITIONAL_REPRESENTATION('',(#1759),#1763);
#1759 = LINE('',#1760,#1761);
#1760 = CARTESIAN_POINT('',(6.28318530718,-0.));
#1761 = VECTOR('',#1762,1.);
#1762 = DIRECTION('',(0.,1.));
#1763 = ( GEOMETRIC_REPRESENTATION_CONTEXT(2) 
PARAMETRIC_REPRESENTATION_CONTEXT() REPRESENTATION_CONTEXT('2D SPACE',''
  ) );
#1764 = PCURVE('',#1725,#1765);
#1765 = DEFINITIONAL_REPRESENTATION('',(#1766),#1770);
#1766 = LINE('',#1767,#1768);
#1767 = CARTESIAN_POINT('',(0.,-0.));
#1768 = VECTOR('',#1769,1.);
#1769 = DIRECTION('',(0.,1.));
#1770 = ( GEOMETRIC_REPRESENTATION_CONTEXT(2) 
PARAMETRIC_REPRESENTATION_CONTEXT() REPRESENTATION_CONTEXT('2D SPACE',''
  ) );
#1771 = ORIENTED_EDGE('',*,*,#1772,.T.);
#1772 = EDGE_CURVE('',#1750,#1750,#1773,.T.);
#1773 = SURFACE_CURVE('',#1774,(#1779,#1786),.PCURVE_S1.);
#1774 = CIRCLE('',#1775,4.);
#1775 = AXIS2_PLACEMENT_3D('',#1776,#1777,#1778);
#1776 = CARTESIAN_POINT('',(41.,0.,1.089820508076E+03));
#1777 = DIRECTION('',(0.,0.,1.));
#1778 = DIRECTION('',(1.,0.,-0.));
#1779 = PCURVE('',#1725,#1780);
#1780 = DEFINITIONAL_REPRESENTATION('',(#1781),#1785);
#1781 = LINE('',#1782,#1783);
#1782 = CARTESIAN_POINT('',(0.,0.));
#1783 = VECTOR('',#1784,1.);
#1784 = DIRECTION('',(1.,0.));
#1785 = ( GEOMETRIC_REPRESENTATION_CONTEXT(2) 
PARAMETRIC_REPRESENTATION_CONTEXT() REPRESENTATION_CONTEXT('2D SPACE',''
  ) );
#1786 = PCURVE('',#1787,#1792);
#1787 = PLANE('',#1788);
#1788 = AXIS2_PLACEMENT_3D('',#1789,#1790,#1791);
#1789 = CARTESIAN_POINT('',(41.,0.,1.089820508076E+03));
#1790 = DIRECTION('',(0.,0.,1.));
#1791 = DIRECTION('',(1.,0.,-0.));
#1792 = DEFINITIONAL_REPRESENTATION('',(#1793),#1797);
#1793 = CIRCLE('',#1794,4.);
#1794 = AXIS2_PLACEMENT_2D('',#1795,#1796);
#1795 = CARTESIAN_POINT('',(0.,0.));
#1796 = DIRECTION('',(1.,0.));
#1797 = ( GEOMETRIC_REPRESENTATION_CONTEXT(2) 
PARAMETRIC_REPRESENTATION_CONTEXT() REPRESENTATION_CONTEXT('2D SPACE',''
  ) );
#1798 = ORIENTED_EDGE('',*,*,#1749,.T.);
#1799 = ADVANCED_FACE('',(#1800),#1737,.T.);
#1800 = FACE_BOUND('',#1801,.T.);
#1801 = EDGE_LOOP('',(#1802));
#1802 = ORIENTED_EDGE('',*,*,#1715,.T.);
#1803 = ADVANCED_FACE('',(#1804),#1787,.F.);
#1804 = FACE_BOUND('',#1805,.T.);
#1805 = EDGE_LOOP('',(#1806));
#1806 = ORIENTED_EDGE('',*,*,#1772,.F.);
#1807 = MANIFOLD_SOLID_BREP('',#1808);
#1808 = CLOSED_SHELL('',(#1809,#1897,#1901));
#1809 = ADVANCED_FACE('',(#1810),#1823,.T.);
#1810 = FACE_BOUND('',#1811,.T.);
#1811 = EDGE_LOOP('',(#1812,#1846,#1869,#1896));
#1812 = ORIENTED_EDGE('',*,*,#1813,.F.);
#1813 = EDGE_CURVE('',#1814,#1814,#1816,.T.);
#1814 = VERTEX_POINT('',#1815);
#1815 = CARTESIAN_POINT('',(41.879060832963,15.690020726969,
    1.093820508076E+03));
#1816 = SURFACE_CURVE('',#1817,(#1822,#1834),.PCURVE_S1.);
#1817 = CIRCLE('',#1818,4.);
#1818 = AXIS2_PLACEMENT_3D('',#1819,#1820,#1821);
#1819 = CARTESIAN_POINT('',(37.879060832963,15.690020726969,
    1.093820508076E+03));
#1820 = DIRECTION('',(0.,0.,1.));
#1821 = DIRECTION('',(1.,0.,-0.));
#1822 = PCURVE('',#1823,#1828);
#1823 = CYLINDRICAL_SURFACE('',#1824,4.);
#1824 = AXIS2_PLACEMENT_3D('',#1825,#1826,#1827);
#1825 = CARTESIAN_POINT('',(37.879060832963,15.690020726969,
    1.089820508076E+03));
#1826 = DIRECTION('',(0.,0.,1.));
#1827 = DIRECTION('',(1.,0.,-0.));
#1828 = DEFINITIONAL_REPRESENTATION('',(#1829),#1833);
#1829 = LINE('',#1830,#1831);
#1830 = CARTESIAN_POINT('',(0.,4.));
#1831 = VECTOR('',#1832,1.);
#1832 = DIRECTION('',(1.,0.));
#1833 = ( GEOMETRIC_REPRESENTATION_CONTEXT(2) 
PARAMETRIC_REPRESENTATION_CONTEXT() REPRESENTATION_CONTEXT('2D SPACE',''
  ) );
#1834 = PCURVE('',#1835,#1840);
#1835 = PLANE('',#1836);
#1836 = AXIS2_PLACEMENT_3D('',#1837,#1838,#1839);
#1837 = CARTESIAN_POINT('',(37.879060832963,15.690020726969,
    1.093820508076E+03));
#1838 = DIRECTION('',(0.,0.,1.));
#1839 = DIRECTION('',(1.,0.,-0.));
#1840 = DEFINITIONAL_REPRESENTATION('',(#1841),#1845);
#1841 = CIRCLE('',#1842,4.);
#1842 = AXIS2_PLACEMENT_2D('',#1843,#1844);
#1843 = CARTESIAN_POINT('',(0.,0.));
#1844 = DIRECTION('',(1.,0.));
#1845 = ( GEOMETRIC_REPRESENTATION_CONTEXT(2) 
PARAMETRIC_REPRESENTATION_CONTEXT() REPRESENTATION_CONTEXT('2D SPACE',''
  ) );
#1846 = ORIENTED_EDGE('',*,*,#1847,.F.);
#1847 = EDGE_CURVE('',#1848,#1814,#1850,.T.);
#1848 = VERTEX_POINT('',#1849);
#1849 = CARTESIAN_POINT('',(41.879060832963,15.690020726969,
    1.089820508076E+03));
#1850 = SEAM_CURVE('',#1851,(#1855,#1862),.PCURVE_S1.);
#1851 = LINE('',#1852,#1853);
#1852 = CARTESIAN_POINT('',(41.879060832963,15.690020726969,
    1.089820508076E+03));
#1853 = VECTOR('',#1854,1.);
#1854 = DIRECTION('',(0.,0.,1.));
#1855 = PCURVE('',#1823,#1856);
#1856 = DEFINITIONAL_REPRESENTATION('',(#1857),#1861);
#1857 = LINE('',#1858,#1859);
#1858 = CARTESIAN_POINT('',(6.28318530718,-0.));
#1859 = VECTOR('',#1860,1.);
#1860 = DIRECTION('',(0.,1.));
#1861 = ( GEOMETRIC_REPRESENTATION_CONTEXT(2) 
PARAMETRIC_REPRESENTATION_CONTEXT() REPRESENTATION_CONTEXT('2D SPACE',''
  ) );
#1862 = PCURVE('',#1823,#1863);
#1863 = DEFINITIONAL_REPRESENTATION('',(#1864),#1868);
#1864 = LINE('',#1865,#1866);
#1865 = CARTESIAN_POINT('',(0.,-0.));
#1866 = VECTOR('',#1867,1.);
#1867 = DIRECTION('',(0.,1.));
#1868 = ( GEOMETRIC_REPRESENTATION_CONTEXT(2) 
PARAMETRIC_REPRESENTATION_CONTEXT() REPRESENTATION_CONTEXT('2D SPACE',''
  ) );
#1869 = ORIENTED_EDGE('',*,*,#1870,.T.);
#1870 = EDGE_CURVE('',#1848,#1848,#1871,.T.);
#1871 = SURFACE_CURVE('',#1872,(#1877,#1884),.PCURVE_S1.);
#1872 = CIRCLE('',#1873,4.);
#1873 = AXIS2_PLACEMENT_3D('',#1874,#1875,#1876);
#1874 = CARTESIAN_POINT('',(37.879060832963,15.690020726969,
    1.089820508076E+03));
#1875 = DIRECTION('',(0.,0.,1.));
#1876 = DIRECTION('',(1.,0.,-0.));
#1877 = PCURVE('',#1823,#1878);
#1878 = DEFINITIONAL_REPRESENTATION('',(#1879),#1883);
#1879 = LINE('',#1880,#1881);
#1880 = CARTESIAN_POINT('',(0.,0.));
#1881 = VECTOR('',#1882,1.);
#1882 = DIRECTION('',(1.,0.));
#1883 = ( GEOMETRIC_REPRESENTATION_CONTEXT(2) 
PARAMETRIC_REPRESENTATION_CONTEXT() REPRESENTATION_CONTEXT('2D SPACE',''
  ) );
#1884 = PCURVE('',#1885,#1890);
#1885 = PLANE('',#1886);
#1886 = AXIS2_PLACEMENT_3D('',#1887,#1888,#1889);
#1887 = CARTESIAN_POINT('',(37.879060832963,15.690020726969,
    1.089820508076E+03));
#1888 = DIRECTION('',(0.,0.,1.));
#1889 = DIRECTION('',(1.,0.,-0.));
#1890 = DEFINITIONAL_REPRESENTATION('',(#1891),#1895);
#1891 = CIRCLE('',#1892,4.);
#1892 = AXIS2_PLACEMENT_2D('',#1893,#1894);
#1893 = CARTESIAN_POINT('',(0.,0.));
#1894 = DIRECTION('',(1.,0.));
#1895 = ( GEOMETRIC_REPRESENTATION_CONTEXT(2) 
PARAMETRIC_REPRESENTATION_CONTEXT() REPRESENTATION_CONTEXT('2D SPACE',''
  ) );
#1896 = ORIENTED_EDGE('',*,*,#1847,.T.);
#1897 = ADVANCED_FACE('',(#1898),#1835,.T.);
#1898 = FACE_BOUND('',#1899,.T.);
#1899 = EDGE_LOOP('',(#1900));
#1900 = ORIENTED_EDGE('',*,*,#1813,.T.);
#1901 = ADVANCED_FACE('',(#1902),#1885,.F.);
#1902 = FACE_BOUND('',#1903,.T.);
#1903 = EDGE_LOOP('',(#1904));
#1904 = ORIENTED_EDGE('',*,*,#1870,.F.);
#1905 = MANIFOLD_SOLID_BREP('',#1906);
#1906 = CLOSED_SHELL('',(#1907,#1995,#1999));
#1907 = ADVANCED_FACE('',(#1908),#1921,.T.);
#1908 = FACE_BOUND('',#1909,.T.);
#1909 = EDGE_LOOP('',(#1910,#1944,#1967,#1994));
#1910 = ORIENTED_EDGE('',*,*,#1911,.F.);
#1911 = EDGE_CURVE('',#1912,#1912,#1914,.T.);
#1912 = VERTEX_POINT('',#1913);
#1913 = CARTESIAN_POINT('',(32.991378028648,28.991378028648,
    1.093820508076E+03));
#1914 = SURFACE_CURVE('',#1915,(#1920,#1932),.PCURVE_S1.);
#1915 = CIRCLE('',#1916,4.);
#1916 = AXIS2_PLACEMENT_3D('',#1917,#1918,#1919);
#1917 = CARTESIAN_POINT('',(28.991378028648,28.991378028648,
    1.093820508076E+03));
#1918 = DIRECTION('',(0.,0.,1.));
#1919 = DIRECTION('',(1.,0.,-0.));
#1920 = PCURVE('',#1921,#1926);
#1921 = CYLINDRICAL_SURFACE('',#1922,4.);
#1922 = AXIS2_PLACEMENT_3D('',#1923,#1924,#1925);
#1923 = CARTESIAN_POINT('',(28.991378028648,28.991378028648,
    1.089820508076E+03));
#1924 = DIRECTION('',(0.,0.,1.));
#1925 = DIRECTION('',(1.,0.,-0.));
#1926 = DEFINITIONAL_REPRESENTATION('',(#1927),#1931);
#1927 = LINE('',#1928,#1929);
#1928 = CARTESIAN_POINT('',(0.,4.));
#1929 = VECTOR('',#1930,1.);
#1930 = DIRECTION('',(1.,0.));
#1931 = ( GEOMETRIC_REPRESENTATION_CONTEXT(2) 
PARAMETRIC_REPRESENTATION_CONTEXT() REPRESENTATION_CONTEXT('2D SPACE',''
  ) );
#1932 = PCURVE('',#1933,#1938);
#1933 = PLANE('',#1934);
#1934 = AXIS2_PLACEMENT_3D('',#1935,#1936,#1937);
#1935 = CARTESIAN_POINT('',(28.991378028648,28.991378028648,
    1.093820508076E+03));
#1936 = DIRECTION('',(0.,0.,1.));
#1937 = DIRECTION('',(1.,0.,-0.));
#1938 = DEFINITIONAL_REPRESENTATION('',(#1939),#1943);
#1939 = CIRCLE('',#1940,4.);
#1940 = AXIS2_PLACEMENT_2D('',#1941,#1942);
#1941 = CARTESIAN_POINT('',(0.,0.));
#1942 = DIRECTION('',(1.,0.));
#1943 = ( GEOMETRIC_REPRESENTATION_CONTEXT(2) 
PARAMETRIC_REPRESENTATION_CONTEXT() REPRESENTATION_CONTEXT('2D SPACE',''
  ) );
#1944 = ORIENTED_EDGE('',*,*,#1945,.F.);
#1945 = EDGE_CURVE('',#1946,#1912,#1948,.T.);
#1946 = VERTEX_POINT('',#1947);
#1947 = CARTESIAN_POINT('',(32.991378028648,28.991378028648,
    1.089820508076E+03));
#1948 = SEAM_CURVE('',#1949,(#1953,#1960),.PCURVE_S1.);
#1949 = LINE('',#1950,#1951);
#1950 = CARTESIAN_POINT('',(32.991378028648,28.991378028648,
    1.089820508076E+03));
#1951 = VECTOR('',#1952,1.);
#1952 = DIRECTION('',(0.,0.,1.));
#1953 = PCURVE('',#1921,#1954);
#1954 = DEFINITIONAL_REPRESENTATION('',(#1955),#1959);
#1955 = LINE('',#1956,#1957);
#1956 = CARTESIAN_POINT('',(6.28318530718,-0.));
#1957 = VECTOR('',#1958,1.);
#1958 = DIRECTION('',(0.,1.));
#1959 = ( GEOMETRIC_REPRESENTATION_CONTEXT(2) 
PARAMETRIC_REPRESENTATION_CONTEXT() REPRESENTATION_CONTEXT('2D SPACE',''
  ) );
#1960 = PCURVE('',#1921,#1961);
#1961 = DEFINITIONAL_REPRESENTATION('',(#1962),#1966);
#1962 = LINE('',#1963,#1964);
#1963 = CARTESIAN_POINT('',(0.,-0.));
#1964 = VECTOR('',#1965,1.);
#1965 = DIRECTION('',(0.,1.));
#1966 = ( GEOMETRIC_REPRESENTATION_CONTEXT(2) 
PARAMETRIC_REPRESENTATION_CONTEXT() REPRESENTATION_CONTEXT('2D SPACE',''
  ) );
#1967 = ORIENTED_EDGE('',*,*,#1968,.T.);
#1968 = EDGE_CURVE('',#1946,#1946,#1969,.T.);
#1969 = SURFACE_CURVE('',#1970,(#1975,#1982),.PCURVE_S1.);
#1970 = CIRCLE('',#1971,4.);
#1971 = AXIS2_PLACEMENT_3D('',#1972,#1973,#1974);
#1972 = CARTESIAN_POINT('',(28.991378028648,28.991378028648,
    1.089820508076E+03));
#1973 = DIRECTION('',(0.,0.,1.));
#1974 = DIRECTION('',(1.,0.,-0.));
#1975 = PCURVE('',#1921,#1976);
#1976 = DEFINITIONAL_REPRESENTATION('',(#1977),#1981);
#1977 = LINE('',#1978,#1979);
#1978 = CARTESIAN_POINT('',(0.,0.));
#1979 = VECTOR('',#1980,1.);
#1980 = DIRECTION('',(1.,0.));
#1981 = ( GEOMETRIC_REPRESENTATION_CONTEXT(2) 
PARAMETRIC_REPRESENTATION_CONTEXT() REPRESENTATION_CONTEXT('2D SPACE',''
  ) );
#1982 = PCURVE('',#1983,#1988);
#1983 = PLANE('',#1984);
#1984 = AXIS2_PLACEMENT_3D('',#1985,#1986,#1987);
#1985 = CARTESIAN_POINT('',(28.991378028648,28.991378028648,
    1.089820508076E+03));
#1986 = DIRECTION('',(0.,0.,1.));
#1987 = DIRECTION('',(1.,0.,-0.));
#1988 = DEFINITIONAL_REPRESENTATION('',(#1989),#1993);
#1989 = CIRCLE('',#1990,4.);
#1990 = AXIS2_PLACEMENT_2D('',#1991,#1992);
#1991 = CARTESIAN_POINT('',(0.,0.));
#1992 = DIRECTION('',(1.,0.));
#1993 = ( GEOMETRIC_REPRESENTATION_CONTEXT(2) 
PARAMETRIC_REPRESENTATION_CONTEXT() REPRESENTATION_CONTEXT('2D SPACE',''
  ) );
#1994 = ORIENTED_EDGE('',*,*,#1945,.T.);
#1995 = ADVANCED_FACE('',(#1996),#1933,.T.);
#1996 = FACE_BOUND('',#1997,.T.);
#1997 = EDGE_LOOP('',(#1998));
#1998 = ORIENTED_EDGE('',*,*,#1911,.T.);
#1999 = ADVANCED_FACE('',(#2000),#1983,.F.);
#2000 = FACE_BOUND('',#2001,.T.);
#2001 = EDGE_LOOP('',(#2002));
#2002 = ORIENTED_EDGE('',*,*,#1968,.F.);
#2003 = MANIFOLD_SOLID_BREP('',#2004);
#2004 = CLOSED_SHELL('',(#2005,#2093,#2097));
#2005 = ADVANCED_FACE('',(#2006),#2019,.T.);
#2006 = FACE_BOUND('',#2007,.T.);
#2007 = EDGE_LOOP('',(#2008,#2042,#2065,#2092));
#2008 = ORIENTED_EDGE('',*,*,#2009,.F.);
#2009 = EDGE_CURVE('',#2010,#2010,#2012,.T.);
#2010 = VERTEX_POINT('',#2011);
#2011 = CARTESIAN_POINT('',(19.690020726969,37.879060832963,
    1.093820508076E+03));
#2012 = SURFACE_CURVE('',#2013,(#2018,#2030),.PCURVE_S1.);
#2013 = CIRCLE('',#2014,4.);
#2014 = AXIS2_PLACEMENT_3D('',#2015,#2016,#2017);
#2015 = CARTESIAN_POINT('',(15.690020726969,37.879060832963,
    1.093820508076E+03));
#2016 = DIRECTION('',(0.,0.,1.));
#2017 = DIRECTION('',(1.,0.,-0.));
#2018 = PCURVE('',#2019,#2024);
#2019 = CYLINDRICAL_SURFACE('',#2020,4.);
#2020 = AXIS2_PLACEMENT_3D('',#2021,#2022,#2023);
#2021 = CARTESIAN_POINT('',(15.690020726969,37.879060832963,
    1.089820508076E+03));
#2022 = DIRECTION('',(0.,0.,1.));
#2023 = DIRECTION('',(1.,0.,-0.));
#2024 = DEFINITIONAL_REPRESENTATION('',(#2025),#2029);
#2025 = LINE('',#2026,#2027);
#2026 = CARTESIAN_POINT('',(0.,4.));
#2027 = VECTOR('',#2028,1.);
#2028 = DIRECTION('',(1.,0.));
#2029 = ( GEOMETRIC_REPRESENTATION_CONTEXT(2) 
PARAMETRIC_REPRESENTATION_CONTEXT() REPRESENTATION_CONTEXT('2D SPACE',''
  ) );
#2030 = PCURVE('',#2031,#2036);
#2031 = PLANE('',#2032);
#2032 = AXIS2_PLACEMENT_3D('',#2033,#2034,#2035);
#2033 = CARTESIAN_POINT('',(15.690020726969,37.879060832963,
    1.093820508076E+03));
#2034 = DIRECTION('',(0.,0.,1.));
#2035 = DIRECTION('',(1.,0.,-0.));
#2036 = DEFINITIONAL_REPRESENTATION('',(#2037),#2041);
#2037 = CIRCLE('',#2038,4.);
#2038 = AXIS2_PLACEMENT_2D('',#2039,#2040);
#2039 = CARTESIAN_POINT('',(0.,0.));
#2040 = DIRECTION('',(1.,0.));
#2041 = ( GEOMETRIC_REPRESENTATION_CONTEXT(2) 
PARAMETRIC_REPRESENTATION_CONTEXT() REPRESENTATION_CONTEXT('2D SPACE',''
  ) );
#2042 = ORIENTED_EDGE('',*,*,#2043,.F.);
#2043 = EDGE_CURVE('',#2044,#2010,#2046,.T.);
#2044 = VERTEX_POINT('',#2045);
#2045 = CARTESIAN_POINT('',(19.690020726969,37.879060832963,
    1.089820508076E+03));
#2046 = SEAM_CURVE('',#2047,(#2051,#2058),.PCURVE_S1.);
#2047 = LINE('',#2048,#2049);
#2048 = CARTESIAN_POINT('',(19.690020726969,37.879060832963,
    1.089820508076E+03));
#2049 = VECTOR('',#2050,1.);
#2050 = DIRECTION('',(0.,0.,1.));
#2051 = PCURVE('',#2019,#2052);
#2052 = DEFINITIONAL_REPRESENTATION('',(#2053),#2057);
#2053 = LINE('',#2054,#2055);
#2054 = CARTESIAN_POINT('',(6.28318530718,-0.));
#2055 = VECTOR('',#2056,1.);
#2056 = DIRECTION('',(0.,1.));
#2057 = ( GEOMETRIC_REPRESENTATION_CONTEXT(2) 
PARAMETRIC_REPRESENTATION_CONTEXT() REPRESENTATION_CONTEXT('2D SPACE',''
  ) );
#2058 = PCURVE('',#2019,#2059);
#2059 = DEFINITIONAL_REPRESENTATION('',(#2060),#2064);
#2060 = LINE('',#2061,#2062);
#2061 = CARTESIAN_POINT('',(0.,-0.));
#2062 = VECTOR('',#2063,1.);
#2063 = DIRECTION('',(0.,1.));
#2064 = ( GEOMETRIC_REPRESENTATION_CONTEXT(2) 
PARAMETRIC_REPRESENTATION_CONTEXT() REPRESENTATION_CONTEXT('2D SPACE',''
  ) );
#2065 = ORIENTED_EDGE('',*,*,#2066,.T.);
#2066 = EDGE_CURVE('',#2044,#2044,#2067,.T.);
#2067 = SURFACE_CURVE('',#2068,(#2073,#2080),.PCURVE_S1.);
#2068 = CIRCLE('',#2069,4.);
#2069 = AXIS2_PLACEMENT_3D('',#2070,#2071,#2072);
#2070 = CARTESIAN_POINT('',(15.690020726969,37.879060832963,
    1.089820508076E+03));
#2071 = DIRECTION('',(0.,0.,1.));
#2072 = DIRECTION('',(1.,0.,-0.));
#2073 = PCURVE('',#2019,#2074);
#2074 = DEFINITIONAL_REPRESENTATION('',(#2075),#2079);
#2075 = LINE('',#2076,#2077);
#2076 = CARTESIAN_POINT('',(0.,0.));
#2077 = VECTOR('',#2078,1.);
#2078 = DIRECTION('',(1.,0.));
#2079 = ( GEOMETRIC_REPRESENTATION_CONTEXT(2) 
PARAMETRIC_REPRESENTATION_CONTEXT() REPRESENTATION_CONTEXT('2D SPACE',''
  ) );
#2080 = PCURVE('',#2081,#2086);
#2081 = PLANE('',#2082);
#2082 = AXIS2_PLACEMENT_3D('',#2083,#2084,#2085);
#2083 = CARTESIAN_POINT('',(15.690020726969,37.879060832963,
    1.089820508076E+03));
#2084 = DIRECTION('',(0.,0.,1.));
#2085 = DIRECTION('',(1.,0.,-0.));
#2086 = DEFINITIONAL_REPRESENTATION('',(#2087),#2091);
#2087 = CIRCLE('',#2088,4.);
#2088 = AXIS2_PLACEMENT_2D('',#2089,#2090);
#2089 = CARTESIAN_POINT('',(0.,0.));
#2090 = DIRECTION('',(1.,0.));
#2091 = ( GEOMETRIC_REPRESENTATION_CONTEXT(2) 
PARAMETRIC_REPRESENTATION_CONTEXT() REPRESENTATION_CONTEXT('2D SPACE',''
  ) );
#2092 = ORIENTED_EDGE('',*,*,#2043,.T.);
#2093 = ADVANCED_FACE('',(#2094),#2031,.T.);
#2094 = FACE_BOUND('',#2095,.T.);
#2095 = EDGE_LOOP('',(#2096));
#2096 = ORIENTED_EDGE('',*,*,#2009,.T.);
#2097 = ADVANCED_FACE('',(#2098),#2081,.F.);
#2098 = FACE_BOUND('',#2099,.T.);
#2099 = EDGE_LOOP('',(#2100));
#2100 = ORIENTED_EDGE('',*,*,#2066,.F.);
#2101 = MANIFOLD_SOLID_BREP('',#2102);
#2102 = CLOSED_SHELL('',(#2103,#2191,#2195));
#2103 = ADVANCED_FACE('',(#2104),#2117,.T.);
#2104 = FACE_BOUND('',#2105,.T.);
#2105 = EDGE_LOOP('',(#2106,#2140,#2163,#2190));
#2106 = ORIENTED_EDGE('',*,*,#2107,.F.);
#2107 = EDGE_CURVE('',#2108,#2108,#2110,.T.);
#2108 = VERTEX_POINT('',#2109);
#2109 = CARTESIAN_POINT('',(4.,41.,1.093820508076E+03));
#2110 = SURFACE_CURVE('',#2111,(#2116,#2128),.PCURVE_S1.);
#2111 = CIRCLE('',#2112,4.);
#2112 = AXIS2_PLACEMENT_3D('',#2113,#2114,#2115);
#2113 = CARTESIAN_POINT('',(2.510525938252E-15,41.,1.093820508076E+03));
#2114 = DIRECTION('',(0.,0.,1.));
#2115 = DIRECTION('',(1.,0.,-0.));
#2116 = PCURVE('',#2117,#2122);
#2117 = CYLINDRICAL_SURFACE('',#2118,4.);
#2118 = AXIS2_PLACEMENT_3D('',#2119,#2120,#2121);
#2119 = CARTESIAN_POINT('',(2.510525938252E-15,41.,1.089820508076E+03));
#2120 = DIRECTION('',(0.,0.,1.));
#2121 = DIRECTION('',(1.,0.,-0.));
#2122 = DEFINITIONAL_REPRESENTATION('',(#2123),#2127);
#2123 = LINE('',#2124,#2125);
#2124 = CARTESIAN_POINT('',(0.,4.));
#2125 = VECTOR('',#2126,1.);
#2126 = DIRECTION('',(1.,0.));
#2127 = ( GEOMETRIC_REPRESENTATION_CONTEXT(2) 
PARAMETRIC_REPRESENTATION_CONTEXT() REPRESENTATION_CONTEXT('2D SPACE',''
  ) );
#2128 = PCURVE('',#2129,#2134);
#2129 = PLANE('',#2130);
#2130 = AXIS2_PLACEMENT_3D('',#2131,#2132,#2133);
#2131 = CARTESIAN_POINT('',(2.510525938252E-15,41.,1.093820508076E+03));
#2132 = DIRECTION('',(0.,0.,1.));
#2133 = DIRECTION('',(1.,0.,-0.));
#2134 = DEFINITIONAL_REPRESENTATION('',(#2135),#2139);
#2135 = CIRCLE('',#2136,4.);
#2136 = AXIS2_PLACEMENT_2D('',#2137,#2138);
#2137 = CARTESIAN_POINT('',(0.,0.));
#2138 = DIRECTION('',(1.,0.));
#2139 = ( GEOMETRIC_REPRESENTATION_CONTEXT(2) 
PARAMETRIC_REPRESENTATION_CONTEXT() REPRESENTATION_CONTEXT('2D SPACE',''
  ) );
#2140 = ORIENTED_EDGE('',*,*,#2141,.F.);
#2141 = EDGE_CURVE('',#2142,#2108,#2144,.T.);
#2142 = VERTEX_POINT('',#2143);
#2143 = CARTESIAN_POINT('',(4.,41.,1.089820508076E+03));
#2144 = SEAM_CURVE('',#2145,(#2149,#2156),.PCURVE_S1.);
#2145 = LINE('',#2146,#2147);
#2146 = CARTESIAN_POINT('',(4.,41.,1.089820508076E+03));
#2147 = VECTOR('',#2148,1.);
#2148 = DIRECTION('',(0.,0.,1.));
#2149 = PCURVE('',#2117,#2150);
#2150 = DEFINITIONAL_REPRESENTATION('',(#2151),#2155);
#2151 = LINE('',#2152,#2153);
#2152 = CARTESIAN_POINT('',(6.28318530718,-0.));
#2153 = VECTOR('',#2154,1.);
#2154 = DIRECTION('',(0.,1.));
#2155 = ( GEOMETRIC_REPRESENTATION_CONTEXT(2) 
PARAMETRIC_REPRESENTATION_CONTEXT() REPRESENTATION_CONTEXT('2D SPACE',''
  ) );
#2156 = PCURVE('',#2117,#2157);
#2157 = DEFINITIONAL_REPRESENTATION('',(#2158),#2162);
#2158 = LINE('',#2159,#2160);
#2159 = CARTESIAN_POINT('',(0.,-0.));
#2160 = VECTOR('',#2161,1.);
#2161 = DIRECTION('',(0.,1.));
#2162 = ( GEOMETRIC_REPRESENTATION_CONTEXT(2) 
PARAMETRIC_REPRESENTATION_CONTEXT() REPRESENTATION_CONTEXT('2D SPACE',''
  ) );
#2163 = ORIENTED_EDGE('',*,*,#2164,.T.);
#2164 = EDGE_CURVE('',#2142,#2142,#2165,.T.);
#2165 = SURFACE_CURVE('',#2166,(#2171,#2178),.PCURVE_S1.);
#2166 = CIRCLE('',#2167,4.);
#2167 = AXIS2_PLACEMENT_3D('',#2168,#2169,#2170);
#2168 = CARTESIAN_POINT('',(2.510525938252E-15,41.,1.089820508076E+03));
#2169 = DIRECTION('',(0.,0.,1.));
#2170 = DIRECTION('',(1.,0.,-0.));
#2171 = PCURVE('',#2117,#2172);
#2172 = DEFINITIONAL_REPRESENTATION('',(#2173),#2177);
#2173 = LINE('',#2174,#2175);
#2174 = CARTESIAN_POINT('',(0.,0.));
#2175 = VECTOR('',#2176,1.);
#2176 = DIRECTION('',(1.,0.));
#2177 = ( GEOMETRIC_REPRESENTATION_CONTEXT(2) 
PARAMETRIC_REPRESENTATION_CONTEXT() REPRESENTATION_CONTEXT('2D SPACE',''
  ) );
#2178 = PCURVE('',#2179,#2184);
#2179 = PLANE('',#2180);
#2180 = AXIS2_PLACEMENT_3D('',#2181,#2182,#2183);
#2181 = CARTESIAN_POINT('',(2.510525938252E-15,41.,1.089820508076E+03));
#2182 = DIRECTION('',(0.,0.,1.));
#2183 = DIRECTION('',(1.,0.,-0.));
#2184 = DEFINITIONAL_REPRESENTATION('',(#2185),#2189);
#2185 = CIRCLE('',#2186,4.);
#2186 = AXIS2_PLACEMENT_2D('',#2187,#2188);
#2187 = CARTESIAN_POINT('',(0.,0.));
#2188 = DIRECTION('',(1.,0.));
#2189 = ( GEOMETRIC_REPRESENTATION_CONTEXT(2) 
PARAMETRIC_REPRESENTATION_CONTEXT() REPRESENTATION_CONTEXT('2D SPACE',''
  ) );
#2190 = ORIENTED_EDGE('',*,*,#2141,.T.);
#2191 = ADVANCED_FACE('',(#2192),#2129,.T.);
#2192 = FACE_BOUND('',#2193,.T.);
#2193 = EDGE_LOOP('',(#2194));
#2194 = ORIENTED_EDGE('',*,*,#2107,.T.);
#2195 = ADVANCED_FACE('',(#2196),#2179,.F.);
#2196 = FACE_BOUND('',#2197,.T.);
#2197 = EDGE_LOOP('',(#2198));
#2198 = ORIENTED_EDGE('',*,*,#2164,.F.);
#2199 = MANIFOLD_SOLID_BREP('',#2200);
#2200 = CLOSED_SHELL('',(#2201,#2289,#2293));
#2201 = ADVANCED_FACE('',(#2202),#2215,.T.);
#2202 = FACE_BOUND('',#2203,.T.);
#2203 = EDGE_LOOP('',(#2204,#2238,#2261,#2288));
#2204 = ORIENTED_EDGE('',*,*,#2205,.F.);
#2205 = EDGE_CURVE('',#2206,#2206,#2208,.T.);
#2206 = VERTEX_POINT('',#2207);
#2207 = CARTESIAN_POINT('',(-11.69002072696,37.879060832963,
    1.093820508076E+03));
#2208 = SURFACE_CURVE('',#2209,(#2214,#2226),.PCURVE_S1.);
#2209 = CIRCLE('',#2210,4.);
#2210 = AXIS2_PLACEMENT_3D('',#2211,#2212,#2213);
#2211 = CARTESIAN_POINT('',(-15.69002072696,37.879060832963,
    1.093820508076E+03));
#2212 = DIRECTION('',(0.,0.,1.));
#2213 = DIRECTION('',(1.,0.,-0.));
#2214 = PCURVE('',#2215,#2220);
#2215 = CYLINDRICAL_SURFACE('',#2216,4.);
#2216 = AXIS2_PLACEMENT_3D('',#2217,#2218,#2219);
#2217 = CARTESIAN_POINT('',(-15.69002072696,37.879060832963,
    1.089820508076E+03));
#2218 = DIRECTION('',(0.,0.,1.));
#2219 = DIRECTION('',(1.,0.,-0.));
#2220 = DEFINITIONAL_REPRESENTATION('',(#2221),#2225);
#2221 = LINE('',#2222,#2223);
#2222 = CARTESIAN_POINT('',(0.,4.));
#2223 = VECTOR('',#2224,1.);
#2224 = DIRECTION('',(1.,0.));
#2225 = ( GEOMETRIC_REPRESENTATION_CONTEXT(2) 
PARAMETRIC_REPRESENTATION_CONTEXT() REPRESENTATION_CONTEXT('2D SPACE',''
  ) );
#2226 = PCURVE('',#2227,#2232);
#2227 = PLANE('',#2228);
#2228 = AXIS2_PLACEMENT_3D('',#2229,#2230,#2231);
#2229 = CARTESIAN_POINT('',(-15.69002072696,37.879060832963,
    1.093820508076E+03));
#2230 = DIRECTION('',(0.,0.,1.));
#2231 = DIRECTION('',(1.,0.,-0.));
#2232 = DEFINITIONAL_REPRESENTATION('',(#2233),#2237);
#2233 = CIRCLE('',#2234,4.);
#2234 = AXIS2_PLACEMENT_2D('',#2235,#2236);
#2235 = CARTESIAN_POINT('',(0.,0.));
#2236 = DIRECTION('',(1.,0.));
#2237 = ( GEOMETRIC_REPRESENTATION_CONTEXT(2) 
PARAMETRIC_REPRESENTATION_CONTEXT() REPRESENTATION_CONTEXT('2D SPACE',''
  ) );
#2238 = ORIENTED_EDGE('',*,*,#2239,.F.);
#2239 = EDGE_CURVE('',#2240,#2206,#2242,.T.);
#2240 = VERTEX_POINT('',#2241);
#2241 = CARTESIAN_POINT('',(-11.69002072696,37.879060832963,
    1.089820508076E+03));
#2242 = SEAM_CURVE('',#2243,(#2247,#2254),.PCURVE_S1.);
#2243 = LINE('',#2244,#2245);
#2244 = CARTESIAN_POINT('',(-11.69002072696,37.879060832963,
    1.089820508076E+03));
#2245 = VECTOR('',#2246,1.);
#2246 = DIRECTION('',(0.,0.,1.));
#2247 = PCURVE('',#2215,#2248);
#2248 = DEFINITIONAL_REPRESENTATION('',(#2249),#2253);
#2249 = LINE('',#2250,#2251);
#2250 = CARTESIAN_POINT('',(6.28318530718,-0.));
#2251 = VECTOR('',#2252,1.);
#2252 = DIRECTION('',(0.,1.));
#2253 = ( GEOMETRIC_REPRESENTATION_CONTEXT(2) 
PARAMETRIC_REPRESENTATION_CONTEXT() REPRESENTATION_CONTEXT('2D SPACE',''
  ) );
#2254 = PCURVE('',#2215,#2255);
#2255 = DEFINITIONAL_REPRESENTATION('',(#2256),#2260);
#2256 = LINE('',#2257,#2258);
#2257 = CARTESIAN_POINT('',(0.,-0.));
#2258 = VECTOR('',#2259,1.);
#2259 = DIRECTION('',(0.,1.));
#2260 = ( GEOMETRIC_REPRESENTATION_CONTEXT(2) 
PARAMETRIC_REPRESENTATION_CONTEXT() REPRESENTATION_CONTEXT('2D SPACE',''
  ) );
#2261 = ORIENTED_EDGE('',*,*,#2262,.T.);
#2262 = EDGE_CURVE('',#2240,#2240,#2263,.T.);
#2263 = SURFACE_CURVE('',#2264,(#2269,#2276),.PCURVE_S1.);
#2264 = CIRCLE('',#2265,4.);
#2265 = AXIS2_PLACEMENT_3D('',#2266,#2267,#2268);
#2266 = CARTESIAN_POINT('',(-15.69002072696,37.879060832963,
    1.089820508076E+03));
#2267 = DIRECTION('',(0.,0.,1.));
#2268 = DIRECTION('',(1.,0.,-0.));
#2269 = PCURVE('',#2215,#2270);
#2270 = DEFINITIONAL_REPRESENTATION('',(#2271),#2275);
#2271 = LINE('',#2272,#2273);
#2272 = CARTESIAN_POINT('',(0.,0.));
#2273 = VECTOR('',#2274,1.);
#2274 = DIRECTION('',(1.,0.));
#2275 = ( GEOMETRIC_REPRESENTATION_CONTEXT(2) 
PARAMETRIC_REPRESENTATION_CONTEXT() REPRESENTATION_CONTEXT('2D SPACE',''
  ) );
#2276 = PCURVE('',#2277,#2282);
#2277 = PLANE('',#2278);
#2278 = AXIS2_PLACEMENT_3D('',#2279,#2280,#2281);
#2279 = CARTESIAN_POINT('',(-15.69002072696,37.879060832963,
    1.089820508076E+03));
#2280 = DIRECTION('',(0.,0.,1.));
#2281 = DIRECTION('',(1.,0.,-0.));
#2282 = DEFINITIONAL_REPRESENTATION('',(#2283),#2287);
#2283 = CIRCLE('',#2284,4.);
#2284 = AXIS2_PLACEMENT_2D('',#2285,#2286);
#2285 = CARTESIAN_POINT('',(0.,0.));
#2286 = DIRECTION('',(1.,0.));
#2287 = ( GEOMETRIC_REPRESENTATION_CONTEXT(2) 
PARAMETRIC_REPRESENTATION_CONTEXT() REPRESENTATION_CONTEXT('2D SPACE',''
  ) );
#2288 = ORIENTED_EDGE('',*,*,#2239,.T.);
#2289 = ADVANCED_FACE('',(#2290),#2227,.T.);
#2290 = FACE_BOUND('',#2291,.T.);
#2291 = EDGE_LOOP('',(#2292));
#2292 = ORIENTED_EDGE('',*,*,#2205,.T.);
#2293 = ADVANCED_FACE('',(#2294),#2277,.F.);
#2294 = FACE_BOUND('',#2295,.T.);
#2295 = EDGE_LOOP('',(#2296));
#2296 = ORIENTED_EDGE('',*,*,#2262,.F.);
#2297 = MANIFOLD_SOLID_BREP('',#2298);
#2298 = CLOSED_SHELL('',(#2299,#2387,#2391));
#2299 = ADVANCED_FACE('',(#2300),#2313,.T.);
#2300 = FACE_BOUND('',#2301,.T.);
#2301 = EDGE_LOOP('',(#2302,#2336,#2359,#2386));
#2302 = ORIENTED_EDGE('',*,*,#2303,.F.);
#2303 = EDGE_CURVE('',#2304,#2304,#2306,.T.);
#2304 = VERTEX_POINT('',#2305);
#2305 = CARTESIAN_POINT('',(-24.99137802864,28.991378028648,
    1.093820508076E+03));
#2306 = SURFACE_CURVE('',#2307,(#2312,#2324),.PCURVE_S1.);
#2307 = CIRCLE('',#2308,4.);
#2308 = AXIS2_PLACEMENT_3D('',#2309,#2310,#2311);
#2309 = CARTESIAN_POINT('',(-28.99137802864,28.991378028648,
    1.093820508076E+03));
#2310 = DIRECTION('',(0.,0.,1.));
#2311 = DIRECTION('',(1.,0.,-0.));
#2312 = PCURVE('',#2313,#2318);
#2313 = CYLINDRICAL_SURFACE('',#2314,4.);
#2314 = AXIS2_PLACEMENT_3D('',#2315,#2316,#2317);
#2315 = CARTESIAN_POINT('',(-28.99137802864,28.991378028648,
    1.089820508076E+03));
#2316 = DIRECTION('',(0.,0.,1.));
#2317 = DIRECTION('',(1.,0.,-0.));
#2318 = DEFINITIONAL_REPRESENTATION('',(#2319),#2323);
#2319 = LINE('',#2320,#2321);
#2320 = CARTESIAN_POINT('',(0.,4.));
#2321 = VECTOR('',#2322,1.);
#2322 = DIRECTION('',(1.,0.));
#2323 = ( GEOMETRIC_REPRESENTATION_CONTEXT(2) 
PARAMETRIC_REPRESENTATION_CONTEXT() REPRESENTATION_CONTEXT('2D SPACE',''
  ) );
#2324 = PCURVE('',#2325,#2330);
#2325 = PLANE('',#2326);
#2326 = AXIS2_PLACEMENT_3D('',#2327,#2328,#2329);
#2327 = CARTESIAN_POINT('',(-28.99137802864,28.991378028648,
    1.093820508076E+03));
#2328 = DIRECTION('',(0.,0.,1.));
#2329 = DIRECTION('',(1.,0.,-0.));
#2330 = DEFINITIONAL_REPRESENTATION('',(#2331),#2335);
#2331 = CIRCLE('',#2332,4.);
#2332 = AXIS2_PLACEMENT_2D('',#2333,#2334);
#2333 = CARTESIAN_POINT('',(0.,0.));
#2334 = DIRECTION('',(1.,0.));
#2335 = ( GEOMETRIC_REPRESENTATION_CONTEXT(2) 
PARAMETRIC_REPRESENTATION_CONTEXT() REPRESENTATION_CONTEXT('2D SPACE',''
  ) );
#2336 = ORIENTED_EDGE('',*,*,#2337,.F.);
#2337 = EDGE_CURVE('',#2338,#2304,#2340,.T.);
#2338 = VERTEX_POINT('',#2339);
#2339 = CARTESIAN_POINT('',(-24.99137802864,28.991378028648,
    1.089820508076E+03));
#2340 = SEAM_CURVE('',#2341,(#2345,#2352),.PCURVE_S1.);
#2341 = LINE('',#2342,#2343);
#2342 = CARTESIAN_POINT('',(-24.99137802864,28.991378028648,
    1.089820508076E+03));
#2343 = VECTOR('',#2344,1.);
#2344 = DIRECTION('',(0.,0.,1.));
#2345 = PCURVE('',#2313,#2346);
#2346 = DEFINITIONAL_REPRESENTATION('',(#2347),#2351);
#2347 = LINE('',#2348,#2349);
#2348 = CARTESIAN_POINT('',(6.28318530718,-0.));
#2349 = VECTOR('',#2350,1.);
#2350 = DIRECTION('',(0.,1.));
#2351 = ( GEOMETRIC_REPRESENTATION_CONTEXT(2) 
PARAMETRIC_REPRESENTATION_CONTEXT() REPRESENTATION_CONTEXT('2D SPACE',''
  ) );
#2352 = PCURVE('',#2313,#2353);
#2353 = DEFINITIONAL_REPRESENTATION('',(#2354),#2358);
#2354 = LINE('',#2355,#2356);
#2355 = CARTESIAN_POINT('',(0.,-0.));
#2356 = VECTOR('',#2357,1.);
#2357 = DIRECTION('',(0.,1.));
#2358 = ( GEOMETRIC_REPRESENTATION_CONTEXT(2) 
PARAMETRIC_REPRESENTATION_CONTEXT() REPRESENTATION_CONTEXT('2D SPACE',''
  ) );
#2359 = ORIENTED_EDGE('',*,*,#2360,.T.);
#2360 = EDGE_CURVE('',#2338,#2338,#2361,.T.);
#2361 = SURFACE_CURVE('',#2362,(#2367,#2374),.PCURVE_S1.);
#2362 = CIRCLE('',#2363,4.);
#2363 = AXIS2_PLACEMENT_3D('',#2364,#2365,#2366);
#2364 = CARTESIAN_POINT('',(-28.99137802864,28.991378028648,
    1.089820508076E+03));
#2365 = DIRECTION('',(0.,0.,1.));
#2366 = DIRECTION('',(1.,0.,-0.));
#2367 = PCURVE('',#2313,#2368);
#2368 = DEFINITIONAL_REPRESENTATION('',(#2369),#2373);
#2369 = LINE('',#2370,#2371);
#2370 = CARTESIAN_POINT('',(0.,0.));
#2371 = VECTOR('',#2372,1.);
#2372 = DIRECTION('',(1.,0.));
#2373 = ( GEOMETRIC_REPRESENTATION_CONTEXT(2) 
PARAMETRIC_REPRESENTATION_CONTEXT() REPRESENTATION_CONTEXT('2D SPACE',''
  ) );
#2374 = PCURVE('',#2375,#2380);
#2375 = PLANE('',#2376);
#2376 = AXIS2_PLACEMENT_3D('',#2377,#2378,#2379);
#2377 = CARTESIAN_POINT('',(-28.99137802864,28.991378028648,
    1.089820508076E+03));
#2378 = DIRECTION('',(0.,0.,1.));
#2379 = DIRECTION('',(1.,0.,-0.));
#2380 = DEFINITIONAL_REPRESENTATION('',(#2381),#2385);
#2381 = CIRCLE('',#2382,4.);
#2382 = AXIS2_PLACEMENT_2D('',#2383,#2384);
#2383 = CARTESIAN_POINT('',(0.,0.));
#2384 = DIRECTION('',(1.,0.));
#2385 = ( GEOMETRIC_REPRESENTATION_CONTEXT(2) 
PARAMETRIC_REPRESENTATION_CONTEXT() REPRESENTATION_CONTEXT('2D SPACE',''
  ) );
#2386 = ORIENTED_EDGE('',*,*,#2337,.T.);
#2387 = ADVANCED_FACE('',(#2388),#2325,.T.);
#2388 = FACE_BOUND('',#2389,.T.);
#2389 = EDGE_LOOP('',(#2390));
#2390 = ORIENTED_EDGE('',*,*,#2303,.T.);
#2391 = ADVANCED_FACE('',(#2392),#2375,.F.);
#2392 = FACE_BOUND('',#2393,.T.);
#2393 = EDGE_LOOP('',(#2394));
#2394 = ORIENTED_EDGE('',*,*,#2360,.F.);
#2395 = MANIFOLD_SOLID_BREP('',#2396);
#2396 = CLOSED_SHELL('',(#2397,#2485,#2489));
#2397 = ADVANCED_FACE('',(#2398),#2411,.T.);
#2398 = FACE_BOUND('',#2399,.T.);
#2399 = EDGE_LOOP('',(#2400,#2434,#2457,#2484));
#2400 = ORIENTED_EDGE('',*,*,#2401,.F.);
#2401 = EDGE_CURVE('',#2402,#2402,#2404,.T.);
#2402 = VERTEX_POINT('',#2403);
#2403 = CARTESIAN_POINT('',(-33.87906083296,15.690020726969,
    1.093820508076E+03));
#2404 = SURFACE_CURVE('',#2405,(#2410,#2422),.PCURVE_S1.);
#2405 = CIRCLE('',#2406,4.);
#2406 = AXIS2_PLACEMENT_3D('',#2407,#2408,#2409);
#2407 = CARTESIAN_POINT('',(-37.87906083296,15.690020726969,
    1.093820508076E+03));
#2408 = DIRECTION('',(0.,0.,1.));
#2409 = DIRECTION('',(1.,0.,-0.));
#2410 = PCURVE('',#2411,#2416);
#2411 = CYLINDRICAL_SURFACE('',#2412,4.);
#2412 = AXIS2_PLACEMENT_3D('',#2413,#2414,#2415);
#2413 = CARTESIAN_POINT('',(-37.87906083296,15.690020726969,
    1.089820508076E+03));
#2414 = DIRECTION('',(0.,0.,1.));
#2415 = DIRECTION('',(1.,0.,-0.));
#2416 = DEFINITIONAL_REPRESENTATION('',(#2417),#2421);
#2417 = LINE('',#2418,#2419);
#2418 = CARTESIAN_POINT('',(0.,4.));
#2419 = VECTOR('',#2420,1.);
#2420 = DIRECTION('',(1.,0.));
#2421 = ( GEOMETRIC_REPRESENTATION_CONTEXT(2) 
PARAMETRIC_REPRESENTATION_CONTEXT() REPRESENTATION_CONTEXT('2D SPACE',''
  ) );
#2422 = PCURVE('',#2423,#2428);
#2423 = PLANE('',#2424);
#2424 = AXIS2_PLACEMENT_3D('',#2425,#2426,#2427);
#2425 = CARTESIAN_POINT('',(-37.87906083296,15.690020726969,
    1.093820508076E+03));
#2426 = DIRECTION('',(0.,0.,1.));
#2427 = DIRECTION('',(1.,0.,-0.));
#2428 = DEFINITIONAL_REPRESENTATION('',(#2429),#2433);
#2429 = CIRCLE('',#2430,4.);
#2430 = AXIS2_PLACEMENT_2D('',#2431,#2432);
#2431 = CARTESIAN_POINT('',(0.,0.));
#2432 = DIRECTION('',(1.,0.));
#2433 = ( GEOMETRIC_REPRESENTATION_CONTEXT(2) 
PARAMETRIC_REPRESENTATION_CONTEXT() REPRESENTATION_CONTEXT('2D SPACE',''
  ) );
#2434 = ORIENTED_EDGE('',*,*,#2435,.F.);
#2435 = EDGE_CURVE('',#2436,#2402,#2438,.T.);
#2436 = VERTEX_POINT('',#2437);
#2437 = CARTESIAN_POINT('',(-33.87906083296,15.690020726969,
    1.089820508076E+03));
#2438 = SEAM_CURVE('',#2439,(#2443,#2450),.PCURVE_S1.);
#2439 = LINE('',#2440,#2441);
#2440 = CARTESIAN_POINT('',(-33.87906083296,15.690020726969,
    1.089820508076E+03));
#2441 = VECTOR('',#2442,1.);
#2442 = DIRECTION('',(0.,0.,1.));
#2443 = PCURVE('',#2411,#2444);
#2444 = DEFINITIONAL_REPRESENTATION('',(#2445),#2449);
#2445 = LINE('',#2446,#2447);
#2446 = CARTESIAN_POINT('',(6.28318530718,-0.));
#2447 = VECTOR('',#2448,1.);
#2448 = DIRECTION('',(0.,1.));
#2449 = ( GEOMETRIC_REPRESENTATION_CONTEXT(2) 
PARAMETRIC_REPRESENTATION_CONTEXT() REPRESENTATION_CONTEXT('2D SPACE',''
  ) );
#2450 = PCURVE('',#2411,#2451);
#2451 = DEFINITIONAL_REPRESENTATION('',(#2452),#2456);
#2452 = LINE('',#2453,#2454);
#2453 = CARTESIAN_POINT('',(0.,-0.));
#2454 = VECTOR('',#2455,1.);
#2455 = DIRECTION('',(0.,1.));
#2456 = ( GEOMETRIC_REPRESENTATION_CONTEXT(2) 
PARAMETRIC_REPRESENTATION_CONTEXT() REPRESENTATION_CONTEXT('2D SPACE',''
  ) );
#2457 = ORIENTED_EDGE('',*,*,#2458,.T.);
#2458 = EDGE_CURVE('',#2436,#2436,#2459,.T.);
#2459 = SURFACE_CURVE('',#2460,(#2465,#2472),.PCURVE_S1.);
#2460 = CIRCLE('',#2461,4.);
#2461 = AXIS2_PLACEMENT_3D('',#2462,#2463,#2464);
#2462 = CARTESIAN_POINT('',(-37.87906083296,15.690020726969,
    1.089820508076E+03));
#2463 = DIRECTION('',(0.,0.,1.));
#2464 = DIRECTION('',(1.,0.,-0.));
#2465 = PCURVE('',#2411,#2466);
#2466 = DEFINITIONAL_REPRESENTATION('',(#2467),#2471);
#2467 = LINE('',#2468,#2469);
#2468 = CARTESIAN_POINT('',(0.,0.));
#2469 = VECTOR('',#2470,1.);
#2470 = DIRECTION('',(1.,0.));
#2471 = ( GEOMETRIC_REPRESENTATION_CONTEXT(2) 
PARAMETRIC_REPRESENTATION_CONTEXT() REPRESENTATION_CONTEXT('2D SPACE',''
  ) );
#2472 = PCURVE('',#2473,#2478);
#2473 = PLANE('',#2474);
#2474 = AXIS2_PLACEMENT_3D('',#2475,#2476,#2477);
#2475 = CARTESIAN_POINT('',(-37.87906083296,15.690020726969,
    1.089820508076E+03));
#2476 = DIRECTION('',(0.,0.,1.));
#2477 = DIRECTION('',(1.,0.,-0.));
#2478 = DEFINITIONAL_REPRESENTATION('',(#2479),#2483);
#2479 = CIRCLE('',#2480,4.);
#2480 = AXIS2_PLACEMENT_2D('',#2481,#2482);
#2481 = CARTESIAN_POINT('',(0.,0.));
#2482 = DIRECTION('',(1.,0.));
#2483 = ( GEOMETRIC_REPRESENTATION_CONTEXT(2) 
PARAMETRIC_REPRESENTATION_CONTEXT() REPRESENTATION_CONTEXT('2D SPACE',''
  ) );
#2484 = ORIENTED_EDGE('',*,*,#2435,.T.);
#2485 = ADVANCED_FACE('',(#2486),#2423,.T.);
#2486 = FACE_BOUND('',#2487,.T.);
#2487 = EDGE_LOOP('',(#2488));
#2488 = ORIENTED_EDGE('',*,*,#2401,.T.);
#2489 = ADVANCED_FACE('',(#2490),#2473,.F.);
#2490 = FACE_BOUND('',#2491,.T.);
#2491 = EDGE_LOOP('',(#2492));
#2492 = ORIENTED_EDGE('',*,*,#2458,.F.);
#2493 = MANIFOLD_SOLID_BREP('',#2494);
#2494 = CLOSED_SHELL('',(#2495,#2583,#2587));
#2495 = ADVANCED_FACE('',(#2496),#2509,.T.);
#2496 = FACE_BOUND('',#2497,.T.);
#2497 = EDGE_LOOP('',(#2498,#2532,#2555,#2582));
#2498 = ORIENTED_EDGE('',*,*,#2499,.F.);
#2499 = EDGE_CURVE('',#2500,#2500,#2502,.T.);
#2500 = VERTEX_POINT('',#2501);
#2501 = CARTESIAN_POINT('',(-37.,4.041334437186E-15,1.093820508076E+03)
  );
#2502 = SURFACE_CURVE('',#2503,(#2508,#2520),.PCURVE_S1.);
#2503 = CIRCLE('',#2504,4.);
#2504 = AXIS2_PLACEMENT_3D('',#2505,#2506,#2507);
#2505 = CARTESIAN_POINT('',(-41.,5.021051876504E-15,1.093820508076E+03)
  );
#2506 = DIRECTION('',(0.,0.,1.));
#2507 = DIRECTION('',(1.,0.,-0.));
#2508 = PCURVE('',#2509,#2514);
#2509 = CYLINDRICAL_SURFACE('',#2510,4.);
#2510 = AXIS2_PLACEMENT_3D('',#2511,#2512,#2513);
#2511 = CARTESIAN_POINT('',(-41.,5.021051876504E-15,1.089820508076E+03)
  );
#2512 = DIRECTION('',(0.,0.,1.));
#2513 = DIRECTION('',(1.,0.,-0.));
#2514 = DEFINITIONAL_REPRESENTATION('',(#2515),#2519);
#2515 = LINE('',#2516,#2517);
#2516 = CARTESIAN_POINT('',(0.,4.));
#2517 = VECTOR('',#2518,1.);
#2518 = DIRECTION('',(1.,0.));
#2519 = ( GEOMETRIC_REPRESENTATION_CONTEXT(2) 
PARAMETRIC_REPRESENTATION_CONTEXT() REPRESENTATION_CONTEXT('2D SPACE',''
  ) );
#2520 = PCURVE('',#2521,#2526);
#2521 = PLANE('',#2522);
#2522 = AXIS2_PLACEMENT_3D('',#2523,#2524,#2525);
#2523 = CARTESIAN_POINT('',(-41.,5.021051876504E-15,1.093820508076E+03)
  );
#2524 = DIRECTION('',(0.,0.,1.));
#2525 = DIRECTION('',(1.,0.,-0.));
#2526 = DEFINITIONAL_REPRESENTATION('',(#2527),#2531);
#2527 = CIRCLE('',#2528,4.);
#2528 = AXIS2_PLACEMENT_2D('',#2529,#2530);
#2529 = CARTESIAN_POINT('',(0.,0.));
#2530 = DIRECTION('',(1.,0.));
#2531 = ( GEOMETRIC_REPRESENTATION_CONTEXT(2) 
PARAMETRIC_REPRESENTATION_CONTEXT() REPRESENTATION_CONTEXT('2D SPACE',''
  ) );
#2532 = ORIENTED_EDGE('',*,*,#2533,.F.);
#2533 = EDGE_CURVE('',#2534,#2500,#2536,.T.);
#2534 = VERTEX_POINT('',#2535);
#2535 = CARTESIAN_POINT('',(-37.,4.041334437186E-15,1.089820508076E+03)
  );
#2536 = SEAM_CURVE('',#2537,(#2541,#2548),.PCURVE_S1.);
#2537 = LINE('',#2538,#2539);
#2538 = CARTESIAN_POINT('',(-37.,4.041334437186E-15,1.089820508076E+03)
  );
#2539 = VECTOR('',#2540,1.);
#2540 = DIRECTION('',(0.,0.,1.));
#2541 = PCURVE('',#2509,#2542);
#2542 = DEFINITIONAL_REPRESENTATION('',(#2543),#2547);
#2543 = LINE('',#2544,#2545);
#2544 = CARTESIAN_POINT('',(6.28318530718,-0.));
#2545 = VECTOR('',#2546,1.);
#2546 = DIRECTION('',(0.,1.));
#2547 = ( GEOMETRIC_REPRESENTATION_CONTEXT(2) 
PARAMETRIC_REPRESENTATION_CONTEXT() REPRESENTATION_CONTEXT('2D SPACE',''
  ) );
#2548 = PCURVE('',#2509,#2549);
#2549 = DEFINITIONAL_REPRESENTATION('',(#2550),#2554);
#2550 = LINE('',#2551,#2552);
#2551 = CARTESIAN_POINT('',(0.,-0.));
#2552 = VECTOR('',#2553,1.);
#2553 = DIRECTION('',(0.,1.));
#2554 = ( GEOMETRIC_REPRESENTATION_CONTEXT(2) 
PARAMETRIC_REPRESENTATION_CONTEXT() REPRESENTATION_CONTEXT('2D SPACE',''
  ) );
#2555 = ORIENTED_EDGE('',*,*,#2556,.T.);
#2556 = EDGE_CURVE('',#2534,#2534,#2557,.T.);
#2557 = SURFACE_CURVE('',#2558,(#2563,#2570),.PCURVE_S1.);
#2558 = CIRCLE('',#2559,4.);
#2559 = AXIS2_PLACEMENT_3D('',#2560,#2561,#2562);
#2560 = CARTESIAN_POINT('',(-41.,5.021051876504E-15,1.089820508076E+03)
  );
#2561 = DIRECTION('',(0.,0.,1.));
#2562 = DIRECTION('',(1.,0.,-0.));
#2563 = PCURVE('',#2509,#2564);
#2564 = DEFINITIONAL_REPRESENTATION('',(#2565),#2569);
#2565 = LINE('',#2566,#2567);
#2566 = CARTESIAN_POINT('',(0.,0.));
#2567 = VECTOR('',#2568,1.);
#2568 = DIRECTION('',(1.,0.));
#2569 = ( GEOMETRIC_REPRESENTATION_CONTEXT(2) 
PARAMETRIC_REPRESENTATION_CONTEXT() REPRESENTATION_CONTEXT('2D SPACE',''
  ) );
#2570 = PCURVE('',#2571,#2576);
#2571 = PLANE('',#2572);
#2572 = AXIS2_PLACEMENT_3D('',#2573,#2574,#2575);
#2573 = CARTESIAN_POINT('',(-41.,5.021051876504E-15,1.089820508076E+03)
  );
#2574 = DIRECTION('',(0.,0.,1.));
#2575 = DIRECTION('',(1.,0.,-0.));
#2576 = DEFINITIONAL_REPRESENTATION('',(#2577),#2581);
#2577 = CIRCLE('',#2578,4.);
#2578 = AXIS2_PLACEMENT_2D('',#2579,#2580);
#2579 = CARTESIAN_POINT('',(0.,0.));
#2580 = DIRECTION('',(1.,0.));
#2581 = ( GEOMETRIC_REPRESENTATION_CONTEXT(2) 
PARAMETRIC_REPRESENTATION_CONTEXT() REPRESENTATION_CONTEXT('2D SPACE',''
  ) );
#2582 = ORIENTED_EDGE('',*,*,#2533,.T.);
#2583 = ADVANCED_FACE('',(#2584),#2521,.T.);
#2584 = FACE_BOUND('',#2585,.T.);
#2585 = EDGE_LOOP('',(#2586));
#2586 = ORIENTED_EDGE('',*,*,#2499,.T.);
#2587 = ADVANCED_FACE('',(#2588),#2571,.F.);
#2588 = FACE_BOUND('',#2589,.T.);
#2589 = EDGE_LOOP('',(#2590));
#2590 = ORIENTED_EDGE('',*,*,#2556,.F.);
#2591 = MANIFOLD_SOLID_BREP('',#2592);
#2592 = CLOSED_SHELL('',(#2593,#2681,#2685));
#2593 = ADVANCED_FACE('',(#2594),#2607,.T.);
#2594 = FACE_BOUND('',#2595,.T.);
#2595 = EDGE_LOOP('',(#2596,#2630,#2653,#2680));
#2596 = ORIENTED_EDGE('',*,*,#2597,.F.);
#2597 = EDGE_CURVE('',#2598,#2598,#2600,.T.);
#2598 = VERTEX_POINT('',#2599);
#2599 = CARTESIAN_POINT('',(-33.87906083296,-15.69002072696,
    1.093820508076E+03));
#2600 = SURFACE_CURVE('',#2601,(#2606,#2618),.PCURVE_S1.);
#2601 = CIRCLE('',#2602,4.);
#2602 = AXIS2_PLACEMENT_3D('',#2603,#2604,#2605);
#2603 = CARTESIAN_POINT('',(-37.87906083296,-15.69002072696,
    1.093820508076E+03));
#2604 = DIRECTION('',(0.,0.,1.));
#2605 = DIRECTION('',(1.,0.,-0.));
#2606 = PCURVE('',#2607,#2612);
#2607 = CYLINDRICAL_SURFACE('',#2608,4.);
#2608 = AXIS2_PLACEMENT_3D('',#2609,#2610,#2611);
#2609 = CARTESIAN_POINT('',(-37.87906083296,-15.69002072696,
    1.089820508076E+03));
#2610 = DIRECTION('',(0.,0.,1.));
#2611 = DIRECTION('',(1.,0.,-0.));
#2612 = DEFINITIONAL_REPRESENTATION('',(#2613),#2617);
#2613 = LINE('',#2614,#2615);
#2614 = CARTESIAN_POINT('',(0.,4.));
#2615 = VECTOR('',#2616,1.);
#2616 = DIRECTION('',(1.,0.));
#2617 = ( GEOMETRIC_REPRESENTATION_CONTEXT(2) 
PARAMETRIC_REPRESENTATION_CONTEXT() REPRESENTATION_CONTEXT('2D SPACE',''
  ) );
#2618 = PCURVE('',#2619,#2624);
#2619 = PLANE('',#2620);
#2620 = AXIS2_PLACEMENT_3D('',#2621,#2622,#2623);
#2621 = CARTESIAN_POINT('',(-37.87906083296,-15.69002072696,
    1.093820508076E+03));
#2622 = DIRECTION('',(0.,0.,1.));
#2623 = DIRECTION('',(1.,0.,-0.));
#2624 = DEFINITIONAL_REPRESENTATION('',(#2625),#2629);
#2625 = CIRCLE('',#2626,4.);
#2626 = AXIS2_PLACEMENT_2D('',#2627,#2628);
#2627 = CARTESIAN_POINT('',(0.,0.));
#2628 = DIRECTION('',(1.,0.));
#2629 = ( GEOMETRIC_REPRESENTATION_CONTEXT(2) 
PARAMETRIC_REPRESENTATION_CONTEXT() REPRESENTATION_CONTEXT('2D SPACE',''
  ) );
#2630 = ORIENTED_EDGE('',*,*,#2631,.F.);
#2631 = EDGE_CURVE('',#2632,#2598,#2634,.T.);
#2632 = VERTEX_POINT('',#2633);
#2633 = CARTESIAN_POINT('',(-33.87906083296,-15.69002072696,
    1.089820508076E+03));
#2634 = SEAM_CURVE('',#2635,(#2639,#2646),.PCURVE_S1.);
#2635 = LINE('',#2636,#2637);
#2636 = CARTESIAN_POINT('',(-33.87906083296,-15.69002072696,
    1.089820508076E+03));
#2637 = VECTOR('',#2638,1.);
#2638 = DIRECTION('',(0.,0.,1.));
#2639 = PCURVE('',#2607,#2640);
#2640 = DEFINITIONAL_REPRESENTATION('',(#2641),#2645);
#2641 = LINE('',#2642,#2643);
#2642 = CARTESIAN_POINT('',(6.28318530718,-0.));
#2643 = VECTOR('',#2644,1.);
#2644 = DIRECTION('',(0.,1.));
#2645 = ( GEOMETRIC_REPRESENTATION_CONTEXT(2) 
PARAMETRIC_REPRESENTATION_CONTEXT() REPRESENTATION_CONTEXT('2D SPACE',''
  ) );
#2646 = PCURVE('',#2607,#2647);
#2647 = DEFINITIONAL_REPRESENTATION('',(#2648),#2652);
#2648 = LINE('',#2649,#2650);
#2649 = CARTESIAN_POINT('',(0.,-0.));
#2650 = VECTOR('',#2651,1.);
#2651 = DIRECTION('',(0.,1.));
#2652 = ( GEOMETRIC_REPRESENTATION_CONTEXT(2) 
PARAMETRIC_REPRESENTATION_CONTEXT() REPRESENTATION_CONTEXT('2D SPACE',''
  ) );
#2653 = ORIENTED_EDGE('',*,*,#2654,.T.);
#2654 = EDGE_CURVE('',#2632,#2632,#2655,.T.);
#2655 = SURFACE_CURVE('',#2656,(#2661,#2668),.PCURVE_S1.);
#2656 = CIRCLE('',#2657,4.);
#2657 = AXIS2_PLACEMENT_3D('',#2658,#2659,#2660);
#2658 = CARTESIAN_POINT('',(-37.87906083296,-15.69002072696,
    1.089820508076E+03));
#2659 = DIRECTION('',(0.,0.,1.));
#2660 = DIRECTION('',(1.,0.,-0.));
#2661 = PCURVE('',#2607,#2662);
#2662 = DEFINITIONAL_REPRESENTATION('',(#2663),#2667);
#2663 = LINE('',#2664,#2665);
#2664 = CARTESIAN_POINT('',(0.,0.));
#2665 = VECTOR('',#2666,1.);
#2666 = DIRECTION('',(1.,0.));
#2667 = ( GEOMETRIC_REPRESENTATION_CONTEXT(2) 
PARAMETRIC_REPRESENTATION_CONTEXT() REPRESENTATION_CONTEXT('2D SPACE',''
  ) );
#2668 = PCURVE('',#2669,#2674);
#2669 = PLANE('',#2670);
#2670 = AXIS2_PLACEMENT_3D('',#2671,#2672,#2673);
#2671 = CARTESIAN_POINT('',(-37.87906083296,-15.69002072696,
    1.089820508076E+03));
#2672 = DIRECTION('',(0.,0.,1.));
#2673 = DIRECTION('',(1.,0.,-0.));
#2674 = DEFINITIONAL_REPRESENTATION('',(#2675),#2679);
#2675 = CIRCLE('',#2676,4.);
#2676 = AXIS2_PLACEMENT_2D('',#2677,#2678);
#2677 = CARTESIAN_POINT('',(0.,0.));
#2678 = DIRECTION('',(1.,0.));
#2679 = ( GEOMETRIC_REPRESENTATION_CONTEXT(2) 
PARAMETRIC_REPRESENTATION_CONTEXT() REPRESENTATION_CONTEXT('2D SPACE',''
  ) );
#2680 = ORIENTED_EDGE('',*,*,#2631,.T.);
#2681 = ADVANCED_FACE('',(#2682),#2619,.T.);
#2682 = FACE_BOUND('',#2683,.T.);
#2683 = EDGE_LOOP('',(#2684));
#2684 = ORIENTED_EDGE('',*,*,#2597,.T.);
#2685 = ADVANCED_FACE('',(#2686),#2669,.F.);
#2686 = FACE_BOUND('',#2687,.T.);
#2687 = EDGE_LOOP('',(#2688));
#2688 = ORIENTED_EDGE('',*,*,#2654,.F.);
#2689 = MANIFOLD_SOLID_BREP('',#2690);
#2690 = CLOSED_SHELL('',(#2691,#2779,#2783));
#2691 = ADVANCED_FACE('',(#2692),#2705,.T.);
#2692 = FACE_BOUND('',#2693,.T.);
#2693 = EDGE_LOOP('',(#2694,#2728,#2751,#2778));
#2694 = ORIENTED_EDGE('',*,*,#2695,.F.);
#2695 = EDGE_CURVE('',#2696,#2696,#2698,.T.);
#2696 = VERTEX_POINT('',#2697);
#2697 = CARTESIAN_POINT('',(-24.99137802864,-28.99137802864,
    1.093820508076E+03));
#2698 = SURFACE_CURVE('',#2699,(#2704,#2716),.PCURVE_S1.);
#2699 = CIRCLE('',#2700,4.);
#2700 = AXIS2_PLACEMENT_3D('',#2701,#2702,#2703);
#2701 = CARTESIAN_POINT('',(-28.99137802864,-28.99137802864,
    1.093820508076E+03));
#2702 = DIRECTION('',(0.,0.,1.));
#2703 = DIRECTION('',(1.,0.,-0.));
#2704 = PCURVE('',#2705,#2710);
#2705 = CYLINDRICAL_SURFACE('',#2706,4.);
#2706 = AXIS2_PLACEMENT_3D('',#2707,#2708,#2709);
#2707 = CARTESIAN_POINT('',(-28.99137802864,-28.99137802864,
    1.089820508076E+03));
#2708 = DIRECTION('',(0.,0.,1.));
#2709 = DIRECTION('',(1.,0.,-0.));
#2710 = DEFINITIONAL_REPRESENTATION('',(#2711),#2715);
#2711 = LINE('',#2712,#2713);
#2712 = CARTESIAN_POINT('',(0.,4.));
#2713 = VECTOR('',#2714,1.);
#2714 = DIRECTION('',(1.,0.));
#2715 = ( GEOMETRIC_REPRESENTATION_CONTEXT(2) 
PARAMETRIC_REPRESENTATION_CONTEXT() REPRESENTATION_CONTEXT('2D SPACE',''
  ) );
#2716 = PCURVE('',#2717,#2722);
#2717 = PLANE('',#2718);
#2718 = AXIS2_PLACEMENT_3D('',#2719,#2720,#2721);
#2719 = CARTESIAN_POINT('',(-28.99137802864,-28.99137802864,
    1.093820508076E+03));
#2720 = DIRECTION('',(0.,0.,1.));
#2721 = DIRECTION('',(1.,0.,-0.));
#2722 = DEFINITIONAL_REPRESENTATION('',(#2723),#2727);
#2723 = CIRCLE('',#2724,4.);
#2724 = AXIS2_PLACEMENT_2D('',#2725,#2726);
#2725 = CARTESIAN_POINT('',(0.,0.));
#2726 = DIRECTION('',(1.,0.));
#2727 = ( GEOMETRIC_REPRESENTATION_CONTEXT(2) 
PARAMETRIC_REPRESENTATION_CONTEXT() REPRESENTATION_CONTEXT('2D SPACE',''
  ) );
#2728 = ORIENTED_EDGE('',*,*,#2729,.F.);
#2729 = EDGE_CURVE('',#2730,#2696,#2732,.T.);
#2730 = VERTEX_POINT('',#2731);
#2731 = CARTESIAN_POINT('',(-24.99137802864,-28.99137802864,
    1.089820508076E+03));
#2732 = SEAM_CURVE('',#2733,(#2737,#2744),.PCURVE_S1.);
#2733 = LINE('',#2734,#2735);
#2734 = CARTESIAN_POINT('',(-24.99137802864,-28.99137802864,
    1.089820508076E+03));
#2735 = VECTOR('',#2736,1.);
#2736 = DIRECTION('',(0.,0.,1.));
#2737 = PCURVE('',#2705,#2738);
#2738 = DEFINITIONAL_REPRESENTATION('',(#2739),#2743);
#2739 = LINE('',#2740,#2741);
#2740 = CARTESIAN_POINT('',(6.28318530718,-0.));
#2741 = VECTOR('',#2742,1.);
#2742 = DIRECTION('',(0.,1.));
#2743 = ( GEOMETRIC_REPRESENTATION_CONTEXT(2) 
PARAMETRIC_REPRESENTATION_CONTEXT() REPRESENTATION_CONTEXT('2D SPACE',''
  ) );
#2744 = PCURVE('',#2705,#2745);
#2745 = DEFINITIONAL_REPRESENTATION('',(#2746),#2750);
#2746 = LINE('',#2747,#2748);
#2747 = CARTESIAN_POINT('',(0.,-0.));
#2748 = VECTOR('',#2749,1.);
#2749 = DIRECTION('',(0.,1.));
#2750 = ( GEOMETRIC_REPRESENTATION_CONTEXT(2) 
PARAMETRIC_REPRESENTATION_CONTEXT() REPRESENTATION_CONTEXT('2D SPACE',''
  ) );
#2751 = ORIENTED_EDGE('',*,*,#2752,.T.);
#2752 = EDGE_CURVE('',#2730,#2730,#2753,.T.);
#2753 = SURFACE_CURVE('',#2754,(#2759,#2766),.PCURVE_S1.);
#2754 = CIRCLE('',#2755,4.);
#2755 = AXIS2_PLACEMENT_3D('',#2756,#2757,#2758);
#2756 = CARTESIAN_POINT('',(-28.99137802864,-28.99137802864,
    1.089820508076E+03));
#2757 = DIRECTION('',(0.,0.,1.));
#2758 = DIRECTION('',(1.,0.,-0.));
#2759 = PCURVE('',#2705,#2760);
#2760 = DEFINITIONAL_REPRESENTATION('',(#2761),#2765);
#2761 = LINE('',#2762,#2763);
#2762 = CARTESIAN_POINT('',(0.,0.));
#2763 = VECTOR('',#2764,1.);
#2764 = DIRECTION('',(1.,0.));
#2765 = ( GEOMETRIC_REPRESENTATION_CONTEXT(2) 
PARAMETRIC_REPRESENTATION_CONTEXT() REPRESENTATION_CONTEXT('2D SPACE',''
  ) );
#2766 = PCURVE('',#2767,#2772);
#2767 = PLANE('',#2768);
#2768 = AXIS2_PLACEMENT_3D('',#2769,#2770,#2771);
#2769 = CARTESIAN_POINT('',(-28.99137802864,-28.99137802864,
    1.089820508076E+03));
#2770 = DIRECTION('',(0.,0.,1.));
#2771 = DIRECTION('',(1.,0.,-0.));
#2772 = DEFINITIONAL_REPRESENTATION('',(#2773),#2777);
#2773 = CIRCLE('',#2774,4.);
#2774 = AXIS2_PLACEMENT_2D('',#2775,#2776);
#2775 = CARTESIAN_POINT('',(0.,0.));
#2776 = DIRECTION('',(1.,0.));
#2777 = ( GEOMETRIC_REPRESENTATION_CONTEXT(2) 
PARAMETRIC_REPRESENTATION_CONTEXT() REPRESENTATION_CONTEXT('2D SPACE',''
  ) );
#2778 = ORIENTED_EDGE('',*,*,#2729,.T.);
#2779 = ADVANCED_FACE('',(#2780),#2717,.T.);
#2780 = FACE_BOUND('',#2781,.T.);
#2781 = EDGE_LOOP('',(#2782));
#2782 = ORIENTED_EDGE('',*,*,#2695,.T.);
#2783 = ADVANCED_FACE('',(#2784),#2767,.F.);
#2784 = FACE_BOUND('',#2785,.T.);
#2785 = EDGE_LOOP('',(#2786));
#2786 = ORIENTED_EDGE('',*,*,#2752,.F.);
#2787 = MANIFOLD_SOLID_BREP('',#2788);
#2788 = CLOSED_SHELL('',(#2789,#2877,#2881));
#2789 = ADVANCED_FACE('',(#2790),#2803,.T.);
#2790 = FACE_BOUND('',#2791,.T.);
#2791 = EDGE_LOOP('',(#2792,#2826,#2849,#2876));
#2792 = ORIENTED_EDGE('',*,*,#2793,.F.);
#2793 = EDGE_CURVE('',#2794,#2794,#2796,.T.);
#2794 = VERTEX_POINT('',#2795);
#2795 = CARTESIAN_POINT('',(-11.69002072696,-37.87906083296,
    1.093820508076E+03));
#2796 = SURFACE_CURVE('',#2797,(#2802,#2814),.PCURVE_S1.);
#2797 = CIRCLE('',#2798,4.);
#2798 = AXIS2_PLACEMENT_3D('',#2799,#2800,#2801);
#2799 = CARTESIAN_POINT('',(-15.69002072696,-37.87906083296,
    1.093820508076E+03));
#2800 = DIRECTION('',(0.,0.,1.));
#2801 = DIRECTION('',(1.,0.,-0.));
#2802 = PCURVE('',#2803,#2808);
#2803 = CYLINDRICAL_SURFACE('',#2804,4.);
#2804 = AXIS2_PLACEMENT_3D('',#2805,#2806,#2807);
#2805 = CARTESIAN_POINT('',(-15.69002072696,-37.87906083296,
    1.089820508076E+03));
#2806 = DIRECTION('',(0.,0.,1.));
#2807 = DIRECTION('',(1.,0.,-0.));
#2808 = DEFINITIONAL_REPRESENTATION('',(#2809),#2813);
#2809 = LINE('',#2810,#2811);
#2810 = CARTESIAN_POINT('',(0.,4.));
#2811 = VECTOR('',#2812,1.);
#2812 = DIRECTION('',(1.,0.));
#2813 = ( GEOMETRIC_REPRESENTATION_CONTEXT(2) 
PARAMETRIC_REPRESENTATION_CONTEXT() REPRESENTATION_CONTEXT('2D SPACE',''
  ) );
#2814 = PCURVE('',#2815,#2820);
#2815 = PLANE('',#2816);
#2816 = AXIS2_PLACEMENT_3D('',#2817,#2818,#2819);
#2817 = CARTESIAN_POINT('',(-15.69002072696,-37.87906083296,
    1.093820508076E+03));
#2818 = DIRECTION('',(0.,0.,1.));
#2819 = DIRECTION('',(1.,0.,-0.));
#2820 = DEFINITIONAL_REPRESENTATION('',(#2821),#2825);
#2821 = CIRCLE('',#2822,4.);
#2822 = AXIS2_PLACEMENT_2D('',#2823,#2824);
#2823 = CARTESIAN_POINT('',(0.,0.));
#2824 = DIRECTION('',(1.,0.));
#2825 = ( GEOMETRIC_REPRESENTATION_CONTEXT(2) 
PARAMETRIC_REPRESENTATION_CONTEXT() REPRESENTATION_CONTEXT('2D SPACE',''
  ) );
#2826 = ORIENTED_EDGE('',*,*,#2827,.F.);
#2827 = EDGE_CURVE('',#2828,#2794,#2830,.T.);
#2828 = VERTEX_POINT('',#2829);
#2829 = CARTESIAN_POINT('',(-11.69002072696,-37.87906083296,
    1.089820508076E+03));
#2830 = SEAM_CURVE('',#2831,(#2835,#2842),.PCURVE_S1.);
#2831 = LINE('',#2832,#2833);
#2832 = CARTESIAN_POINT('',(-11.69002072696,-37.87906083296,
    1.089820508076E+03));
#2833 = VECTOR('',#2834,1.);
#2834 = DIRECTION('',(0.,0.,1.));
#2835 = PCURVE('',#2803,#2836);
#2836 = DEFINITIONAL_REPRESENTATION('',(#2837),#2841);
#2837 = LINE('',#2838,#2839);
#2838 = CARTESIAN_POINT('',(6.28318530718,-0.));
#2839 = VECTOR('',#2840,1.);
#2840 = DIRECTION('',(0.,1.));
#2841 = ( GEOMETRIC_REPRESENTATION_CONTEXT(2) 
PARAMETRIC_REPRESENTATION_CONTEXT() REPRESENTATION_CONTEXT('2D SPACE',''
  ) );
#2842 = PCURVE('',#2803,#2843);
#2843 = DEFINITIONAL_REPRESENTATION('',(#2844),#2848);
#2844 = LINE('',#2845,#2846);
#2845 = CARTESIAN_POINT('',(0.,-0.));
#2846 = VECTOR('',#2847,1.);
#2847 = DIRECTION('',(0.,1.));
#2848 = ( GEOMETRIC_REPRESENTATION_CONTEXT(2) 
PARAMETRIC_REPRESENTATION_CONTEXT() REPRESENTATION_CONTEXT('2D SPACE',''
  ) );
#2849 = ORIENTED_EDGE('',*,*,#2850,.T.);
#2850 = EDGE_CURVE('',#2828,#2828,#2851,.T.);
#2851 = SURFACE_CURVE('',#2852,(#2857,#2864),.PCURVE_S1.);
#2852 = CIRCLE('',#2853,4.);
#2853 = AXIS2_PLACEMENT_3D('',#2854,#2855,#2856);
#2854 = CARTESIAN_POINT('',(-15.69002072696,-37.87906083296,
    1.089820508076E+03));
#2855 = DIRECTION('',(0.,0.,1.));
#2856 = DIRECTION('',(1.,0.,-0.));
#2857 = PCURVE('',#2803,#2858);
#2858 = DEFINITIONAL_REPRESENTATION('',(#2859),#2863);
#2859 = LINE('',#2860,#2861);
#2860 = CARTESIAN_POINT('',(0.,0.));
#2861 = VECTOR('',#2862,1.);
#2862 = DIRECTION('',(1.,0.));
#2863 = ( GEOMETRIC_REPRESENTATION_CONTEXT(2) 
PARAMETRIC_REPRESENTATION_CONTEXT() REPRESENTATION_CONTEXT('2D SPACE',''
  ) );
#2864 = PCURVE('',#2865,#2870);
#2865 = PLANE('',#2866);
#2866 = AXIS2_PLACEMENT_3D('',#2867,#2868,#2869);
#2867 = CARTESIAN_POINT('',(-15.69002072696,-37.87906083296,
    1.089820508076E+03));
#2868 = DIRECTION('',(0.,0.,1.));
#2869 = DIRECTION('',(1.,0.,-0.));
#2870 = DEFINITIONAL_REPRESENTATION('',(#2871),#2875);
#2871 = CIRCLE('',#2872,4.);
#2872 = AXIS2_PLACEMENT_2D('',#2873,#2874);
#2873 = CARTESIAN_POINT('',(0.,0.));
#2874 = DIRECTION('',(1.,0.));
#2875 = ( GEOMETRIC_REPRESENTATION_CONTEXT(2) 
PARAMETRIC_REPRESENTATION_CONTEXT() REPRESENTATION_CONTEXT('2D SPACE',''
  ) );
#2876 = ORIENTED_EDGE('',*,*,#2827,.T.);
#2877 = ADVANCED_FACE('',(#2878),#2815,.T.);
#2878 = FACE_BOUND('',#2879,.T.);
#2879 = EDGE_LOOP('',(#2880));
#2880 = ORIENTED_EDGE('',*,*,#2793,.T.);
#2881 = ADVANCED_FACE('',(#2882),#2865,.F.);
#2882 = FACE_BOUND('',#2883,.T.);
#2883 = EDGE_LOOP('',(#2884));
#2884 = ORIENTED_EDGE('',*,*,#2850,.F.);
#2885 = MANIFOLD_SOLID_BREP('',#2886);
#2886 = CLOSED_SHELL('',(#2887,#2975,#2979));
#2887 = ADVANCED_FACE('',(#2888),#2901,.T.);
#2888 = FACE_BOUND('',#2889,.T.);
#2889 = EDGE_LOOP('',(#2890,#2924,#2947,#2974));
#2890 = ORIENTED_EDGE('',*,*,#2891,.F.);
#2891 = EDGE_CURVE('',#2892,#2892,#2894,.T.);
#2892 = VERTEX_POINT('',#2893);
#2893 = CARTESIAN_POINT('',(4.,-41.,1.093820508076E+03));
#2894 = SURFACE_CURVE('',#2895,(#2900,#2912),.PCURVE_S1.);
#2895 = CIRCLE('',#2896,4.);
#2896 = AXIS2_PLACEMENT_3D('',#2897,#2898,#2899);
#2897 = CARTESIAN_POINT('',(-7.531577814756E-15,-41.,1.093820508076E+03)
  );
#2898 = DIRECTION('',(0.,0.,1.));
#2899 = DIRECTION('',(1.,0.,-0.));
#2900 = PCURVE('',#2901,#2906);
#2901 = CYLINDRICAL_SURFACE('',#2902,4.);
#2902 = AXIS2_PLACEMENT_3D('',#2903,#2904,#2905);
#2903 = CARTESIAN_POINT('',(-7.531577814756E-15,-41.,1.089820508076E+03)
  );
#2904 = DIRECTION('',(0.,0.,1.));
#2905 = DIRECTION('',(1.,0.,-0.));
#2906 = DEFINITIONAL_REPRESENTATION('',(#2907),#2911);
#2907 = LINE('',#2908,#2909);
#2908 = CARTESIAN_POINT('',(0.,4.));
#2909 = VECTOR('',#2910,1.);
#2910 = DIRECTION('',(1.,0.));
#2911 = ( GEOMETRIC_REPRESENTATION_CONTEXT(2) 
PARAMETRIC_REPRESENTATION_CONTEXT() REPRESENTATION_CONTEXT('2D SPACE',''
  ) );
#2912 = PCURVE('',#2913,#2918);
#2913 = PLANE('',#2914);
#2914 = AXIS2_PLACEMENT_3D('',#2915,#2916,#2917);
#2915 = CARTESIAN_POINT('',(-7.531577814756E-15,-41.,1.093820508076E+03)
  );
#2916 = DIRECTION('',(0.,0.,1.));
#2917 = DIRECTION('',(1.,0.,-0.));
#2918 = DEFINITIONAL_REPRESENTATION('',(#2919),#2923);
#2919 = CIRCLE('',#2920,4.);
#2920 = AXIS2_PLACEMENT_2D('',#2921,#2922);
#2921 = CARTESIAN_POINT('',(0.,0.));
#2922 = DIRECTION('',(1.,0.));
#2923 = ( GEOMETRIC_REPRESENTATION_CONTEXT(2) 
PARAMETRIC_REPRESENTATION_CONTEXT() REPRESENTATION_CONTEXT('2D SPACE',''
  ) );
#2924 = ORIENTED_EDGE('',*,*,#2925,.F.);
#2925 = EDGE_CURVE('',#2926,#2892,#2928,.T.);
#2926 = VERTEX_POINT('',#2927);
#2927 = CARTESIAN_POINT('',(4.,-41.,1.089820508076E+03));
#2928 = SEAM_CURVE('',#2929,(#2933,#2940),.PCURVE_S1.);
#2929 = LINE('',#2930,#2931);
#2930 = CARTESIAN_POINT('',(4.,-41.,1.089820508076E+03));
#2931 = VECTOR('',#2932,1.);
#2932 = DIRECTION('',(0.,0.,1.));
#2933 = PCURVE('',#2901,#2934);
#2934 = DEFINITIONAL_REPRESENTATION('',(#2935),#2939);
#2935 = LINE('',#2936,#2937);
#2936 = CARTESIAN_POINT('',(6.28318530718,-0.));
#2937 = VECTOR('',#2938,1.);
#2938 = DIRECTION('',(0.,1.));
#2939 = ( GEOMETRIC_REPRESENTATION_CONTEXT(2) 
PARAMETRIC_REPRESENTATION_CONTEXT() REPRESENTATION_CONTEXT('2D SPACE',''
  ) );
#2940 = PCURVE('',#2901,#2941);
#2941 = DEFINITIONAL_REPRESENTATION('',(#2942),#2946);
#2942 = LINE('',#2943,#2944);
#2943 = CARTESIAN_POINT('',(0.,-0.));
#2944 = VECTOR('',#2945,1.);
#2945 = DIRECTION('',(0.,1.));
#2946 = ( GEOMETRIC_REPRESENTATION_CONTEXT(2) 
PARAMETRIC_REPRESENTATION_CONTEXT() REPRESENTATION_CONTEXT('2D SPACE',''
  ) );
#2947 = ORIENTED_EDGE('',*,*,#2948,.T.);
#2948 = EDGE_CURVE('',#2926,#2926,#2949,.T.);
#2949 = SURFACE_CURVE('',#2950,(#2955,#2962),.PCURVE_S1.);
#2950 = CIRCLE('',#2951,4.);
#2951 = AXIS2_PLACEMENT_3D('',#2952,#2953,#2954);
#2952 = CARTESIAN_POINT('',(-7.531577814756E-15,-41.,1.089820508076E+03)
  );
#2953 = DIRECTION('',(0.,0.,1.));
#2954 = DIRECTION('',(1.,0.,-0.));
#2955 = PCURVE('',#2901,#2956);
#2956 = DEFINITIONAL_REPRESENTATION('',(#2957),#2961);
#2957 = LINE('',#2958,#2959);
#2958 = CARTESIAN_POINT('',(0.,0.));
#2959 = VECTOR('',#2960,1.);
#2960 = DIRECTION('',(1.,0.));
#2961 = ( GEOMETRIC_REPRESENTATION_CONTEXT(2) 
PARAMETRIC_REPRESENTATION_CONTEXT() REPRESENTATION_CONTEXT('2D SPACE',''
  ) );
#2962 = PCURVE('',#2963,#2968);
#2963 = PLANE('',#2964);
#2964 = AXIS2_PLACEMENT_3D('',#2965,#2966,#2967);
#2965 = CARTESIAN_POINT('',(-7.531577814756E-15,-41.,1.089820508076E+03)
  );
#2966 = DIRECTION('',(0.,0.,1.));
#2967 = DIRECTION('',(1.,0.,-0.));
#2968 = DEFINITIONAL_REPRESENTATION('',(#2969),#2973);
#2969 = CIRCLE('',#2970,4.);
#2970 = AXIS2_PLACEMENT_2D('',#2971,#2972);
#2971 = CARTESIAN_POINT('',(0.,0.));
#2972 = DIRECTION('',(1.,0.));
#2973 = ( GEOMETRIC_REPRESENTATION_CONTEXT(2) 
PARAMETRIC_REPRESENTATION_CONTEXT() REPRESENTATION_CONTEXT('2D SPACE',''
  ) );
#2974 = ORIENTED_EDGE('',*,*,#2925,.T.);
#2975 = ADVANCED_FACE('',(#2976),#2913,.T.);
#2976 = FACE_BOUND('',#2977,.T.);
#2977 = EDGE_LOOP('',(#2978));
#2978 = ORIENTED_EDGE('',*,*,#2891,.T.);
#2979 = ADVANCED_FACE('',(#2980),#2963,.F.);
#2980 = FACE_BOUND('',#2981,.T.);
#2981 = EDGE_LOOP('',(#2982));
#2982 = ORIENTED_EDGE('',*,*,#2948,.F.);
#2983 = MANIFOLD_SOLID_BREP('',#2984);
#2984 = CLOSED_SHELL('',(#2985,#3073,#3077));
#2985 = ADVANCED_FACE('',(#2986),#2999,.T.);
#2986 = FACE_BOUND('',#2987,.T.);
#2987 = EDGE_LOOP('',(#2988,#3022,#3045,#3072));
#2988 = ORIENTED_EDGE('',*,*,#2989,.F.);
#2989 = EDGE_CURVE('',#2990,#2990,#2992,.T.);
#2990 = VERTEX_POINT('',#2991);
#2991 = CARTESIAN_POINT('',(19.690020726969,-37.87906083296,
    1.093820508076E+03));
#2992 = SURFACE_CURVE('',#2993,(#2998,#3010),.PCURVE_S1.);
#2993 = CIRCLE('',#2994,4.);
#2994 = AXIS2_PLACEMENT_3D('',#2995,#2996,#2997);
#2995 = CARTESIAN_POINT('',(15.690020726969,-37.87906083296,
    1.093820508076E+03));
#2996 = DIRECTION('',(0.,0.,1.));
#2997 = DIRECTION('',(1.,0.,-0.));
#2998 = PCURVE('',#2999,#3004);
#2999 = CYLINDRICAL_SURFACE('',#3000,4.);
#3000 = AXIS2_PLACEMENT_3D('',#3001,#3002,#3003);
#3001 = CARTESIAN_POINT('',(15.690020726969,-37.87906083296,
    1.089820508076E+03));
#3002 = DIRECTION('',(0.,0.,1.));
#3003 = DIRECTION('',(1.,0.,-0.));
#3004 = DEFINITIONAL_REPRESENTATION('',(#3005),#3009);
#3005 = LINE('',#3006,#3007);
#3006 = CARTESIAN_POINT('',(0.,4.));
#3007 = VECTOR('',#3008,1.);
#3008 = DIRECTION('',(1.,0.));
#3009 = ( GEOMETRIC_REPRESENTATION_CONTEXT(2) 
PARAMETRIC_REPRESENTATION_CONTEXT() REPRESENTATION_CONTEXT('2D SPACE',''
  ) );
#3010 = PCURVE('',#3011,#3016);
#3011 = PLANE('',#3012);
#3012 = AXIS2_PLACEMENT_3D('',#3013,#3014,#3015);
#3013 = CARTESIAN_POINT('',(15.690020726969,-37.87906083296,
    1.093820508076E+03));
#3014 = DIRECTION('',(0.,0.,1.));
#3015 = DIRECTION('',(1.,0.,-0.));
#3016 = DEFINITIONAL_REPRESENTATION('',(#3017),#3021);
#3017 = CIRCLE('',#3018,4.);
#3018 = AXIS2_PLACEMENT_2D('',#3019,#3020);
#3019 = CARTESIAN_POINT('',(0.,0.));
#3020 = DIRECTION('',(1.,0.));
#3021 = ( GEOMETRIC_REPRESENTATION_CONTEXT(2) 
PARAMETRIC_REPRESENTATION_CONTEXT() REPRESENTATION_CONTEXT('2D SPACE',''
  ) );
#3022 = ORIENTED_EDGE('',*,*,#3023,.F.);
#3023 = EDGE_CURVE('',#3024,#2990,#3026,.T.);
#3024 = VERTEX_POINT('',#3025);
#3025 = CARTESIAN_POINT('',(19.690020726969,-37.87906083296,
    1.089820508076E+03));
#3026 = SEAM_CURVE('',#3027,(#3031,#3038),.PCURVE_S1.);
#3027 = LINE('',#3028,#3029);
#3028 = CARTESIAN_POINT('',(19.690020726969,-37.87906083296,
    1.089820508076E+03));
#3029 = VECTOR('',#3030,1.);
#3030 = DIRECTION('',(0.,0.,1.));
#3031 = PCURVE('',#2999,#3032);
#3032 = DEFINITIONAL_REPRESENTATION('',(#3033),#3037);
#3033 = LINE('',#3034,#3035);
#3034 = CARTESIAN_POINT('',(6.28318530718,-0.));
#3035 = VECTOR('',#3036,1.);
#3036 = DIRECTION('',(0.,1.));
#3037 = ( GEOMETRIC_REPRESENTATION_CONTEXT(2) 
PARAMETRIC_REPRESENTATION_CONTEXT() REPRESENTATION_CONTEXT('2D SPACE',''
  ) );
#3038 = PCURVE('',#2999,#3039);
#3039 = DEFINITIONAL_REPRESENTATION('',(#3040),#3044);
#3040 = LINE('',#3041,#3042);
#3041 = CARTESIAN_POINT('',(0.,-0.));
#3042 = VECTOR('',#3043,1.);
#3043 = DIRECTION('',(0.,1.));
#3044 = ( GEOMETRIC_REPRESENTATION_CONTEXT(2) 
PARAMETRIC_REPRESENTATION_CONTEXT() REPRESENTATION_CONTEXT('2D SPACE',''
  ) );
#3045 = ORIENTED_EDGE('',*,*,#3046,.T.);
#3046 = EDGE_CURVE('',#3024,#3024,#3047,.T.);
#3047 = SURFACE_CURVE('',#3048,(#3053,#3060),.PCURVE_S1.);
#3048 = CIRCLE('',#3049,4.);
#3049 = AXIS2_PLACEMENT_3D('',#3050,#3051,#3052);
#3050 = CARTESIAN_POINT('',(15.690020726969,-37.87906083296,
    1.089820508076E+03));
#3051 = DIRECTION('',(0.,0.,1.));
#3052 = DIRECTION('',(1.,0.,-0.));
#3053 = PCURVE('',#2999,#3054);
#3054 = DEFINITIONAL_REPRESENTATION('',(#3055),#3059);
#3055 = LINE('',#3056,#3057);
#3056 = CARTESIAN_POINT('',(0.,0.));
#3057 = VECTOR('',#3058,1.);
#3058 = DIRECTION('',(1.,0.));
#3059 = ( GEOMETRIC_REPRESENTATION_CONTEXT(2) 
PARAMETRIC_REPRESENTATION_CONTEXT() REPRESENTATION_CONTEXT('2D SPACE',''
  ) );
#3060 = PCURVE('',#3061,#3066);
#3061 = PLANE('',#3062);
#3062 = AXIS2_PLACEMENT_3D('',#3063,#3064,#3065);
#3063 = CARTESIAN_POINT('',(15.690020726969,-37.87906083296,
    1.089820508076E+03));
#3064 = DIRECTION('',(0.,0.,1.));
#3065 = DIRECTION('',(1.,0.,-0.));
#3066 = DEFINITIONAL_REPRESENTATION('',(#3067),#3071);
#3067 = CIRCLE('',#3068,4.);
#3068 = AXIS2_PLACEMENT_2D('',#3069,#3070);
#3069 = CARTESIAN_POINT('',(0.,0.));
#3070 = DIRECTION('',(1.,0.));
#3071 = ( GEOMETRIC_REPRESENTATION_CONTEXT(2) 
PARAMETRIC_REPRESENTATION_CONTEXT() REPRESENTATION_CONTEXT('2D SPACE',''
  ) );
#3072 = ORIENTED_EDGE('',*,*,#3023,.T.);
#3073 = ADVANCED_FACE('',(#3074),#3011,.T.);
#3074 = FACE_BOUND('',#3075,.T.);
#3075 = EDGE_LOOP('',(#3076));
#3076 = ORIENTED_EDGE('',*,*,#2989,.T.);
#3077 = ADVANCED_FACE('',(#3078),#3061,.F.);
#3078 = FACE_BOUND('',#3079,.T.);
#3079 = EDGE_LOOP('',(#3080));
#3080 = ORIENTED_EDGE('',*,*,#3046,.F.);
#3081 = MANIFOLD_SOLID_BREP('',#3082);
#3082 = CLOSED_SHELL('',(#3083,#3171,#3175));
#3083 = ADVANCED_FACE('',(#3084),#3097,.T.);
#3084 = FACE_BOUND('',#3085,.T.);
#3085 = EDGE_LOOP('',(#3086,#3120,#3143,#3170));
#3086 = ORIENTED_EDGE('',*,*,#3087,.F.);
#3087 = EDGE_CURVE('',#3088,#3088,#3090,.T.);
#3088 = VERTEX_POINT('',#3089);
#3089 = CARTESIAN_POINT('',(32.991378028648,-28.99137802864,
    1.093820508076E+03));
#3090 = SURFACE_CURVE('',#3091,(#3096,#3108),.PCURVE_S1.);
#3091 = CIRCLE('',#3092,4.);
#3092 = AXIS2_PLACEMENT_3D('',#3093,#3094,#3095);
#3093 = CARTESIAN_POINT('',(28.991378028648,-28.99137802864,
    1.093820508076E+03));
#3094 = DIRECTION('',(0.,0.,1.));
#3095 = DIRECTION('',(1.,0.,-0.));
#3096 = PCURVE('',#3097,#3102);
#3097 = CYLINDRICAL_SURFACE('',#3098,4.);
#3098 = AXIS2_PLACEMENT_3D('',#3099,#3100,#3101);
#3099 = CARTESIAN_POINT('',(28.991378028648,-28.99137802864,
    1.089820508076E+03));
#3100 = DIRECTION('',(0.,0.,1.));
#3101 = DIRECTION('',(1.,0.,-0.));
#3102 = DEFINITIONAL_REPRESENTATION('',(#3103),#3107);
#3103 = LINE('',#3104,#3105);
#3104 = CARTESIAN_POINT('',(0.,4.));
#3105 = VECTOR('',#3106,1.);
#3106 = DIRECTION('',(1.,0.));
#3107 = ( GEOMETRIC_REPRESENTATION_CONTEXT(2) 
PARAMETRIC_REPRESENTATION_CONTEXT() REPRESENTATION_CONTEXT('2D SPACE',''
  ) );
#3108 = PCURVE('',#3109,#3114);
#3109 = PLANE('',#3110);
#3110 = AXIS2_PLACEMENT_3D('',#3111,#3112,#3113);
#3111 = CARTESIAN_POINT('',(28.991378028648,-28.99137802864,
    1.093820508076E+03));
#3112 = DIRECTION('',(0.,0.,1.));
#3113 = DIRECTION('',(1.,0.,-0.));
#3114 = DEFINITIONAL_REPRESENTATION('',(#3115),#3119);
#3115 = CIRCLE('',#3116,4.);
#3116 = AXIS2_PLACEMENT_2D('',#3117,#3118);
#3117 = CARTESIAN_POINT('',(0.,0.));
#3118 = DIRECTION('',(1.,0.));
#3119 = ( GEOMETRIC_REPRESENTATION_CONTEXT(2) 
PARAMETRIC_REPRESENTATION_CONTEXT() REPRESENTATION_CONTEXT('2D SPACE',''
  ) );
#3120 = ORIENTED_EDGE('',*,*,#3121,.F.);
#3121 = EDGE_CURVE('',#3122,#3088,#3124,.T.);
#3122 = VERTEX_POINT('',#3123);
#3123 = CARTESIAN_POINT('',(32.991378028648,-28.99137802864,
    1.089820508076E+03));
#3124 = SEAM_CURVE('',#3125,(#3129,#3136),.PCURVE_S1.);
#3125 = LINE('',#3126,#3127);
#3126 = CARTESIAN_POINT('',(32.991378028648,-28.99137802864,
    1.089820508076E+03));
#3127 = VECTOR('',#3128,1.);
#3128 = DIRECTION('',(0.,0.,1.));
#3129 = PCURVE('',#3097,#3130);
#3130 = DEFINITIONAL_REPRESENTATION('',(#3131),#3135);
#3131 = LINE('',#3132,#3133);
#3132 = CARTESIAN_POINT('',(6.28318530718,-0.));
#3133 = VECTOR('',#3134,1.);
#3134 = DIRECTION('',(0.,1.));
#3135 = ( GEOMETRIC_REPRESENTATION_CONTEXT(2) 
PARAMETRIC_REPRESENTATION_CONTEXT() REPRESENTATION_CONTEXT('2D SPACE',''
  ) );
#3136 = PCURVE('',#3097,#3137);
#3137 = DEFINITIONAL_REPRESENTATION('',(#3138),#3142);
#3138 = LINE('',#3139,#3140);
#3139 = CARTESIAN_POINT('',(0.,-0.));
#3140 = VECTOR('',#3141,1.);
#3141 = DIRECTION('',(0.,1.));
#3142 = ( GEOMETRIC_REPRESENTATION_CONTEXT(2) 
PARAMETRIC_REPRESENTATION_CONTEXT() REPRESENTATION_CONTEXT('2D SPACE',''
  ) );
#3143 = ORIENTED_EDGE('',*,*,#3144,.T.);
#3144 = EDGE_CURVE('',#3122,#3122,#3145,.T.);
#3145 = SURFACE_CURVE('',#3146,(#3151,#3158),.PCURVE_S1.);
#3146 = CIRCLE('',#3147,4.);
#3147 = AXIS2_PLACEMENT_3D('',#3148,#3149,#3150);
#3148 = CARTESIAN_POINT('',(28.991378028648,-28.99137802864,
    1.089820508076E+03));
#3149 = DIRECTION('',(0.,0.,1.));
#3150 = DIRECTION('',(1.,0.,-0.));
#3151 = PCURVE('',#3097,#3152);
#3152 = DEFINITIONAL_REPRESENTATION('',(#3153),#3157);
#3153 = LINE('',#3154,#3155);
#3154 = CARTESIAN_POINT('',(0.,0.));
#3155 = VECTOR('',#3156,1.);
#3156 = DIRECTION('',(1.,0.));
#3157 = ( GEOMETRIC_REPRESENTATION_CONTEXT(2) 
PARAMETRIC_REPRESENTATION_CONTEXT() REPRESENTATION_CONTEXT('2D SPACE',''
  ) );
#3158 = PCURVE('',#3159,#3164);
#3159 = PLANE('',#3160);
#3160 = AXIS2_PLACEMENT_3D('',#3161,#3162,#3163);
#3161 = CARTESIAN_POINT('',(28.991378028648,-28.99137802864,
    1.089820508076E+03));
#3162 = DIRECTION('',(0.,0.,1.));
#3163 = DIRECTION('',(1.,0.,-0.));
#3164 = DEFINITIONAL_REPRESENTATION('',(#3165),#3169);
#3165 = CIRCLE('',#3166,4.);
#3166 = AXIS2_PLACEMENT_2D('',#3167,#3168);
#3167 = CARTESIAN_POINT('',(0.,0.));
#3168 = DIRECTION('',(1.,0.));
#3169 = ( GEOMETRIC_REPRESENTATION_CONTEXT(2) 
PARAMETRIC_REPRESENTATION_CONTEXT() REPRESENTATION_CONTEXT('2D SPACE',''
  ) );
#3170 = ORIENTED_EDGE('',*,*,#3121,.T.);
#3171 = ADVANCED_FACE('',(#3172),#3109,.T.);
#3172 = FACE_BOUND('',#3173,.T.);
#3173 = EDGE_LOOP('',(#3174));
#3174 = ORIENTED_EDGE('',*,*,#3087,.T.);
#3175 = ADVANCED_FACE('',(#3176),#3159,.F.);
#3176 = FACE_BOUND('',#3177,.T.);
#3177 = EDGE_LOOP('',(#3178));
#3178 = ORIENTED_EDGE('',*,*,#3144,.F.);
#3179 = MANIFOLD_SOLID_BREP('',#3180);
#3180 = CLOSED_SHELL('',(#3181,#3269,#3273));
#3181 = ADVANCED_FACE('',(#3182),#3195,.T.);
#3182 = FACE_BOUND('',#3183,.T.);
#3183 = EDGE_LOOP('',(#3184,#3218,#3241,#3268));
#3184 = ORIENTED_EDGE('',*,*,#3185,.F.);
#3185 = EDGE_CURVE('',#3186,#3186,#3188,.T.);
#3186 = VERTEX_POINT('',#3187);
#3187 = CARTESIAN_POINT('',(41.879060832963,-15.69002072696,
    1.093820508076E+03));
#3188 = SURFACE_CURVE('',#3189,(#3194,#3206),.PCURVE_S1.);
#3189 = CIRCLE('',#3190,4.);
#3190 = AXIS2_PLACEMENT_3D('',#3191,#3192,#3193);
#3191 = CARTESIAN_POINT('',(37.879060832963,-15.69002072696,
    1.093820508076E+03));
#3192 = DIRECTION('',(0.,0.,1.));
#3193 = DIRECTION('',(1.,0.,-0.));
#3194 = PCURVE('',#3195,#3200);
#3195 = CYLINDRICAL_SURFACE('',#3196,4.);
#3196 = AXIS2_PLACEMENT_3D('',#3197,#3198,#3199);
#3197 = CARTESIAN_POINT('',(37.879060832963,-15.69002072696,
    1.089820508076E+03));
#3198 = DIRECTION('',(0.,0.,1.));
#3199 = DIRECTION('',(1.,0.,-0.));
#3200 = DEFINITIONAL_REPRESENTATION('',(#3201),#3205);
#3201 = LINE('',#3202,#3203);
#3202 = CARTESIAN_POINT('',(0.,4.));
#3203 = VECTOR('',#3204,1.);
#3204 = DIRECTION('',(1.,0.));
#3205 = ( GEOMETRIC_REPRESENTATION_CONTEXT(2) 
PARAMETRIC_REPRESENTATION_CONTEXT() REPRESENTATION_CONTEXT('2D SPACE',''
  ) );
#3206 = PCURVE('',#3207,#3212);
#3207 = PLANE('',#3208);
#3208 = AXIS2_PLACEMENT_3D('',#3209,#3210,#3211);
#3209 = CARTESIAN_POINT('',(37.879060832963,-15.69002072696,
    1.093820508076E+03));
#3210 = DIRECTION('',(0.,0.,1.));
#3211 = DIRECTION('',(1.,0.,-0.));
#3212 = DEFINITIONAL_REPRESENTATION('',(#3213),#3217);
#3213 = CIRCLE('',#3214,4.);
#3214 = AXIS2_PLACEMENT_2D('',#3215,#3216);
#3215 = CARTESIAN_POINT('',(0.,0.));
#3216 = DIRECTION('',(1.,0.));
#3217 = ( GEOMETRIC_REPRESENTATION_CONTEXT(2) 
PARAMETRIC_REPRESENTATION_CONTEXT() REPRESENTATION_CONTEXT('2D SPACE',''
  ) );
#3218 = ORIENTED_EDGE('',*,*,#3219,.F.);
#3219 = EDGE_CURVE('',#3220,#3186,#3222,.T.);
#3220 = VERTEX_POINT('',#3221);
#3221 = CARTESIAN_POINT('',(41.879060832963,-15.69002072696,
    1.089820508076E+03));
#3222 = SEAM_CURVE('',#3223,(#3227,#3234),.PCURVE_S1.);
#3223 = LINE('',#3224,#3225);
#3224 = CARTESIAN_POINT('',(41.879060832963,-15.69002072696,
    1.089820508076E+03));
#3225 = VECTOR('',#3226,1.);
#3226 = DIRECTION('',(0.,0.,1.));
#3227 = PCURVE('',#3195,#3228);
#3228 = DEFINITIONAL_REPRESENTATION('',(#3229),#3233);
#3229 = LINE('',#3230,#3231);
#3230 = CARTESIAN_POINT('',(6.28318530718,-0.));
#3231 = VECTOR('',#3232,1.);
#3232 = DIRECTION('',(0.,1.));
#3233 = ( GEOMETRIC_REPRESENTATION_CONTEXT(2) 
PARAMETRIC_REPRESENTATION_CONTEXT() REPRESENTATION_CONTEXT('2D SPACE',''
  ) );
#3234 = PCURVE('',#3195,#3235);
#3235 = DEFINITIONAL_REPRESENTATION('',(#3236),#3240);
#3236 = LINE('',#3237,#3238);
#3237 = CARTESIAN_POINT('',(0.,-0.));
#3238 = VECTOR('',#3239,1.);
#3239 = DIRECTION('',(0.,1.));
#3240 = ( GEOMETRIC_REPRESENTATION_CONTEXT(2) 
PARAMETRIC_REPRESENTATION_CONTEXT() REPRESENTATION_CONTEXT('2D SPACE',''
  ) );
#3241 = ORIENTED_EDGE('',*,*,#3242,.T.);
#3242 = EDGE_CURVE('',#3220,#3220,#3243,.T.);
#3243 = SURFACE_CURVE('',#3244,(#3249,#3256),.PCURVE_S1.);
#3244 = CIRCLE('',#3245,4.);
#3245 = AXIS2_PLACEMENT_3D('',#3246,#3247,#3248);
#3246 = CARTESIAN_POINT('',(37.879060832963,-15.69002072696,
    1.089820508076E+03));
#3247 = DIRECTION('',(0.,0.,1.));
#3248 = DIRECTION('',(1.,0.,-0.));
#3249 = PCURVE('',#3195,#3250);
#3250 = DEFINITIONAL_REPRESENTATION('',(#3251),#3255);
#3251 = LINE('',#3252,#3253);
#3252 = CARTESIAN_POINT('',(0.,0.));
#3253 = VECTOR('',#3254,1.);
#3254 = DIRECTION('',(1.,0.));
#3255 = ( GEOMETRIC_REPRESENTATION_CONTEXT(2) 
PARAMETRIC_REPRESENTATION_CONTEXT() REPRESENTATION_CONTEXT('2D SPACE',''
  ) );
#3256 = PCURVE('',#3257,#3262);
#3257 = PLANE('',#3258);
#3258 = AXIS2_PLACEMENT_3D('',#3259,#3260,#3261);
#3259 = CARTESIAN_POINT('',(37.879060832963,-15.69002072696,
    1.089820508076E+03));
#3260 = DIRECTION('',(0.,0.,1.));
#3261 = DIRECTION('',(1.,0.,-0.));
#3262 = DEFINITIONAL_REPRESENTATION('',(#3263),#3267);
#3263 = CIRCLE('',#3264,4.);
#3264 = AXIS2_PLACEMENT_2D('',#3265,#3266);
#3265 = CARTESIAN_POINT('',(0.,0.));
#3266 = DIRECTION('',(1.,0.));
#3267 = ( GEOMETRIC_REPRESENTATION_CONTEXT(2) 
PARAMETRIC_REPRESENTATION_CONTEXT() REPRESENTATION_CONTEXT('2D SPACE',''
  ) );
#3268 = ORIENTED_EDGE('',*,*,#3219,.T.);
#3269 = ADVANCED_FACE('',(#3270),#3207,.T.);
#3270 = FACE_BOUND('',#3271,.T.);
#3271 = EDGE_LOOP('',(#3272));
#3272 = ORIENTED_EDGE('',*,*,#3185,.T.);
#3273 = ADVANCED_FACE('',(#3274),#3257,.F.);
#3274 = FACE_BOUND('',#3275,.T.);
#3275 = EDGE_LOOP('',(#3276));
#3276 = ORIENTED_EDGE('',*,*,#3242,.F.);
#3277 = ( GEOMETRIC_REPRESENTATION_CONTEXT(3) 
GLOBAL_UNCERTAINTY_ASSIGNED_CONTEXT((#3281)) 
GLOBAL_UNIT_ASSIGNED_CONTEXT((#3278,#3279,#3280)) REPRESENTATION_CONTEXT
('Context #1','3D Context with UNIT and UNCERTAINTY') );
#3278 = ( LENGTH_UNIT() NAMED_UNIT(*) SI_UNIT(.MILLI.,.METRE.) );
#3279 = ( NAMED_UNIT(*) PLANE_ANGLE_UNIT() SI_UNIT($,.RADIAN.) );
#3280 = ( NAMED_UNIT(*) SI_UNIT($,.STERADIAN.) SOLID_ANGLE_UNIT() );
#3281 = UNCERTAINTY_MEASURE_WITH_UNIT(LENGTH_MEASURE(1.E-07),#3278,
  'distance_accuracy_value','confusion accuracy');
#3282 = CONTEXT_DEPENDENT_SHAPE_REPRESENTATION(#3283,#3285);
#3283 = ( REPRESENTATION_RELATIONSHIP('','',#1708,#40) 
REPRESENTATION_RELATIONSHIP_WITH_TRANSFORMATION(#3284) 
SHAPE_REPRESENTATION_RELATIONSHIP() );
#3284 = ITEM_DEFINED_TRANSFORMATION('','',#11,#45);
#3285 = PRODUCT_DEFINITION_SHAPE('Placement','Placement of an item',
  #3286);
#3286 = NEXT_ASSEMBLY_USAGE_OCCURRENCE('47','=>[0:1:1:4]','',#35,#1703,$
  );
#3287 = PRODUCT_RELATED_PRODUCT_CATEGORY('part',$,(#1705));
#3288 = SHAPE_DEFINITION_REPRESENTATION(#3289,#3295);
#3289 = PRODUCT_DEFINITION_SHAPE('','',#3290);
#3290 = PRODUCT_DEFINITION('design','',#3291,#3294);
#3291 = PRODUCT_DEFINITION_FORMATION('','',#3292);
#3292 = PRODUCT('COMPOUND','COMPOUND','',(#3293));
#3293 = PRODUCT_CONTEXT('',#2,'mechanical');
#3294 = PRODUCT_DEFINITION_CONTEXT('part definition',#2,'design');
#3295 = ADVANCED_BREP_SHAPE_REPRESENTATION('',(#11,#3296),#4172);
#3296 = MANIFOLD_SOLID_BREP('',#3297);
#3297 = CLOSED_SHELL('',(#3298,#4047,#4082,#4086,#4113,#4168));
#3298 = ADVANCED_FACE('',(#3299,#3386,#3719),#3313,.T.);
#3299 = FACE_BOUND('',#3300,.T.);
#3300 = EDGE_LOOP('',(#3301,#3331,#3358,#3359));
#3301 = ORIENTED_EDGE('',*,*,#3302,.T.);
#3302 = EDGE_CURVE('',#3303,#3305,#3307,.T.);
#3303 = VERTEX_POINT('',#3304);
#3304 = CARTESIAN_POINT('',(8.,-1.959434878636E-15,1.089320508076E+03));
#3305 = VERTEX_POINT('',#3306);
#3306 = CARTESIAN_POINT('',(8.,-1.959434878636E-15,1.865811908116E+03));
#3307 = SEAM_CURVE('',#3308,(#3312,#3324),.PCURVE_S1.);
#3308 = LINE('',#3309,#3310);
#3309 = CARTESIAN_POINT('',(8.,-1.959434878636E-15,1.089320508076E+03));
#3310 = VECTOR('',#3311,1.);
#3311 = DIRECTION('',(0.,0.,1.));
#3312 = PCURVE('',#3313,#3318);
#3313 = CYLINDRICAL_SURFACE('',#3314,8.);
#3314 = AXIS2_PLACEMENT_3D('',#3315,#3316,#3317);
#3315 = CARTESIAN_POINT('',(0.,0.,1.089320508076E+03));
#3316 = DIRECTION('',(0.,0.,1.));
#3317 = DIRECTION('',(1.,0.,-0.));
#3318 = DEFINITIONAL_REPRESENTATION('',(#3319),#3323);
#3319 = LINE('',#3320,#3321);
#3320 = CARTESIAN_POINT('',(6.28318530718,-0.));
#3321 = VECTOR('',#3322,1.);
#3322 = DIRECTION('',(0.,1.));
#3323 = ( GEOMETRIC_REPRESENTATION_CONTEXT(2) 
PARAMETRIC_REPRESENTATION_CONTEXT() REPRESENTATION_CONTEXT('2D SPACE',''
  ) );
#3324 = PCURVE('',#3313,#3325);
#3325 = DEFINITIONAL_REPRESENTATION('',(#3326),#3330);
#3326 = LINE('',#3327,#3328);
#3327 = CARTESIAN_POINT('',(0.,-0.));
#3328 = VECTOR('',#3329,1.);
#3329 = DIRECTION('',(0.,1.));
#3330 = ( GEOMETRIC_REPRESENTATION_CONTEXT(2) 
PARAMETRIC_REPRESENTATION_CONTEXT() REPRESENTATION_CONTEXT('2D SPACE',''
  ) );
#3331 = ORIENTED_EDGE('',*,*,#3332,.F.);
#3332 = EDGE_CURVE('',#3305,#3305,#3333,.T.);
#3333 = SURFACE_CURVE('',#3334,(#3339,#3346),.PCURVE_S1.);
#3334 = CIRCLE('',#3335,8.);
#3335 = AXIS2_PLACEMENT_3D('',#3336,#3337,#3338);
#3336 = CARTESIAN_POINT('',(0.,0.,1.865811908116E+03));
#3337 = DIRECTION('',(0.,0.,1.));
#3338 = DIRECTION('',(1.,0.,-0.));
#3339 = PCURVE('',#3313,#3340);
#3340 = DEFINITIONAL_REPRESENTATION('',(#3341),#3345);
#3341 = LINE('',#3342,#3343);
#3342 = CARTESIAN_POINT('',(0.,776.49140004071));
#3343 = VECTOR('',#3344,1.);
#3344 = DIRECTION('',(1.,0.));
#3345 = ( GEOMETRIC_REPRESENTATION_CONTEXT(2) 
PARAMETRIC_REPRESENTATION_CONTEXT() REPRESENTATION_CONTEXT('2D SPACE',''
  ) );
#3346 = PCURVE('',#3347,#3352);
#3347 = PLANE('',#3348);
#3348 = AXIS2_PLACEMENT_3D('',#3349,#3350,#3351);
#3349 = CARTESIAN_POINT('',(0.,0.,1.865811908116E+03));
#3350 = DIRECTION('',(0.,0.,1.));
#3351 = DIRECTION('',(1.,0.,-0.));
#3352 = DEFINITIONAL_REPRESENTATION('',(#3353),#3357);
#3353 = CIRCLE('',#3354,8.);
#3354 = AXIS2_PLACEMENT_2D('',#3355,#3356);
#3355 = CARTESIAN_POINT('',(0.,0.));
#3356 = DIRECTION('',(1.,0.));
#3357 = ( GEOMETRIC_REPRESENTATION_CONTEXT(2) 
PARAMETRIC_REPRESENTATION_CONTEXT() REPRESENTATION_CONTEXT('2D SPACE',''
  ) );
#3358 = ORIENTED_EDGE('',*,*,#3302,.F.);
#3359 = ORIENTED_EDGE('',*,*,#3360,.T.);
#3360 = EDGE_CURVE('',#3303,#3303,#3361,.T.);
#3361 = SURFACE_CURVE('',#3362,(#3367,#3374),.PCURVE_S1.);
#3362 = CIRCLE('',#3363,8.);
#3363 = AXIS2_PLACEMENT_3D('',#3364,#3365,#3366);
#3364 = CARTESIAN_POINT('',(0.,0.,1.089320508076E+03));
#3365 = DIRECTION('',(0.,0.,1.));
#3366 = DIRECTION('',(1.,0.,-0.));
#3367 = PCURVE('',#3313,#3368);
#3368 = DEFINITIONAL_REPRESENTATION('',(#3369),#3373);
#3369 = LINE('',#3370,#3371);
#3370 = CARTESIAN_POINT('',(0.,0.));
#3371 = VECTOR('',#3372,1.);
#3372 = DIRECTION('',(1.,0.));
#3373 = ( GEOMETRIC_REPRESENTATION_CONTEXT(2) 
PARAMETRIC_REPRESENTATION_CONTEXT() REPRESENTATION_CONTEXT('2D SPACE',''
  ) );
#3374 = PCURVE('',#3375,#3380);
#3375 = PLANE('',#3376);
#3376 = AXIS2_PLACEMENT_3D('',#3377,#3378,#3379);
#3377 = CARTESIAN_POINT('',(0.,0.,1.089320508076E+03));
#3378 = DIRECTION('',(0.,0.,1.));
#3379 = DIRECTION('',(1.,0.,-0.));
#3380 = DEFINITIONAL_REPRESENTATION('',(#3381),#3385);
#3381 = CIRCLE('',#3382,8.);
#3382 = AXIS2_PLACEMENT_2D('',#3383,#3384);
#3383 = CARTESIAN_POINT('',(0.,0.));
#3384 = DIRECTION('',(1.,0.));
#3385 = ( GEOMETRIC_REPRESENTATION_CONTEXT(2) 
PARAMETRIC_REPRESENTATION_CONTEXT() REPRESENTATION_CONTEXT('2D SPACE',''
  ) );
#3386 = FACE_BOUND('',#3387,.T.);
#3387 = EDGE_LOOP('',(#3388));
#3388 = ORIENTED_EDGE('',*,*,#3389,.F.);
#3389 = EDGE_CURVE('',#3390,#3390,#3392,.T.);
#3390 = VERTEX_POINT('',#3391);
#3391 = CARTESIAN_POINT('',(3.,7.416198487096,1.809811908116E+03));
#3392 = SURFACE_CURVE('',#3393,(#3498,#3606),.PCURVE_S1.);
#3393 = B_SPLINE_CURVE_WITH_KNOTS('',7,(#3394,#3395,#3396,#3397,#3398,
    #3399,#3400,#3401,#3402,#3403,#3404,#3405,#3406,#3407,#3408,#3409,
    #3410,#3411,#3412,#3413,#3414,#3415,#3416,#3417,#3418,#3419,#3420,
    #3421,#3422,#3423,#3424,#3425,#3426,#3427,#3428,#3429,#3430,#3431,
    #3432,#3433,#3434,#3435,#3436,#3437,#3438,#3439,#3440,#3441,#3442,
    #3443,#3444,#3445,#3446,#3447,#3448,#3449,#3450,#3451,#3452,#3453,
    #3454,#3455,#3456,#3457,#3458,#3459,#3460,#3461,#3462,#3463,#3464,
    #3465,#3466,#3467,#3468,#3469,#3470,#3471,#3472,#3473,#3474,#3475,
    #3476,#3477,#3478,#3479,#3480,#3481,#3482,#3483,#3484,#3485,#3486,
    #3487,#3488,#3489,#3490,#3491,#3492,#3493,#3494,#3495,#3496,#3497),
  .UNSPECIFIED.,.T.,.F.,(8,6,6,6,6,6,6,6,6,6,6,6,6,6,6,6,6,8),(0.,
    0.126241708006,0.184027464014,0.222169789632,0.278533714054,
    0.316172232013,0.348217915272,0.396201479561,0.42980221078,
    0.499818241104,0.570042077086,0.62652668357,0.684288213843,
    0.722414548916,0.778754843689,0.816377582339,0.848409831008,1.),
  .UNSPECIFIED.);
#3394 = CARTESIAN_POINT('',(3.,7.416198487096,1.809811908116E+03));
#3395 = CARTESIAN_POINT('',(3.,7.416198487096,1.809512135576E+03));
#3396 = CARTESIAN_POINT('',(2.965053697339,7.43033504929,
    1.809213131841E+03));
#3397 = CARTESIAN_POINT('',(2.895479038756,7.458478909458,
    1.808917574902E+03));
#3398 = CARTESIAN_POINT('',(2.790922836502,7.499568183303,
    1.80862827113E+03));
#3399 = CARTESIAN_POINT('',(2.650535587162,7.551586302825,
    1.808348510311E+03));
#3400 = CARTESIAN_POINT('',(2.473136311111,7.611446344337,
    1.808082516812E+03));
#3401 = CARTESIAN_POINT('',(2.158805558561,7.703904431161,
    1.80772336338E+03));
#3402 = CARTESIAN_POINT('',(2.051928373467,7.733732576864,
    1.80761450858E+03));
#3403 = CARTESIAN_POINT('',(1.936711321373,7.763950437998,
    1.807510162162E+03));
#3404 = CARTESIAN_POINT('',(1.812999206677,7.794090404909,
    1.807411008143E+03));
#3405 = CARTESIAN_POINT('',(1.680666149797,7.823615347122,
    1.807317841997E+03));
#3406 = CARTESIAN_POINT('',(1.539638330378,7.851918698743,
    1.807231587151E+03));
#3407 = CARTESIAN_POINT('',(1.291095307462,7.895767416105,
    1.807101648269E+03));
#3408 = CARTESIAN_POINT('',(1.188414790621,7.912391390096,
    1.807053423865E+03));
#3409 = CARTESIAN_POINT('',(1.082079677093,7.927973204696,
    1.807009066665E+03));
#3410 = CARTESIAN_POINT('',(0.972319586101,7.942285650112,
    1.806968971439E+03));
#3411 = CARTESIAN_POINT('',(0.859391453981,7.955112147121,
    1.806933503526E+03));
#3412 = CARTESIAN_POINT('',(0.74357902534,7.966253307624,
    1.806903000769E+03));
#3413 = CARTESIAN_POINT('',(0.450249211088,7.989247074035,
    1.806840499316E+03));
#3414 = CARTESIAN_POINT('',(0.269771190328,7.998890078435,
    1.806814765471E+03));
#3415 = CARTESIAN_POINT('',(8.591689517909E-02,8.003812798594,
    1.806801804245E+03));
#3416 = CARTESIAN_POINT('',(-9.903721469205E-02,8.003658175732,
    1.806802211475E+03));
#3417 = CARTESIAN_POINT('',(-0.282776333834,7.998433537921,
    1.806815974966E+03));
#3418 = CARTESIAN_POINT('',(-0.463026771677,7.988509829487,
    1.806842474357E+03));
#3419 = CARTESIAN_POINT('',(-0.754234936775,7.96522517194,
    1.806905816522E+03));
#3420 = CARTESIAN_POINT('',(-0.868298178899,7.954103108875,
    1.806936293871E+03));
#3421 = CARTESIAN_POINT('',(-0.97953118599,7.941352518148,
    1.806971584163E+03));
#3422 = CARTESIAN_POINT('',(-1.087665007379,7.927165728472,
    1.807011361538E+03));
#3423 = CARTESIAN_POINT('',(-1.192456103224,7.911750919515,
    1.807055274731E+03));
#3424 = CARTESIAN_POINT('',(-1.293686792366,7.895326017511,
    1.80710294527E+03));
#3425 = CARTESIAN_POINT('',(-1.474159887376,7.863456965541,
    1.807197404795E+03));
#3426 = CARTESIAN_POINT('',(-1.554507403837,7.848216842723,
    1.80724331024E+03));
#3427 = CARTESIAN_POINT('',(-1.632196964667,7.83250678557,
    1.807291498551E+03));
#3428 = CARTESIAN_POINT('',(-1.707224187088,7.816436517719,
    1.807341796873E+03));
#3429 = CARTESIAN_POINT('',(-1.779591327659,7.800110284685,
    1.807394042746E+03));
#3430 = CARTESIAN_POINT('',(-1.849307019491,7.783626215247,
    1.80744808389E+03));
#3431 = CARTESIAN_POINT('',(-2.016826652312,7.742293763529,
    1.807587171491E+03));
#3432 = CARTESIAN_POINT('',(-2.111384944113,7.717355535911,
    1.807674295451E+03));
#3433 = CARTESIAN_POINT('',(-2.200158383974,7.692554690292,
    1.807764721883E+03));
#3434 = CARTESIAN_POINT('',(-2.283253353295,7.668151555461,
    1.80785808371E+03));
#3435 = CARTESIAN_POINT('',(-2.3607782392,7.644376368293,
    1.807954067529E+03));
#3436 = CARTESIAN_POINT('',(-2.432836557982,7.621432543364,
    1.808052406367E+03));
#3437 = CARTESIAN_POINT('',(-2.546215547802,7.584141528996,
    1.80822322431E+03));
#3438 = CARTESIAN_POINT('',(-2.590274605397,7.569279297263,
    1.808294617914E+03));
#3439 = CARTESIAN_POINT('',(-2.631724036239,7.554976665558,
    1.808366967771E+03));
#3440 = CARTESIAN_POINT('',(-2.670588231974,7.541291668236,
    1.808440194558E+03));
#3441 = CARTESIAN_POINT('',(-2.706889184303,7.528277100339,
    1.808514225045E+03));
#3442 = CARTESIAN_POINT('',(-2.740646478303,7.515980662123,
    1.808588992023E+03));
#3443 = CARTESIAN_POINT('',(-2.83695495164,7.480407709562,
    1.808821638076E+03));
#3444 = CARTESIAN_POINT('',(-2.891077202886,7.459668519244,
    1.808981810103E+03));
#3445 = CARTESIAN_POINT('',(-2.934341839702,7.44263521095,
    1.809144284574E+03));
#3446 = CARTESIAN_POINT('',(-2.966827258933,7.429615063739,
    1.809308456717E+03));
#3447 = CARTESIAN_POINT('',(-2.988587325795,7.420814993231,
    1.809473763979E+03));
#3448 = CARTESIAN_POINT('',(-2.99964624563,7.416341587423,
    1.809639667286E+03));
#3449 = CARTESIAN_POINT('',(-3.000341656134,7.41606028074,
    1.809972089871E+03));
#3450 = CARTESIAN_POINT('',(-2.989914275036,7.420278211119,
    1.810138517162E+03));
#3451 = CARTESIAN_POINT('',(-2.968722812419,7.428853204798,
    1.810304374027E+03));
#3452 = CARTESIAN_POINT('',(-2.936743948712,7.441681845927,
    1.810469116197E+03));
#3453 = CARTESIAN_POINT('',(-2.89392460503,7.458559045303,
    1.81063217636E+03));
#3454 = CARTESIAN_POINT('',(-2.840187023486,7.479178054038,
    1.810792945239E+03));
#3455 = CARTESIAN_POINT('',(-2.723349571365,7.522396630638,
    1.811077685253E+03));
#3456 = CARTESIAN_POINT('',(-2.664138295912,7.543819568347,
    1.811202702116E+03));
#3457 = CARTESIAN_POINT('',(-2.597720073691,7.56719776715,
    1.811325526402E+03));
#3458 = CARTESIAN_POINT('',(-2.523985333552,7.592294003546,
    1.811445841086E+03));
#3459 = CARTESIAN_POINT('',(-2.442802757321,7.618830059646,
    1.811563275726E+03));
#3460 = CARTESIAN_POINT('',(-2.354027156494,7.6464814291,
    1.811677393205E+03));
#3461 = CARTESIAN_POINT('',(-2.158805558562,7.703904431161,
    1.811900452853E+03));
#3462 = CARTESIAN_POINT('',(-2.051928373469,7.733732576864,
    1.812009307653E+03));
#3463 = CARTESIAN_POINT('',(-1.936711321374,7.763950437998,
    1.812113654071E+03));
#3464 = CARTESIAN_POINT('',(-1.812999206678,7.794090404909,
    1.81221280809E+03));
#3465 = CARTESIAN_POINT('',(-1.680666149798,7.823615347122,
    1.812305974236E+03));
#3466 = CARTESIAN_POINT('',(-1.53963833038,7.851918698742,
    1.812392229082E+03));
#3467 = CARTESIAN_POINT('',(-1.291095307459,7.895767416105,
    1.812522167963E+03));
#3468 = CARTESIAN_POINT('',(-1.188414790623,7.912391390096,
    1.812570392368E+03));
#3469 = CARTESIAN_POINT('',(-1.082079677099,7.927973204695,
    1.812614749567E+03));
#3470 = CARTESIAN_POINT('',(-0.972319586108,7.942285650111,
    1.812654844794E+03));
#3471 = CARTESIAN_POINT('',(-0.859391453984,7.955112147121,
    1.812690312707E+03));
#3472 = CARTESIAN_POINT('',(-0.743579025337,7.966253307624,
    1.812720815464E+03));
#3473 = CARTESIAN_POINT('',(-0.450249211093,7.989247074035,
    1.812783316917E+03));
#3474 = CARTESIAN_POINT('',(-0.26977119033,7.998890078435,
    1.812809050762E+03));
#3475 = CARTESIAN_POINT('',(-8.591689518248E-02,8.003812798594,
    1.812822011987E+03));
#3476 = CARTESIAN_POINT('',(9.90372146877E-02,8.003658175732,
    1.812821604758E+03));
#3477 = CARTESIAN_POINT('',(0.28277633383,7.998433537921,
    1.812807841267E+03));
#3478 = CARTESIAN_POINT('',(0.463026771674,7.988509829487,
    1.812781341876E+03));
#3479 = CARTESIAN_POINT('',(0.754234936838,7.965225171935,
    1.812717999711E+03));
#3480 = CARTESIAN_POINT('',(0.868298178902,7.954103108873,
    1.812687522362E+03));
#3481 = CARTESIAN_POINT('',(0.979531185938,7.941352518153,
    1.81265223207E+03));
#3482 = CARTESIAN_POINT('',(1.087665007331,7.92716572848,
    1.812612454695E+03));
#3483 = CARTESIAN_POINT('',(1.192456103227,7.911750919516,
    1.812568541502E+03));
#3484 = CARTESIAN_POINT('',(1.293686792414,7.895326017502,
    1.812520870963E+03));
#3485 = CARTESIAN_POINT('',(1.474159887381,7.86345696554,
    1.812426411438E+03));
#3486 = CARTESIAN_POINT('',(1.554507403836,7.848216842723,
    1.812380505993E+03));
#3487 = CARTESIAN_POINT('',(1.632196964662,7.832506785571,
    1.812332317681E+03));
#3488 = CARTESIAN_POINT('',(1.707224187083,7.81643651772,
    1.81228201936E+03));
#3489 = CARTESIAN_POINT('',(1.779591327659,7.800110284685,
    1.812229773487E+03));
#3490 = CARTESIAN_POINT('',(1.849307019494,7.783626215246,
    1.812175732342E+03));
#3491 = CARTESIAN_POINT('',(2.233832203398,7.688751552914,
    1.81185647015E+03));
#3492 = CARTESIAN_POINT('',(2.493533437396,7.60861627932,
    1.811554797193E+03));
#3493 = CARTESIAN_POINT('',(2.697568465142,7.53599711482,
    1.811228369345E+03));
#3494 = CARTESIAN_POINT('',(2.848811521356,7.47735788745,
    1.810885517067E+03));
#3495 = CARTESIAN_POINT('',(2.94929877247,7.436707919528,
    1.810532249494E+03));
#3496 = CARTESIAN_POINT('',(3.,7.416198487096,1.810172980912E+03));
#3497 = CARTESIAN_POINT('',(3.,7.416198487096,1.809811908116E+03));
#3498 = PCURVE('',#3313,#3499);
#3499 = DEFINITIONAL_REPRESENTATION('',(#3500),#3605);
#3500 = B_SPLINE_CURVE_WITH_KNOTS('',7,(#3501,#3502,#3503,#3504,#3505,
    #3506,#3507,#3508,#3509,#3510,#3511,#3512,#3513,#3514,#3515,#3516,
    #3517,#3518,#3519,#3520,#3521,#3522,#3523,#3524,#3525,#3526,#3527,
    #3528,#3529,#3530,#3531,#3532,#3533,#3534,#3535,#3536,#3537,#3538,
    #3539,#3540,#3541,#3542,#3543,#3544,#3545,#3546,#3547,#3548,#3549,
    #3550,#3551,#3552,#3553,#3554,#3555,#3556,#3557,#3558,#3559,#3560,
    #3561,#3562,#3563,#3564,#3565,#3566,#3567,#3568,#3569,#3570,#3571,
    #3572,#3573,#3574,#3575,#3576,#3577,#3578,#3579,#3580,#3581,#3582,
    #3583,#3584,#3585,#3586,#3587,#3588,#3589,#3590,#3591,#3592,#3593,
    #3594,#3595,#3596,#3597,#3598,#3599,#3600,#3601,#3602,#3603,#3604),
  .UNSPECIFIED.,.T.,.F.,(8,6,6,6,6,6,6,6,6,6,6,6,6,6,6,6,6,8),(0.,
    0.126241708006,0.184027464014,0.222169789632,0.278533714054,
    0.316172232013,0.348217915272,0.396201479561,0.42980221078,
    0.499818241104,0.570042077086,0.62652668357,0.684288213843,
    0.722414548916,0.778754843689,0.816377582339,0.848409831008,1.),
  .UNSPECIFIED.);
#3501 = CARTESIAN_POINT('',(1.186399552299,720.49140004071));
#3502 = CARTESIAN_POINT('',(1.186399552299,720.19162750029));
#3503 = CARTESIAN_POINT('',(1.191111711875,719.89262376528));
#3504 = CARTESIAN_POINT('',(1.200493151367,719.59706682677));
#3505 = CARTESIAN_POINT('',(1.214534934039,719.30776305426));
#3506 = CARTESIAN_POINT('',(1.233241229628,719.0280022352));
#3507 = CARTESIAN_POINT('',(1.25662640728,718.76200873619));
#3508 = CARTESIAN_POINT('',(1.297582237111,718.40285530398));
#3509 = CARTESIAN_POINT('',(1.311451078119,718.2940005046));
#3510 = CARTESIAN_POINT('',(1.326337265701,718.18965408658));
#3511 = CARTESIAN_POINT('',(1.342248815664,718.09050006746));
#3512 = CARTESIAN_POINT('',(1.359191300874,717.99733392084));
#3513 = CARTESIAN_POINT('',(1.377166352592,717.91107907547));
#3514 = CARTESIAN_POINT('',(1.408714020953,717.78114019381));
#3515 = CARTESIAN_POINT('',(1.421714926895,717.73291578882));
#3516 = CARTESIAN_POINT('',(1.435146267506,717.68855858978));
#3517 = CARTESIAN_POINT('',(1.448979177595,717.64846336347));
#3518 = CARTESIAN_POINT('',(1.463182685247,717.6129954501));
#3519 = CARTESIAN_POINT('',(1.477723786179,717.58249269321));
#3520 = CARTESIAN_POINT('',(1.514502493764,717.51999124057));
#3521 = CARTESIAN_POINT('',(1.537087487772,717.49425739483));
#3522 = CARTESIAN_POINT('',(1.560064184797,717.48129616969));
#3523 = CARTESIAN_POINT('',(1.583167727401,717.48170339907));
#3524 = CARTESIAN_POINT('',(1.606131116035,717.49546688994));
#3525 = CARTESIAN_POINT('',(1.628689646028,717.52196628104));
#3526 = CARTESIAN_POINT('',(1.665206844609,717.58530844586));
#3527 = CARTESIAN_POINT('',(1.67953018714,717.61578579546));
#3528 = CARTESIAN_POINT('',(1.693522239094,717.65107608684));
#3529 = CARTESIAN_POINT('',(1.707151687402,717.69085346239));
#3530 = CARTESIAN_POINT('',(1.720389146299,717.73476665558));
#3531 = CARTESIAN_POINT('',(1.733207227614,717.78243719435));
#3532 = CARTESIAN_POINT('',(1.756115391585,717.87689671919));
#3533 = CARTESIAN_POINT('',(1.766337083899,717.9228021646));
#3534 = CARTESIAN_POINT('',(1.776243718857,717.9709904757));
#3535 = CARTESIAN_POINT('',(1.785833769803,718.02128879746));
#3536 = CARTESIAN_POINT('',(1.79510620331,718.07353467011));
#3537 = CARTESIAN_POINT('',(1.804060529929,718.12757581465));
#3538 = CARTESIAN_POINT('',(1.825628445534,718.26666341526));
#3539 = CARTESIAN_POINT('',(1.837850840125,718.35378737555));
#3540 = CARTESIAN_POINT('',(1.849370574955,718.44421380738));
#3541 = CARTESIAN_POINT('',(1.860194595354,718.53757563445));
#3542 = CARTESIAN_POINT('',(1.870329728065,718.63355945339));
#3543 = CARTESIAN_POINT('',(1.879782153558,718.73189829141));
#3544 = CARTESIAN_POINT('',(1.894701423336,718.90271623433));
#3545 = CARTESIAN_POINT('',(1.900513537364,718.97410983874));
#3546 = CARTESIAN_POINT('',(1.905994300308,719.04645969499));
#3547 = CARTESIAN_POINT('',(1.91114453979,719.11968648192));
#3548 = CARTESIAN_POINT('',(1.915964866437,719.19371696922));
#3549 = CARTESIAN_POINT('',(1.920455709132,719.26848394736));
#3550 = CARTESIAN_POINT('',(1.933289232732,719.50113000019));
#3551 = CARTESIAN_POINT('',(1.940533717817,719.66130202707));
#3552 = CARTESIAN_POINT('',(1.946345497257,719.82377649822));
#3553 = CARTESIAN_POINT('',(1.950720163598,719.98794864093));
#3554 = CARTESIAN_POINT('',(1.953654271839,720.15325590362));
#3555 = CARTESIAN_POINT('',(1.955145401078,720.31915920994));
#3556 = CARTESIAN_POINT('',(1.955239170178,720.65158179518));
#3557 = CARTESIAN_POINT('',(1.953833198789,720.81800908643));
#3558 = CARTESIAN_POINT('',(1.950975528109,720.98386595121));
#3559 = CARTESIAN_POINT('',(1.946668537313,721.14860812174));
#3560 = CARTESIAN_POINT('',(1.940915691357,721.31166828392));
#3561 = CARTESIAN_POINT('',(1.933721473718,721.47243716351));
#3562 = CARTESIAN_POINT('',(1.918149646402,721.75717717753));
#3563 = CARTESIAN_POINT('',(1.910278915665,721.88219404045));
#3564 = CARTESIAN_POINT('',(1.901477881148,722.00501832675));
#3565 = CARTESIAN_POINT('',(1.891742858718,722.12533301034));
#3566 = CARTESIAN_POINT('',(1.881068218821,722.2427676506));
#3567 = CARTESIAN_POINT('',(1.869446879439,722.35688512969));
#3568 = CARTESIAN_POINT('',(1.844010416479,722.57994477744));
#3569 = CARTESIAN_POINT('',(1.830141575471,722.68879957681));
#3570 = CARTESIAN_POINT('',(1.815255387889,722.79314599484));
#3571 = CARTESIAN_POINT('',(1.799343837926,722.89230001396));
#3572 = CARTESIAN_POINT('',(1.782401352716,722.98546616058));
#3573 = CARTESIAN_POINT('',(1.764426300998,723.07172100594));
#3574 = CARTESIAN_POINT('',(1.732878632637,723.20165988761));
#3575 = CARTESIAN_POINT('',(1.719877726695,723.2498842926));
#3576 = CARTESIAN_POINT('',(1.706446386084,723.29424149163));
#3577 = CARTESIAN_POINT('',(1.692613475996,723.33433671795));
#3578 = CARTESIAN_POINT('',(1.678409968344,723.36980463131));
#3579 = CARTESIAN_POINT('',(1.663868867411,723.4003073882));
#3580 = CARTESIAN_POINT('',(1.627090159827,723.46280884084));
#3581 = CARTESIAN_POINT('',(1.604505165818,723.48854268659));
#3582 = CARTESIAN_POINT('',(1.581528468793,723.50150391173));
#3583 = CARTESIAN_POINT('',(1.558424926189,723.50109668235));
#3584 = CARTESIAN_POINT('',(1.535461537555,723.48733319147));
#3585 = CARTESIAN_POINT('',(1.512903007562,723.46083380037));
#3586 = CARTESIAN_POINT('',(1.476385808973,723.39749163554));
#3587 = CARTESIAN_POINT('',(1.46206246645,723.36701428596));
#3588 = CARTESIAN_POINT('',(1.448070414502,723.33172399459));
#3589 = CARTESIAN_POINT('',(1.434440966194,723.29194661905));
#3590 = CARTESIAN_POINT('',(1.42120350729,723.24803342585));
#3591 = CARTESIAN_POINT('',(1.40838542597,723.20036288705));
#3592 = CARTESIAN_POINT('',(1.385477262005,723.10590336223));
#3593 = CARTESIAN_POINT('',(1.375255569691,723.05999791682));
#3594 = CARTESIAN_POINT('',(1.365348934734,723.01180960572));
#3595 = CARTESIAN_POINT('',(1.355758883787,722.96151128397));
#3596 = CARTESIAN_POINT('',(1.346486450279,722.9092654113));
#3597 = CARTESIAN_POINT('',(1.33753212366,722.85522426677));
#3598 = CARTESIAN_POINT('',(1.288025050521,722.53596207461));
#3599 = CARTESIAN_POINT('',(1.254108037176,722.23428911735));
#3600 = CARTESIAN_POINT('',(1.22706019915,721.90786126967));
#3601 = CARTESIAN_POINT('',(1.206785848282,721.56500899086));
#3602 = CARTESIAN_POINT('',(1.193236093654,721.21174141793));
#3603 = CARTESIAN_POINT('',(1.186399552299,720.85247283617));
#3604 = CARTESIAN_POINT('',(1.186399552299,720.49140004071));
#3605 = ( GEOMETRIC_REPRESENTATION_CONTEXT(2) 
PARAMETRIC_REPRESENTATION_CONTEXT() REPRESENTATION_CONTEXT('2D SPACE',''
  ) );
#3606 = PCURVE('',#3607,#3612);
#3607 = CYLINDRICAL_SURFACE('',#3608,3.);
#3608 = AXIS2_PLACEMENT_3D('',#3609,#3610,#3611);
#3609 = CARTESIAN_POINT('',(0.,-24.,1.809811908116E+03));
#3610 = DIRECTION('',(0.,1.,2.22044604925E-16));
#3611 = DIRECTION('',(1.,0.,-0.));
#3612 = DEFINITIONAL_REPRESENTATION('',(#3613),#3718);
#3613 = B_SPLINE_CURVE_WITH_KNOTS('',7,(#3614,#3615,#3616,#3617,#3618,
    #3619,#3620,#3621,#3622,#3623,#3624,#3625,#3626,#3627,#3628,#3629,
    #3630,#3631,#3632,#3633,#3634,#3635,#3636,#3637,#3638,#3639,#3640,
    #3641,#3642,#3643,#3644,#3645,#3646,#3647,#3648,#3649,#3650,#3651,
    #3652,#3653,#3654,#3655,#3656,#3657,#3658,#3659,#3660,#3661,#3662,
    #3663,#3664,#3665,#3666,#3667,#3668,#3669,#3670,#3671,#3672,#3673,
    #3674,#3675,#3676,#3677,#3678,#3679,#3680,#3681,#3682,#3683,#3684,
    #3685,#3686,#3687,#3688,#3689,#3690,#3691,#3692,#3693,#3694,#3695,
    #3696,#3697,#3698,#3699,#3700,#3701,#3702,#3703,#3704,#3705,#3706,
    #3707,#3708,#3709,#3710,#3711,#3712,#3713,#3714,#3715,#3716,#3717),
  .UNSPECIFIED.,.F.,.F.,(8,6,6,6,6,6,6,6,6,6,6,6,6,6,6,6,6,8),(0.,
    0.126241708006,0.184027464014,0.222169789632,0.278533714054,
    0.316172232013,0.348217915272,0.396201479561,0.42980221078,
    0.499818241104,0.570042077086,0.62652668357,0.684288213843,
    0.722414548916,0.778754843689,0.816377582339,0.848409831008,1.),
  .UNSPECIFIED.);
#3614 = CARTESIAN_POINT('',(0.,31.416198487096));
#3615 = CARTESIAN_POINT('',(9.992418013799E-02,31.416198487096));
#3616 = CARTESIAN_POINT('',(0.19959195848,31.43033504929));
#3617 = CARTESIAN_POINT('',(0.299741167037,31.458478909458));
#3618 = CARTESIAN_POINT('',(0.401025889833,31.499568183303));
#3619 = CARTESIAN_POINT('',(0.504141203797,31.551586302825));
#3620 = CARTESIAN_POINT('',(0.60980597728,31.611446344337));
#3621 = CARTESIAN_POINT('',(0.768898895577,31.703904431161));
#3622 = CARTESIAN_POINT('',(0.819666158628,31.733732576864));
#3623 = CARTESIAN_POINT('',(0.871336905746,31.763950437998));
#3624 = CARTESIAN_POINT('',(0.924007383223,31.794090404909));
#3625 = CARTESIAN_POINT('',(0.977778243919,31.823615347122));
#3626 = CARTESIAN_POINT('',(1.03275861105,31.851918698743));
#3627 = CARTESIAN_POINT('',(1.126245239452,31.895767416105));
#3628 = CARTESIAN_POINT('',(1.164024529926,31.912391390096));
#3629 = CARTESIAN_POINT('',(1.202370129819,31.927973204696));
#3630 = CARTESIAN_POINT('',(1.241249321681,31.942285650112));
#3631 = CARTESIAN_POINT('',(1.280636581716,31.955112147121));
#3632 = CARTESIAN_POINT('',(1.320512080045,31.966253307624));
#3633 = CARTESIAN_POINT('',(1.420483637951,31.989247074035));
#3634 = CARTESIAN_POINT('',(1.481109697238,31.998890078435));
#3635 = CARTESIAN_POINT('',(1.542295671603,32.003812798594));
#3636 = CARTESIAN_POINT('',(1.603655881432,32.003658175732));
#3637 = CARTESIAN_POINT('',(1.664823335923,31.998433537921));
#3638 = CARTESIAN_POINT('',(1.725411363182,31.988509829487));
#3639 = CARTESIAN_POINT('',(1.824750527028,31.96522517194));
#3640 = CARTESIAN_POINT('',(1.864062181413,31.954103108875));
#3641 = CARTESIAN_POINT('',(1.902895649363,31.941352518148));
#3642 = CARTESIAN_POINT('',(1.941232396243,31.927165728472));
#3643 = CARTESIAN_POINT('',(1.979048490112,31.911750919515));
#3644 = CARTESIAN_POINT('',(2.016313236059,31.895326017511));
#3645 = CARTESIAN_POINT('',(2.084212785931,31.863456965541));
#3646 = CARTESIAN_POINT('',(2.115037370696,31.848216842723));
#3647 = CARTESIAN_POINT('',(2.1454795508,31.83250678557));
#3648 = CARTESIAN_POINT('',(2.175555367164,31.816436517719));
#3649 = CARTESIAN_POINT('',(2.205279484227,31.800110284685));
#3650 = CARTESIAN_POINT('',(2.234665758508,31.783626215247));
#3651 = CARTESIAN_POINT('',(2.307243829901,31.742293763529));
#3652 = CARTESIAN_POINT('',(2.350045690885,31.717355535911));
#3653 = CARTESIAN_POINT('',(2.392201517777,31.692554690292));
#3654 = CARTESIAN_POINT('',(2.433775592956,31.668151555461));
#3655 = CARTESIAN_POINT('',(2.474829559092,31.644376368293));
#3656 = CARTESIAN_POINT('',(2.515423624701,31.621432543364));
#3657 = CARTESIAN_POINT('',(2.583763921058,31.584141528996));
#3658 = CARTESIAN_POINT('',(2.611713402192,31.569279297263));
#3659 = CARTESIAN_POINT('',(2.639483813541,31.554976665558));
#3660 = CARTESIAN_POINT('',(2.667091775514,31.541291668236));
#3661 = CARTESIAN_POINT('',(2.694553360049,31.528277100339));
#3662 = CARTESIAN_POINT('',(2.72188452217,31.515980662123));
#3663 = CARTESIAN_POINT('',(2.805815385208,31.480407709562));
#3664 = CARTESIAN_POINT('',(2.862046702802,31.459668519244));
#3665 = CARTESIAN_POINT('',(2.917900500954,31.44263521095));
#3666 = CARTESIAN_POINT('',(2.973476198424,31.429615063739));
#3667 = CARTESIAN_POINT('',(3.028870273393,31.420814993231));
#3668 = CARTESIAN_POINT('',(3.084178920756,31.416341587423));
#3669 = CARTESIAN_POINT('',(3.194986691631,31.41606028074));
#3670 = CARTESIAN_POINT('',(3.250455018105,31.420278211119));
#3671 = CARTESIAN_POINT('',(3.306004810869,31.428853204798));
#3672 = CARTESIAN_POINT('',(3.361732767584,31.441681845927));
#3673 = CARTESIAN_POINT('',(3.417735846136,31.458559045303));
#3674 = CARTESIAN_POINT('',(3.474113949227,31.479178054038));
#3675 = CARTESIAN_POINT('',(3.576706923755,31.522396630638));
#3676 = CARTESIAN_POINT('',(3.622752201423,31.543819568347));
#3677 = CARTESIAN_POINT('',(3.669189818194,31.56719776715));
#3678 = CARTESIAN_POINT('',(3.71610125399,31.592294003546));
#3679 = CARTESIAN_POINT('',(3.763570024035,31.618830059646));
#3680 = CARTESIAN_POINT('',(3.811683610466,31.6464814291));
#3681 = CARTESIAN_POINT('',(3.910491549167,31.703904431161));
#3682 = CARTESIAN_POINT('',(3.961258812217,31.733732576864));
#3683 = CARTESIAN_POINT('',(4.012929559335,31.763950437998));
#3684 = CARTESIAN_POINT('',(4.065600036813,31.794090404909));
#3685 = CARTESIAN_POINT('',(4.119370897508,31.823615347122));
#3686 = CARTESIAN_POINT('',(4.174351264639,31.851918698742));
#3687 = CARTESIAN_POINT('',(4.267837893042,31.895767416105));
#3688 = CARTESIAN_POINT('',(4.305617183515,31.912391390096));
#3689 = CARTESIAN_POINT('',(4.343962783406,31.927973204695));
#3690 = CARTESIAN_POINT('',(4.382841975268,31.942285650111));
#3691 = CARTESIAN_POINT('',(4.422229235305,31.955112147121));
#3692 = CARTESIAN_POINT('',(4.462104733636,31.966253307624));
#3693 = CARTESIAN_POINT('',(4.562076291539,31.989247074035));
#3694 = CARTESIAN_POINT('',(4.622702350827,31.998890078435));
#3695 = CARTESIAN_POINT('',(4.683888325192,32.003812798594));
#3696 = CARTESIAN_POINT('',(4.74524853502,32.003658175732));
#3697 = CARTESIAN_POINT('',(4.806415989512,31.998433537921));
#3698 = CARTESIAN_POINT('',(4.86700401677,31.988509829487));
#3699 = CARTESIAN_POINT('',(4.966343180639,31.965225171935));
#3700 = CARTESIAN_POINT('',(5.005654835005,31.954103108873));
#3701 = CARTESIAN_POINT('',(5.044488302935,31.941352518153));
#3702 = CARTESIAN_POINT('',(5.082825049815,31.92716572848));
#3703 = CARTESIAN_POINT('',(5.120641143703,31.911750919516));
#3704 = CARTESIAN_POINT('',(5.157905889667,31.895326017502));
#3705 = CARTESIAN_POINT('',(5.225805439523,31.86345696554));
#3706 = CARTESIAN_POINT('',(5.256630024285,31.848216842723));
#3707 = CARTESIAN_POINT('',(5.287072204387,31.832506785571));
#3708 = CARTESIAN_POINT('',(5.317148020752,31.81643651772));
#3709 = CARTESIAN_POINT('',(5.346872137816,31.800110284685));
#3710 = CARTESIAN_POINT('',(5.376258412099,31.783626215246));
#3711 = CARTESIAN_POINT('',(5.542854385238,31.688751552914));
#3712 = CARTESIAN_POINT('',(5.673693703892,31.60861627932));
#3713 = CARTESIAN_POINT('',(5.799771204185,31.53599711482));
#3714 = CARTESIAN_POINT('',(5.922466438929,31.47735788745));
#3715 = CARTESIAN_POINT('',(6.043071923051,31.436707919528));
#3716 = CARTESIAN_POINT('',(6.162827708693,31.416198487096));
#3717 = CARTESIAN_POINT('',(6.28318530718,31.416198487096));
#3718 = ( GEOMETRIC_REPRESENTATION_CONTEXT(2) 
PARAMETRIC_REPRESENTATION_CONTEXT() REPRESENTATION_CONTEXT('2D SPACE',''
  ) );
#3719 = FACE_BOUND('',#3720,.T.);
#3720 = EDGE_LOOP('',(#3721));
#3721 = ORIENTED_EDGE('',*,*,#3722,.T.);
#3722 = EDGE_CURVE('',#3723,#3723,#3725,.T.);
#3723 = VERTEX_POINT('',#3724);
#3724 = CARTESIAN_POINT('',(3.,-7.416198487096,1.809811908116E+03));
#3725 = SURFACE_CURVE('',#3726,(#3831,#3939),.PCURVE_S1.);
#3726 = B_SPLINE_CURVE_WITH_KNOTS('',7,(#3727,#3728,#3729,#3730,#3731,
    #3732,#3733,#3734,#3735,#3736,#3737,#3738,#3739,#3740,#3741,#3742,
    #3743,#3744,#3745,#3746,#3747,#3748,#3749,#3750,#3751,#3752,#3753,
    #3754,#3755,#3756,#3757,#3758,#3759,#3760,#3761,#3762,#3763,#3764,
    #3765,#3766,#3767,#3768,#3769,#3770,#3771,#3772,#3773,#3774,#3775,
    #3776,#3777,#3778,#3779,#3780,#3781,#3782,#3783,#3784,#3785,#3786,
    #3787,#3788,#3789,#3790,#3791,#3792,#3793,#3794,#3795,#3796,#3797,
    #3798,#3799,#3800,#3801,#3802,#3803,#3804,#3805,#3806,#3807,#3808,
    #3809,#3810,#3811,#3812,#3813,#3814,#3815,#3816,#3817,#3818,#3819,
    #3820,#3821,#3822,#3823,#3824,#3825,#3826,#3827,#3828,#3829,#3830),
  .UNSPECIFIED.,.T.,.F.,(8,6,6,6,6,6,6,6,6,6,6,6,6,6,6,6,6,8),(0.,
    0.126241708849,0.184027465243,0.222169791117,0.278533715921,
    0.316172234138,0.34821791762,0.396201480454,0.429802211811,
    0.499818242425,0.570042075232,0.626526681994,0.684288212553,
    0.722414547813,0.778754842859,0.81637758167,0.848409830458,1.),
  .UNSPECIFIED.);
#3727 = CARTESIAN_POINT('',(3.,-7.416198487096,1.809811908116E+03));
#3728 = CARTESIAN_POINT('',(3.,-7.416198487096,1.809512135576E+03));
#3729 = CARTESIAN_POINT('',(2.965053697339,-7.43033504929,
    1.809213131841E+03));
#3730 = CARTESIAN_POINT('',(2.895479038755,-7.458478909458,
    1.808917574902E+03));
#3731 = CARTESIAN_POINT('',(2.790922836503,-7.499568183303,
    1.80862827113E+03));
#3732 = CARTESIAN_POINT('',(2.650535587161,-7.551586302826,
    1.808348510311E+03));
#3733 = CARTESIAN_POINT('',(2.473136311111,-7.611446344337,
    1.808082516812E+03));
#3734 = CARTESIAN_POINT('',(2.158805558561,-7.703904431161,
    1.80772336338E+03));
#3735 = CARTESIAN_POINT('',(2.051928373467,-7.733732576864,
    1.80761450858E+03));
#3736 = CARTESIAN_POINT('',(1.936711321373,-7.763950437998,
    1.807510162162E+03));
#3737 = CARTESIAN_POINT('',(1.812999206677,-7.794090404909,
    1.807411008143E+03));
#3738 = CARTESIAN_POINT('',(1.680666149797,-7.823615347122,
    1.807317841997E+03));
#3739 = CARTESIAN_POINT('',(1.539638330378,-7.851918698742,
    1.807231587151E+03));
#3740 = CARTESIAN_POINT('',(1.291095307457,-7.895767416106,
    1.807101648269E+03));
#3741 = CARTESIAN_POINT('',(1.188414790621,-7.912391390096,
    1.807053423865E+03));
#3742 = CARTESIAN_POINT('',(1.082079677096,-7.927973204696,
    1.807009066665E+03));
#3743 = CARTESIAN_POINT('',(0.972319586105,-7.942285650111,
    1.806968971439E+03));
#3744 = CARTESIAN_POINT('',(0.859391453981,-7.955112147122,
    1.806933503526E+03));
#3745 = CARTESIAN_POINT('',(0.743579025334,-7.966253307624,
    1.806903000769E+03));
#3746 = CARTESIAN_POINT('',(0.450249211089,-7.989247074035,
    1.806840499316E+03));
#3747 = CARTESIAN_POINT('',(0.269771190327,-7.998890078435,
    1.806814765471E+03));
#3748 = CARTESIAN_POINT('',(8.591689517912E-02,-8.003812798594,
    1.806801804245E+03));
#3749 = CARTESIAN_POINT('',(-9.903721469176E-02,-8.003658175732,
    1.806802211475E+03));
#3750 = CARTESIAN_POINT('',(-0.282776333834,-7.998433537921,
    1.806815974966E+03));
#3751 = CARTESIAN_POINT('',(-0.463026771677,-7.988509829487,
    1.806842474357E+03));
#3752 = CARTESIAN_POINT('',(-0.754234936786,-7.965225171939,
    1.806905816522E+03));
#3753 = CARTESIAN_POINT('',(-0.8682981789,-7.954103108875,
    1.806936293871E+03));
#3754 = CARTESIAN_POINT('',(-0.979531185981,-7.941352518149,
    1.806971584163E+03));
#3755 = CARTESIAN_POINT('',(-1.087665007371,-7.927165728474,
    1.807011361538E+03));
#3756 = CARTESIAN_POINT('',(-1.192456103225,-7.911750919515,
    1.807055274731E+03));
#3757 = CARTESIAN_POINT('',(-1.293686792375,-7.895326017509,
    1.80710294527E+03));
#3758 = CARTESIAN_POINT('',(-1.474159887376,-7.863456965541,
    1.807197404795E+03));
#3759 = CARTESIAN_POINT('',(-1.554507403837,-7.848216842723,
    1.80724331024E+03));
#3760 = CARTESIAN_POINT('',(-1.632196964667,-7.83250678557,
    1.807291498551E+03));
#3761 = CARTESIAN_POINT('',(-1.707224187088,-7.816436517719,
    1.807341796873E+03));
#3762 = CARTESIAN_POINT('',(-1.779591327659,-7.800110284685,
    1.807394042746E+03));
#3763 = CARTESIAN_POINT('',(-1.84930701949,-7.783626215247,
    1.80744808389E+03));
#3764 = CARTESIAN_POINT('',(-2.016826648566,-7.742293764454,
    1.807587171488E+03));
#3765 = CARTESIAN_POINT('',(-2.111384947005,-7.717355535077,
    1.807674295455E+03));
#3766 = CARTESIAN_POINT('',(-2.200158386911,-7.692554689553,
    1.807764721886E+03));
#3767 = CARTESIAN_POINT('',(-2.283253351426,-7.668151556073,
    1.807858083707E+03));
#3768 = CARTESIAN_POINT('',(-2.360778236097,-7.64437636915,
    1.807954067526E+03));
#3769 = CARTESIAN_POINT('',(-2.432836560281,-7.621432542607,
    1.808052406371E+03));
#3770 = CARTESIAN_POINT('',(-2.546215547802,-7.584141528996,
    1.80822322431E+03));
#3771 = CARTESIAN_POINT('',(-2.590274605397,-7.569279297263,
    1.808294617914E+03));
#3772 = CARTESIAN_POINT('',(-2.631724036239,-7.554976665558,
    1.808366967771E+03));
#3773 = CARTESIAN_POINT('',(-2.670588231973,-7.541291668236,
    1.808440194558E+03));
#3774 = CARTESIAN_POINT('',(-2.706889184303,-7.528277100339,
    1.808514225045E+03));
#3775 = CARTESIAN_POINT('',(-2.740646478303,-7.515980662123,
    1.808588992023E+03));
#3776 = CARTESIAN_POINT('',(-2.83695495164,-7.480407709562,
    1.808821638076E+03));
#3777 = CARTESIAN_POINT('',(-2.891077202886,-7.459668519244,
    1.808981810103E+03));
#3778 = CARTESIAN_POINT('',(-2.934341839702,-7.44263521095,
    1.809144284574E+03));
#3779 = CARTESIAN_POINT('',(-2.966827258933,-7.429615063739,
    1.809308456717E+03));
#3780 = CARTESIAN_POINT('',(-2.988587325795,-7.420814993231,
    1.809473763979E+03));
#3781 = CARTESIAN_POINT('',(-2.99964624563,-7.416341587423,
    1.809639667286E+03));
#3782 = CARTESIAN_POINT('',(-3.000341656117,-7.416060280747,
    1.809972089863E+03));
#3783 = CARTESIAN_POINT('',(-2.989914273184,-7.420278211812,
    1.81013851717E+03));
#3784 = CARTESIAN_POINT('',(-2.96872281232,-7.428853204839,
    1.810304374034E+03));
#3785 = CARTESIAN_POINT('',(-2.936743951187,-7.441681845006,
    1.810469116191E+03));
#3786 = CARTESIAN_POINT('',(-2.89392460639,-7.458559044791,
    1.810632176351E+03));
#3787 = CARTESIAN_POINT('',(-2.840187020239,-7.479178055239,
    1.810792945247E+03));
#3788 = CARTESIAN_POINT('',(-2.723349571364,-7.522396630638,
    1.811077685253E+03));
#3789 = CARTESIAN_POINT('',(-2.664138295912,-7.543819568347,
    1.811202702116E+03));
#3790 = CARTESIAN_POINT('',(-2.597720073692,-7.56719776715,
    1.811325526402E+03));
#3791 = CARTESIAN_POINT('',(-2.523985333552,-7.592294003546,
    1.811445841086E+03));
#3792 = CARTESIAN_POINT('',(-2.442802757321,-7.618830059646,
    1.811563275726E+03));
#3793 = CARTESIAN_POINT('',(-2.354027156494,-7.6464814291,
    1.811677393205E+03));
#3794 = CARTESIAN_POINT('',(-2.158805558562,-7.703904431161,
    1.811900452853E+03));
#3795 = CARTESIAN_POINT('',(-2.051928373468,-7.733732576864,
    1.812009307653E+03));
#3796 = CARTESIAN_POINT('',(-1.936711321374,-7.763950437998,
    1.812113654071E+03));
#3797 = CARTESIAN_POINT('',(-1.812999206678,-7.794090404909,
    1.81221280809E+03));
#3798 = CARTESIAN_POINT('',(-1.680666149798,-7.823615347122,
    1.812305974236E+03));
#3799 = CARTESIAN_POINT('',(-1.53963833038,-7.851918698742,
    1.812392229082E+03));
#3800 = CARTESIAN_POINT('',(-1.291095307464,-7.895767416105,
    1.812522167963E+03));
#3801 = CARTESIAN_POINT('',(-1.188414790624,-7.912391390096,
    1.812570392368E+03));
#3802 = CARTESIAN_POINT('',(-1.082079677095,-7.927973204696,
    1.812614749567E+03));
#3803 = CARTESIAN_POINT('',(-0.972319586104,-7.942285650111,
    1.812654844794E+03));
#3804 = CARTESIAN_POINT('',(-0.859391453984,-7.955112147121,
    1.812690312707E+03));
#3805 = CARTESIAN_POINT('',(-0.743579025343,-7.966253307623,
    1.812720815464E+03));
#3806 = CARTESIAN_POINT('',(-0.450249211093,-7.989247074035,
    1.812783316917E+03));
#3807 = CARTESIAN_POINT('',(-0.26977119033,-7.998890078435,
    1.812809050762E+03));
#3808 = CARTESIAN_POINT('',(-8.591689518236E-02,-8.003812798594,
    1.812822011987E+03));
#3809 = CARTESIAN_POINT('',(9.903721468772E-02,-8.003658175732,
    1.812821604758E+03));
#3810 = CARTESIAN_POINT('',(0.28277633383,-7.998433537921,
    1.812807841267E+03));
#3811 = CARTESIAN_POINT('',(0.463026771674,-7.988509829487,
    1.812781341876E+03));
#3812 = CARTESIAN_POINT('',(0.754234936772,-7.965225171941,
    1.812717999711E+03));
#3813 = CARTESIAN_POINT('',(0.868298178896,-7.954103108876,
    1.812687522362E+03));
#3814 = CARTESIAN_POINT('',(0.979531185987,-7.941352518149,
    1.81265223207E+03));
#3815 = CARTESIAN_POINT('',(1.087665007376,-7.927165728473,
    1.812612454695E+03));
#3816 = CARTESIAN_POINT('',(1.192456103221,-7.911750919515,
    1.812568541502E+03));
#3817 = CARTESIAN_POINT('',(1.293686792364,-7.895326017511,
    1.812520870963E+03));
#3818 = CARTESIAN_POINT('',(1.474159887375,-7.863456965541,
    1.812426411438E+03));
#3819 = CARTESIAN_POINT('',(1.554507403835,-7.848216842724,
    1.812380505993E+03));
#3820 = CARTESIAN_POINT('',(1.632196964666,-7.83250678557,
    1.812332317681E+03));
#3821 = CARTESIAN_POINT('',(1.707224187087,-7.816436517719,
    1.81228201936E+03));
#3822 = CARTESIAN_POINT('',(1.779591327658,-7.800110284685,
    1.812229773487E+03));
#3823 = CARTESIAN_POINT('',(1.84930701949,-7.783626215247,
    1.812175732342E+03));
#3824 = CARTESIAN_POINT('',(2.233832203399,-7.688751552914,
    1.81185647015E+03));
#3825 = CARTESIAN_POINT('',(2.493533437396,-7.60861627932,
    1.811554797193E+03));
#3826 = CARTESIAN_POINT('',(2.697568465143,-7.53599711482,
    1.811228369345E+03));
#3827 = CARTESIAN_POINT('',(2.848811521355,-7.47735788745,
    1.810885517067E+03));
#3828 = CARTESIAN_POINT('',(2.94929877247,-7.436707919528,
    1.810532249494E+03));
#3829 = CARTESIAN_POINT('',(3.,-7.416198487096,1.810172980912E+03));
#3830 = CARTESIAN_POINT('',(3.,-7.416198487096,1.809811908116E+03));
#3831 = PCURVE('',#3313,#3832);
#3832 = DEFINITIONAL_REPRESENTATION('',(#3833),#3938);
#3833 = B_SPLINE_CURVE_WITH_KNOTS('',7,(#3834,#3835,#3836,#3837,#3838,
    #3839,#3840,#3841,#3842,#3843,#3844,#3845,#3846,#3847,#3848,#3849,
    #3850,#3851,#3852,#3853,#3854,#3855,#3856,#3857,#3858,#3859,#3860,
    #3861,#3862,#3863,#3864,#3865,#3866,#3867,#3868,#3869,#3870,#3871,
    #3872,#3873,#3874,#3875,#3876,#3877,#3878,#3879,#3880,#3881,#3882,
    #3883,#3884,#3885,#3886,#3887,#3888,#3889,#3890,#3891,#3892,#3893,
    #3894,#3895,#3896,#3897,#3898,#3899,#3900,#3901,#3902,#3903,#3904,
    #3905,#3906,#3907,#3908,#3909,#3910,#3911,#3912,#3913,#3914,#3915,
    #3916,#3917,#3918,#3919,#3920,#3921,#3922,#3923,#3924,#3925,#3926,
    #3927,#3928,#3929,#3930,#3931,#3932,#3933,#3934,#3935,#3936,#3937),
  .UNSPECIFIED.,.T.,.F.,(8,6,6,6,6,6,6,6,6,6,6,6,6,6,6,6,6,8),(0.,
    0.126241708849,0.184027465243,0.222169791117,0.278533715921,
    0.316172234138,0.34821791762,0.396201480454,0.429802211811,
    0.499818242425,0.570042075232,0.626526681994,0.684288212553,
    0.722414547813,0.778754842859,0.81637758167,0.848409830458,1.),
  .UNSPECIFIED.);
#3834 = CARTESIAN_POINT('',(5.09678575488,720.49140004071));
#3835 = CARTESIAN_POINT('',(5.09678575488,720.19162750029));
#3836 = CARTESIAN_POINT('',(5.092073595305,719.89262376528));
#3837 = CARTESIAN_POINT('',(5.082692155812,719.59706682677));
#3838 = CARTESIAN_POINT('',(5.068650373141,719.30776305426));
#3839 = CARTESIAN_POINT('',(5.049944077552,719.0280022352));
#3840 = CARTESIAN_POINT('',(5.0265588999,718.76200873619));
#3841 = CARTESIAN_POINT('',(4.985603070069,718.40285530398));
#3842 = CARTESIAN_POINT('',(4.97173422906,718.2940005046));
#3843 = CARTESIAN_POINT('',(4.956848041479,718.18965408658));
#3844 = CARTESIAN_POINT('',(4.940936491516,718.09050006746));
#3845 = CARTESIAN_POINT('',(4.923994006306,717.99733392084));
#3846 = CARTESIAN_POINT('',(4.906018954587,717.91107907547));
#3847 = CARTESIAN_POINT('',(4.874471286226,717.7811401938));
#3848 = CARTESIAN_POINT('',(4.861470380284,717.73291578882));
#3849 = CARTESIAN_POINT('',(4.848039039674,717.68855858978));
#3850 = CARTESIAN_POINT('',(4.834206129585,717.64846336347));
#3851 = CARTESIAN_POINT('',(4.820002621933,717.6129954501));
#3852 = CARTESIAN_POINT('',(4.805461521,717.58249269321));
#3853 = CARTESIAN_POINT('',(4.768682813416,717.51999124057));
#3854 = CARTESIAN_POINT('',(4.746097819407,717.49425739483));
#3855 = CARTESIAN_POINT('',(4.723121122382,717.48129616969));
#3856 = CARTESIAN_POINT('',(4.700017579778,717.48170339907));
#3857 = CARTESIAN_POINT('',(4.677054191145,717.49546688994));
#3858 = CARTESIAN_POINT('',(4.654495661151,717.52196628104));
#3859 = CARTESIAN_POINT('',(4.61797846257,717.58530844586));
#3860 = CARTESIAN_POINT('',(4.60365512004,717.61578579546));
#3861 = CARTESIAN_POINT('',(4.589663068086,717.65107608684));
#3862 = CARTESIAN_POINT('',(4.576033619779,717.69085346238));
#3863 = CARTESIAN_POINT('',(4.56279616088,717.73476665557));
#3864 = CARTESIAN_POINT('',(4.549978079564,717.78243719435));
#3865 = CARTESIAN_POINT('',(4.527069915595,717.87689671919));
#3866 = CARTESIAN_POINT('',(4.516848223281,717.9228021646));
#3867 = CARTESIAN_POINT('',(4.506941588323,717.9709904757));
#3868 = CARTESIAN_POINT('',(4.497351537376,718.02128879746));
#3869 = CARTESIAN_POINT('',(4.488079103869,718.07353467011));
#3870 = CARTESIAN_POINT('',(4.47912477725,718.12757581465));
#3871 = CARTESIAN_POINT('',(4.457556862128,718.26666341215));
#3872 = CARTESIAN_POINT('',(4.445334466678,718.3537873789));
#3873 = CARTESIAN_POINT('',(4.433814731846,718.44421380991));
#3874 = CARTESIAN_POINT('',(4.422990712071,718.53757563169));
#3875 = CARTESIAN_POINT('',(4.412855579517,718.63355945011));
#3876 = CARTESIAN_POINT('',(4.403403153319,718.73189829487));
#3877 = CARTESIAN_POINT('',(4.388483883843,718.90271623433));
#3878 = CARTESIAN_POINT('',(4.382671769815,718.97410983874));
#3879 = CARTESIAN_POINT('',(4.377191006872,719.04645969499));
#3880 = CARTESIAN_POINT('',(4.372040767389,719.11968648192));
#3881 = CARTESIAN_POINT('',(4.367220440742,719.19371696922));
#3882 = CARTESIAN_POINT('',(4.362729598047,719.26848394736));
#3883 = CARTESIAN_POINT('',(4.349896074448,719.50113000019));
#3884 = CARTESIAN_POINT('',(4.342651589363,719.66130202707));
#3885 = CARTESIAN_POINT('',(4.336839809923,719.82377649822));
#3886 = CARTESIAN_POINT('',(4.332465143581,719.98794864093));
#3887 = CARTESIAN_POINT('',(4.32953103534,720.15325590362));
#3888 = CARTESIAN_POINT('',(4.328039906102,720.31915920994));
#3889 = CARTESIAN_POINT('',(4.327946137004,720.65158178697));
#3890 = CARTESIAN_POINT('',(4.329352108638,720.81800909454));
#3891 = CARTESIAN_POINT('',(4.332209779084,720.98386595781));
#3892 = CARTESIAN_POINT('',(4.336516769537,721.14860811535));
#3893 = CARTESIAN_POINT('',(4.342269615641,721.31166827576));
#3894 = CARTESIAN_POINT('',(4.349463833894,721.47243717142));
#3895 = CARTESIAN_POINT('',(4.365035660778,721.75717717753));
#3896 = CARTESIAN_POINT('',(4.372906391515,721.88219404045));
#3897 = CARTESIAN_POINT('',(4.381707426031,722.00501832675));
#3898 = CARTESIAN_POINT('',(4.391442448461,722.12533301034));
#3899 = CARTESIAN_POINT('',(4.402117088359,722.2427676506));
#3900 = CARTESIAN_POINT('',(4.413738427741,722.35688512969));
#3901 = CARTESIAN_POINT('',(4.439174890701,722.57994477744));
#3902 = CARTESIAN_POINT('',(4.453043731709,722.68879957681));
#3903 = CARTESIAN_POINT('',(4.46792991929,722.79314599484));
#3904 = CARTESIAN_POINT('',(4.483841469254,722.89230001396));
#3905 = CARTESIAN_POINT('',(4.500783954463,722.98546616058));
#3906 = CARTESIAN_POINT('',(4.518759006182,723.07172100594));
#3907 = CARTESIAN_POINT('',(4.550306674542,723.20165988761));
#3908 = CARTESIAN_POINT('',(4.563307580485,723.2498842926));
#3909 = CARTESIAN_POINT('',(4.576738921096,723.29424149163));
#3910 = CARTESIAN_POINT('',(4.590571831184,723.33433671795));
#3911 = CARTESIAN_POINT('',(4.604775338836,723.36980463131));
#3912 = CARTESIAN_POINT('',(4.619316439768,723.4003073882));
#3913 = CARTESIAN_POINT('',(4.656095147353,723.46280884084));
#3914 = CARTESIAN_POINT('',(4.678680141362,723.48854268659));
#3915 = CARTESIAN_POINT('',(4.701656838386,723.50150391173));
#3916 = CARTESIAN_POINT('',(4.724760380991,723.50109668235));
#3917 = CARTESIAN_POINT('',(4.747723769624,723.48733319147));
#3918 = CARTESIAN_POINT('',(4.770282299618,723.46083380037));
#3919 = CARTESIAN_POINT('',(4.806799498198,723.39749163556));
#3920 = CARTESIAN_POINT('',(4.821122840729,723.36701428596));
#3921 = CARTESIAN_POINT('',(4.835114892684,723.33172399458));
#3922 = CARTESIAN_POINT('',(4.848744340991,723.29194661903));
#3923 = CARTESIAN_POINT('',(4.861981799889,723.24803342584));
#3924 = CARTESIAN_POINT('',(4.874799881204,723.20036288707));
#3925 = CARTESIAN_POINT('',(4.897708045174,723.10590336223));
#3926 = CARTESIAN_POINT('',(4.907929737488,723.05999791682));
#3927 = CARTESIAN_POINT('',(4.917836372446,723.01180960571));
#3928 = CARTESIAN_POINT('',(4.927426423393,722.96151128396));
#3929 = CARTESIAN_POINT('',(4.9366988569,722.9092654113));
#3930 = CARTESIAN_POINT('',(4.945653183519,722.85522426677));
#3931 = CARTESIAN_POINT('',(4.995160256658,722.53596207461));
#3932 = CARTESIAN_POINT('',(5.029077270003,722.23428911735));
#3933 = CARTESIAN_POINT('',(5.056125108029,721.90786126967));
#3934 = CARTESIAN_POINT('',(5.076399458897,721.56500899086));
#3935 = CARTESIAN_POINT('',(5.089949213526,721.21174141793));
#3936 = CARTESIAN_POINT('',(5.09678575488,720.85247283617));
#3937 = CARTESIAN_POINT('',(5.09678575488,720.49140004071));
#3938 = ( GEOMETRIC_REPRESENTATION_CONTEXT(2) 
PARAMETRIC_REPRESENTATION_CONTEXT() REPRESENTATION_CONTEXT('2D SPACE',''
  ) );
#3939 = PCURVE('',#3607,#3940);
#3940 = DEFINITIONAL_REPRESENTATION('',(#3941),#4046);
#3941 = B_SPLINE_CURVE_WITH_KNOTS('',7,(#3942,#3943,#3944,#3945,#3946,
    #3947,#3948,#3949,#3950,#3951,#3952,#3953,#3954,#3955,#3956,#3957,
    #3958,#3959,#3960,#3961,#3962,#3963,#3964,#3965,#3966,#3967,#3968,
    #3969,#3970,#3971,#3972,#3973,#3974,#3975,#3976,#3977,#3978,#3979,
    #3980,#3981,#3982,#3983,#3984,#3985,#3986,#3987,#3988,#3989,#3990,
    #3991,#3992,#3993,#3994,#3995,#3996,#3997,#3998,#3999,#4000,#4001,
    #4002,#4003,#4004,#4005,#4006,#4007,#4008,#4009,#4010,#4011,#4012,
    #4013,#4014,#4015,#4016,#4017,#4018,#4019,#4020,#4021,#4022,#4023,
    #4024,#4025,#4026,#4027,#4028,#4029,#4030,#4031,#4032,#4033,#4034,
    #4035,#4036,#4037,#4038,#4039,#4040,#4041,#4042,#4043,#4044,#4045),
  .UNSPECIFIED.,.F.,.F.,(8,6,6,6,6,6,6,6,6,6,6,6,6,6,6,6,6,8),(0.,
    0.126241708849,0.184027465243,0.222169791117,0.278533715921,
    0.316172234138,0.34821791762,0.396201480454,0.429802211811,
    0.499818242425,0.570042075232,0.626526681994,0.684288212553,
    0.722414547813,0.778754842859,0.81637758167,0.848409830458,1.),
  .UNSPECIFIED.);
#3942 = CARTESIAN_POINT('',(0.,16.583801512904));
#3943 = CARTESIAN_POINT('',(9.992418013797E-02,16.583801512904));
#3944 = CARTESIAN_POINT('',(0.19959195848,16.56966495071));
#3945 = CARTESIAN_POINT('',(0.299741167037,16.541521090542));
#3946 = CARTESIAN_POINT('',(0.401025889832,16.500431816697));
#3947 = CARTESIAN_POINT('',(0.504141203797,16.448413697174));
#3948 = CARTESIAN_POINT('',(0.60980597728,16.388553655663));
#3949 = CARTESIAN_POINT('',(0.768898895577,16.296095568839));
#3950 = CARTESIAN_POINT('',(0.819666158627,16.266267423136));
#3951 = CARTESIAN_POINT('',(0.871336905746,16.236049562002));
#3952 = CARTESIAN_POINT('',(0.924007383223,16.205909595091));
#3953 = CARTESIAN_POINT('',(0.977778243919,16.176384652878));
#3954 = CARTESIAN_POINT('',(1.03275861105,16.148081301258));
#3955 = CARTESIAN_POINT('',(1.126245239453,16.104232583894));
#3956 = CARTESIAN_POINT('',(1.164024529926,16.087608609904));
#3957 = CARTESIAN_POINT('',(1.202370129818,16.072026795304));
#3958 = CARTESIAN_POINT('',(1.241249321679,16.057714349889));
#3959 = CARTESIAN_POINT('',(1.280636581716,16.044887852878));
#3960 = CARTESIAN_POINT('',(1.320512080047,16.033746692376));
#3961 = CARTESIAN_POINT('',(1.420483637951,16.010752925965));
#3962 = CARTESIAN_POINT('',(1.481109697238,16.001109921565));
#3963 = CARTESIAN_POINT('',(1.542295671603,15.996187201406));
#3964 = CARTESIAN_POINT('',(1.603655881432,15.996341824268));
#3965 = CARTESIAN_POINT('',(1.664823335923,16.001566462079));
#3966 = CARTESIAN_POINT('',(1.725411363182,16.011490170513));
#3967 = CARTESIAN_POINT('',(1.824750527032,16.034774828061));
#3968 = CARTESIAN_POINT('',(1.864062181414,16.045896891125));
#3969 = CARTESIAN_POINT('',(1.90289564936,16.058647481851));
#3970 = CARTESIAN_POINT('',(1.94123239624,16.072834271526));
#3971 = CARTESIAN_POINT('',(1.979048490113,16.088249080485));
#3972 = CARTESIAN_POINT('',(2.016313236062,16.104673982491));
#3973 = CARTESIAN_POINT('',(2.084212785931,16.136543034459));
#3974 = CARTESIAN_POINT('',(2.115037370696,16.151783157277));
#3975 = CARTESIAN_POINT('',(2.1454795508,16.16749321443));
#3976 = CARTESIAN_POINT('',(2.175555367164,16.183563482281));
#3977 = CARTESIAN_POINT('',(2.205279484227,16.199889715315));
#3978 = CARTESIAN_POINT('',(2.234665758508,16.216373784753));
#3979 = CARTESIAN_POINT('',(2.307243828278,16.257706235546));
#3980 = CARTESIAN_POINT('',(2.350045692372,16.282644464923));
#3981 = CARTESIAN_POINT('',(2.39220151907,16.307445310447));
#3982 = CARTESIAN_POINT('',(2.433775591845,16.331848443927));
#3983 = CARTESIAN_POINT('',(2.474829557574,16.35562363085));
#3984 = CARTESIAN_POINT('',(2.515423626087,16.378567457393));
#3985 = CARTESIAN_POINT('',(2.583763921058,16.415858471004));
#3986 = CARTESIAN_POINT('',(2.611713402192,16.430720702737));
#3987 = CARTESIAN_POINT('',(2.639483813541,16.445023334442));
#3988 = CARTESIAN_POINT('',(2.667091775514,16.458708331764));
#3989 = CARTESIAN_POINT('',(2.694553360049,16.471722899661));
#3990 = CARTESIAN_POINT('',(2.72188452217,16.484019337877));
#3991 = CARTESIAN_POINT('',(2.805815385208,16.519592290438));
#3992 = CARTESIAN_POINT('',(2.862046702802,16.540331480756));
#3993 = CARTESIAN_POINT('',(2.917900500954,16.55736478905));
#3994 = CARTESIAN_POINT('',(2.973476198424,16.570384936261));
#3995 = CARTESIAN_POINT('',(3.028870273393,16.579185006769));
#3996 = CARTESIAN_POINT('',(3.084178920756,16.583658412577));
#3997 = CARTESIAN_POINT('',(3.194986688892,16.583939719253));
#3998 = CARTESIAN_POINT('',(3.250455020921,16.579721788188));
#3999 = CARTESIAN_POINT('',(3.30600481307,16.571146795161));
#4000 = CARTESIAN_POINT('',(3.361732765297,16.558318154994));
#4001 = CARTESIAN_POINT('',(3.417735843335,16.541440955209));
#4002 = CARTESIAN_POINT('',(3.474113952078,16.520821944761));
#4003 = CARTESIAN_POINT('',(3.576706923755,16.477603369362));
#4004 = CARTESIAN_POINT('',(3.622752201423,16.456180431653));
#4005 = CARTESIAN_POINT('',(3.669189818194,16.43280223285));
#4006 = CARTESIAN_POINT('',(3.71610125399,16.407705996454));
#4007 = CARTESIAN_POINT('',(3.763570024035,16.381169940354));
#4008 = CARTESIAN_POINT('',(3.811683610466,16.3535185709));
#4009 = CARTESIAN_POINT('',(3.910491549166,16.296095568839));
#4010 = CARTESIAN_POINT('',(3.961258812217,16.266267423136));
#4011 = CARTESIAN_POINT('',(4.012929559335,16.236049562002));
#4012 = CARTESIAN_POINT('',(4.065600036812,16.205909595091));
#4013 = CARTESIAN_POINT('',(4.119370897508,16.176384652878));
#4014 = CARTESIAN_POINT('',(4.174351264639,16.148081301258));
#4015 = CARTESIAN_POINT('',(4.267837893041,16.104232583895));
#4016 = CARTESIAN_POINT('',(4.305617183515,16.087608609904));
#4017 = CARTESIAN_POINT('',(4.343962783408,16.072026795304));
#4018 = CARTESIAN_POINT('',(4.382841975269,16.057714349889));
#4019 = CARTESIAN_POINT('',(4.422229235305,16.044887852879));
#4020 = CARTESIAN_POINT('',(4.462104733634,16.033746692377));
#4021 = CARTESIAN_POINT('',(4.562076291539,16.010752925965));
#4022 = CARTESIAN_POINT('',(4.622702350827,16.001109921565));
#4023 = CARTESIAN_POINT('',(4.683888325192,15.996187201406));
#4024 = CARTESIAN_POINT('',(4.74524853502,15.996341824268));
#4025 = CARTESIAN_POINT('',(4.806415989512,16.001566462079));
#4026 = CARTESIAN_POINT('',(4.86700401677,16.011490170513));
#4027 = CARTESIAN_POINT('',(4.966343180617,16.034774828059));
#4028 = CARTESIAN_POINT('',(5.005654835002,16.045896891124));
#4029 = CARTESIAN_POINT('',(5.044488302952,16.058647481851));
#4030 = CARTESIAN_POINT('',(5.082825049832,16.072834271527));
#4031 = CARTESIAN_POINT('',(5.120641143701,16.088249080485));
#4032 = CARTESIAN_POINT('',(5.157905889648,16.104673982489));
#4033 = CARTESIAN_POINT('',(5.22580543952,16.136543034459));
#4034 = CARTESIAN_POINT('',(5.256630024285,16.151783157276));
#4035 = CARTESIAN_POINT('',(5.287072204389,16.16749321443));
#4036 = CARTESIAN_POINT('',(5.317148020754,16.183563482281));
#4037 = CARTESIAN_POINT('',(5.346872137816,16.199889715315));
#4038 = CARTESIAN_POINT('',(5.376258412097,16.216373784753));
#4039 = CARTESIAN_POINT('',(5.542854385239,16.311248447086));
#4040 = CARTESIAN_POINT('',(5.673693703891,16.39138372068));
#4041 = CARTESIAN_POINT('',(5.799771204187,16.46400288518));
#4042 = CARTESIAN_POINT('',(5.922466438926,16.52264211255));
#4043 = CARTESIAN_POINT('',(6.043071923052,16.563292080472));
#4044 = CARTESIAN_POINT('',(6.162827708693,16.583801512904));
#4045 = CARTESIAN_POINT('',(6.28318530718,16.583801512904));
#4046 = ( GEOMETRIC_REPRESENTATION_CONTEXT(2) 
PARAMETRIC_REPRESENTATION_CONTEXT() REPRESENTATION_CONTEXT('2D SPACE',''
  ) );
#4047 = ADVANCED_FACE('',(#4048,#4051),#3375,.F.);
#4048 = FACE_BOUND('',#4049,.F.);
#4049 = EDGE_LOOP('',(#4050));
#4050 = ORIENTED_EDGE('',*,*,#3360,.T.);
#4051 = FACE_BOUND('',#4052,.F.);
#4052 = EDGE_LOOP('',(#4053));
#4053 = ORIENTED_EDGE('',*,*,#4054,.F.);
#4054 = EDGE_CURVE('',#4055,#4055,#4057,.T.);
#4055 = VERTEX_POINT('',#4056);
#4056 = CARTESIAN_POINT('',(6.,-1.469576158977E-15,1.089320508076E+03));
#4057 = SURFACE_CURVE('',#4058,(#4063,#4070),.PCURVE_S1.);
#4058 = CIRCLE('',#4059,6.);
#4059 = AXIS2_PLACEMENT_3D('',#4060,#4061,#4062);
#4060 = CARTESIAN_POINT('',(0.,0.,1.089320508076E+03));
#4061 = DIRECTION('',(0.,0.,1.));
#4062 = DIRECTION('',(1.,0.,-0.));
#4063 = PCURVE('',#3375,#4064);
#4064 = DEFINITIONAL_REPRESENTATION('',(#4065),#4069);
#4065 = CIRCLE('',#4066,6.);
#4066 = AXIS2_PLACEMENT_2D('',#4067,#4068);
#4067 = CARTESIAN_POINT('',(0.,0.));
#4068 = DIRECTION('',(1.,0.));
#4069 = ( GEOMETRIC_REPRESENTATION_CONTEXT(2) 
PARAMETRIC_REPRESENTATION_CONTEXT() REPRESENTATION_CONTEXT('2D SPACE',''
  ) );
#4070 = PCURVE('',#4071,#4076);
#4071 = CYLINDRICAL_SURFACE('',#4072,6.);
#4072 = AXIS2_PLACEMENT_3D('',#4073,#4074,#4075);
#4073 = CARTESIAN_POINT('',(0.,0.,1.069320508076E+03));
#4074 = DIRECTION('',(0.,0.,1.));
#4075 = DIRECTION('',(1.,0.,-0.));
#4076 = DEFINITIONAL_REPRESENTATION('',(#4077),#4081);
#4077 = LINE('',#4078,#4079);
#4078 = CARTESIAN_POINT('',(0.,20.));
#4079 = VECTOR('',#4080,1.);
#4080 = DIRECTION('',(1.,0.));
#4081 = ( GEOMETRIC_REPRESENTATION_CONTEXT(2) 
PARAMETRIC_REPRESENTATION_CONTEXT() REPRESENTATION_CONTEXT('2D SPACE',''
  ) );
#4082 = ADVANCED_FACE('',(#4083),#3347,.T.);
#4083 = FACE_BOUND('',#4084,.T.);
#4084 = EDGE_LOOP('',(#4085));
#4085 = ORIENTED_EDGE('',*,*,#3332,.T.);
#4086 = ADVANCED_FACE('',(#4087),#3607,.F.);
#4087 = FACE_BOUND('',#4088,.F.);
#4088 = EDGE_LOOP('',(#4089,#4090,#4111,#4112));
#4089 = ORIENTED_EDGE('',*,*,#3389,.F.);
#4090 = ORIENTED_EDGE('',*,*,#4091,.F.);
#4091 = EDGE_CURVE('',#3723,#3390,#4092,.T.);
#4092 = SEAM_CURVE('',#4093,(#4097,#4104),.PCURVE_S1.);
#4093 = LINE('',#4094,#4095);
#4094 = CARTESIAN_POINT('',(3.,-24.,1.809811908116E+03));
#4095 = VECTOR('',#4096,1.);
#4096 = DIRECTION('',(0.,1.,2.22044604925E-16));
#4097 = PCURVE('',#3607,#4098);
#4098 = DEFINITIONAL_REPRESENTATION('',(#4099),#4103);
#4099 = LINE('',#4100,#4101);
#4100 = CARTESIAN_POINT('',(6.28318530718,-0.));
#4101 = VECTOR('',#4102,1.);
#4102 = DIRECTION('',(0.,1.));
#4103 = ( GEOMETRIC_REPRESENTATION_CONTEXT(2) 
PARAMETRIC_REPRESENTATION_CONTEXT() REPRESENTATION_CONTEXT('2D SPACE',''
  ) );
#4104 = PCURVE('',#3607,#4105);
#4105 = DEFINITIONAL_REPRESENTATION('',(#4106),#4110);
#4106 = LINE('',#4107,#4108);
#4107 = CARTESIAN_POINT('',(0.,-0.));
#4108 = VECTOR('',#4109,1.);
#4109 = DIRECTION('',(0.,1.));
#4110 = ( GEOMETRIC_REPRESENTATION_CONTEXT(2) 
PARAMETRIC_REPRESENTATION_CONTEXT() REPRESENTATION_CONTEXT('2D SPACE',''
  ) );
#4111 = ORIENTED_EDGE('',*,*,#3722,.T.);
#4112 = ORIENTED_EDGE('',*,*,#4091,.T.);
#4113 = ADVANCED_FACE('',(#4114),#4071,.T.);
#4114 = FACE_BOUND('',#4115,.T.);
#4115 = EDGE_LOOP('',(#4116,#4117,#4140,#4167));
#4116 = ORIENTED_EDGE('',*,*,#4054,.F.);
#4117 = ORIENTED_EDGE('',*,*,#4118,.F.);
#4118 = EDGE_CURVE('',#4119,#4055,#4121,.T.);
#4119 = VERTEX_POINT('',#4120);
#4120 = CARTESIAN_POINT('',(6.,-1.469576158977E-15,1.069320508076E+03));
#4121 = SEAM_CURVE('',#4122,(#4126,#4133),.PCURVE_S1.);
#4122 = LINE('',#4123,#4124);
#4123 = CARTESIAN_POINT('',(6.,-1.469576158977E-15,1.069320508076E+03));
#4124 = VECTOR('',#4125,1.);
#4125 = DIRECTION('',(0.,0.,1.));
#4126 = PCURVE('',#4071,#4127);
#4127 = DEFINITIONAL_REPRESENTATION('',(#4128),#4132);
#4128 = LINE('',#4129,#4130);
#4129 = CARTESIAN_POINT('',(6.28318530718,-0.));
#4130 = VECTOR('',#4131,1.);
#4131 = DIRECTION('',(0.,1.));
#4132 = ( GEOMETRIC_REPRESENTATION_CONTEXT(2) 
PARAMETRIC_REPRESENTATION_CONTEXT() REPRESENTATION_CONTEXT('2D SPACE',''
  ) );
#4133 = PCURVE('',#4071,#4134);
#4134 = DEFINITIONAL_REPRESENTATION('',(#4135),#4139);
#4135 = LINE('',#4136,#4137);
#4136 = CARTESIAN_POINT('',(0.,-0.));
#4137 = VECTOR('',#4138,1.);
#4138 = DIRECTION('',(0.,1.));
#4139 = ( GEOMETRIC_REPRESENTATION_CONTEXT(2) 
PARAMETRIC_REPRESENTATION_CONTEXT() REPRESENTATION_CONTEXT('2D SPACE',''
  ) );
#4140 = ORIENTED_EDGE('',*,*,#4141,.T.);
#4141 = EDGE_CURVE('',#4119,#4119,#4142,.T.);
#4142 = SURFACE_CURVE('',#4143,(#4148,#4155),.PCURVE_S1.);
#4143 = CIRCLE('',#4144,6.);
#4144 = AXIS2_PLACEMENT_3D('',#4145,#4146,#4147);
#4145 = CARTESIAN_POINT('',(0.,0.,1.069320508076E+03));
#4146 = DIRECTION('',(0.,0.,1.));
#4147 = DIRECTION('',(1.,0.,-0.));
#4148 = PCURVE('',#4071,#4149);
#4149 = DEFINITIONAL_REPRESENTATION('',(#4150),#4154);
#4150 = LINE('',#4151,#4152);
#4151 = CARTESIAN_POINT('',(0.,0.));
#4152 = VECTOR('',#4153,1.);
#4153 = DIRECTION('',(1.,0.));
#4154 = ( GEOMETRIC_REPRESENTATION_CONTEXT(2) 
PARAMETRIC_REPRESENTATION_CONTEXT() REPRESENTATION_CONTEXT('2D SPACE',''
  ) );
#4155 = PCURVE('',#4156,#4161);
#4156 = PLANE('',#4157);
#4157 = AXIS2_PLACEMENT_3D('',#4158,#4159,#4160);
#4158 = CARTESIAN_POINT('',(0.,0.,1.069320508076E+03));
#4159 = DIRECTION('',(0.,0.,1.));
#4160 = DIRECTION('',(1.,0.,-0.));
#4161 = DEFINITIONAL_REPRESENTATION('',(#4162),#4166);
#4162 = CIRCLE('',#4163,6.);
#4163 = AXIS2_PLACEMENT_2D('',#4164,#4165);
#4164 = CARTESIAN_POINT('',(0.,0.));
#4165 = DIRECTION('',(1.,0.));
#4166 = ( GEOMETRIC_REPRESENTATION_CONTEXT(2) 
PARAMETRIC_REPRESENTATION_CONTEXT() REPRESENTATION_CONTEXT('2D SPACE',''
  ) );
#4167 = ORIENTED_EDGE('',*,*,#4118,.T.);
#4168 = ADVANCED_FACE('',(#4169),#4156,.F.);
#4169 = FACE_BOUND('',#4170,.T.);
#4170 = EDGE_LOOP('',(#4171));
#4171 = ORIENTED_EDGE('',*,*,#4141,.F.);
#4172 = ( GEOMETRIC_REPRESENTATION_CONTEXT(3) 
GLOBAL_UNCERTAINTY_ASSIGNED_CONTEXT((#4176)) 
GLOBAL_UNIT_ASSIGNED_CONTEXT((#4173,#4174,#4175)) REPRESENTATION_CONTEXT
('Context #1','3D Context with UNIT and UNCERTAINTY') );
#4173 = ( LENGTH_UNIT() NAMED_UNIT(*) SI_UNIT(.MILLI.,.METRE.) );
#4174 = ( NAMED_UNIT(*) PLANE_ANGLE_UNIT() SI_UNIT($,.RADIAN.) );
#4175 = ( NAMED_UNIT(*) SI_UNIT($,.STERADIAN.) SOLID_ANGLE_UNIT() );
#4176 = UNCERTAINTY_MEASURE_WITH_UNIT(LENGTH_MEASURE(1.E-07),#4173,
  'distance_accuracy_value','confusion accuracy');
#4177 = CONTEXT_DEPENDENT_SHAPE_REPRESENTATION(#4178,#4180);
#4178 = ( REPRESENTATION_RELATIONSHIP('','',#3295,#10) 
REPRESENTATION_RELATIONSHIP_WITH_TRANSFORMATION(#4179) 
SHAPE_REPRESENTATION_RELATIONSHIP() );
#4179 = ITEM_DEFINED_TRANSFORMATION('','',#11,#19);
#4180 = PRODUCT_DEFINITION_SHAPE('Placement','Placement of an item',
  #4181);
#4181 = NEXT_ASSEMBLY_USAGE_OCCURRENCE('49','=>[0:1:1:5]','',#5,#3290,$
  );
#4182 = PRODUCT_RELATED_PRODUCT_CATEGORY('part',$,(#3292));
#4183 = SHAPE_DEFINITION_REPRESENTATION(#4184,#4190);
#4184 = PRODUCT_DEFINITION_SHAPE('','',#4185);
#4185 = PRODUCT_DEFINITION('design','',#4186,#4189);
#4186 = PRODUCT_DEFINITION_FORMATION('','',#4187);
#4187 = PRODUCT('COMPOUND','COMPOUND','',(#4188));
#4188 = PRODUCT_CONTEXT('',#2,'mechanical');
#4189 = PRODUCT_DEFINITION_CONTEXT('part definition',#2,'design');
#4190 = SHAPE_REPRESENTATION('',(#11,#4191,#4195,#4199,#4203,#4207),
  #4211);
#4191 = AXIS2_PLACEMENT_3D('',#4192,#4193,#4194);
#4192 = CARTESIAN_POINT('',(0.,0.,0.));
#4193 = DIRECTION('',(0.,0.,1.));
#4194 = DIRECTION('',(1.,0.,-0.));
#4195 = AXIS2_PLACEMENT_3D('',#4196,#4197,#4198);
#4196 = CARTESIAN_POINT('',(0.,-20.,1.809811908116E+03));
#4197 = DIRECTION('',(0.,1.,2.22044604925E-16));
#4198 = DIRECTION('',(1.,0.,-0.));
#4199 = AXIS2_PLACEMENT_3D('',#4200,#4201,#4202);
#4200 = CARTESIAN_POINT('',(0.,0.,0.));
#4201 = DIRECTION('',(0.,0.,1.));
#4202 = DIRECTION('',(1.,0.,-0.));
#4203 = AXIS2_PLACEMENT_3D('',#4204,#4205,#4206);
#4204 = CARTESIAN_POINT('',(0.,0.,0.));
#4205 = DIRECTION('',(0.,0.,1.));
#4206 = DIRECTION('',(1.,0.,-0.));
#4207 = AXIS2_PLACEMENT_3D('',#4208,#4209,#4210);
#4208 = CARTESIAN_POINT('',(0.,0.,1.867811908116E+03));
#4209 = DIRECTION('',(0.,0.,1.));
#4210 = DIRECTION('',(1.,0.,-0.));
#4211 = ( GEOMETRIC_REPRESENTATION_CONTEXT(3) 
GLOBAL_UNCERTAINTY_ASSIGNED_CONTEXT((#4215)) 
GLOBAL_UNIT_ASSIGNED_CONTEXT((#4212,#4213,#4214)) REPRESENTATION_CONTEXT
('Context #1','3D Context with UNIT and UNCERTAINTY') );
#4212 = ( LENGTH_UNIT() NAMED_UNIT(*) SI_UNIT(.MILLI.,.METRE.) );
#4213 = ( NAMED_UNIT(*) PLANE_ANGLE_UNIT() SI_UNIT($,.RADIAN.) );
#4214 = ( NAMED_UNIT(*) SI_UNIT($,.STERADIAN.) SOLID_ANGLE_UNIT() );
#4215 = UNCERTAINTY_MEASURE_WITH_UNIT(LENGTH_MEASURE(1.E-07),#4212,
  'distance_accuracy_value','confusion accuracy');
#4216 = CONTEXT_DEPENDENT_SHAPE_REPRESENTATION(#4217,#4219);
#4217 = ( REPRESENTATION_RELATIONSHIP('','',#4190,#10) 
REPRESENTATION_RELATIONSHIP_WITH_TRANSFORMATION(#4218) 
SHAPE_REPRESENTATION_RELATIONSHIP() );
#4218 = ITEM_DEFINED_TRANSFORMATION('','',#11,#23);
#4219 = PRODUCT_DEFINITION_SHAPE('Placement','Placement of an item',
  #4220);
#4220 = NEXT_ASSEMBLY_USAGE_OCCURRENCE('55','=>[0:1:1:6]','',#5,#4185,$
  );
#4221 = PRODUCT_RELATED_PRODUCT_CATEGORY('part',$,(#4187));
#4222 = SHAPE_DEFINITION_REPRESENTATION(#4223,#4229);
#4223 = PRODUCT_DEFINITION_SHAPE('','',#4224);
#4224 = PRODUCT_DEFINITION('design','',#4225,#4228);
#4225 = PRODUCT_DEFINITION_FORMATION('','',#4226);
#4226 = PRODUCT('COMPOUND','COMPOUND','',(#4227));
#4227 = PRODUCT_CONTEXT('',#2,'mechanical');
#4228 = PRODUCT_DEFINITION_CONTEXT('part definition',#2,'design');
#4229 = ADVANCED_BREP_SHAPE_REPRESENTATION('',(#11,#4230),#5512);
#4230 = MANIFOLD_SOLID_BREP('',#4231);
#4231 = CLOSED_SHELL('',(#4232,#4710,#4745,#4775,#5127,#5479));
#4232 = ADVANCED_FACE('',(#4233,#4320,#4515),#4247,.T.);
#4233 = FACE_BOUND('',#4234,.T.);
#4234 = EDGE_LOOP('',(#4235,#4265,#4292,#4293));
#4235 = ORIENTED_EDGE('',*,*,#4236,.T.);
#4236 = EDGE_CURVE('',#4237,#4239,#4241,.T.);
#4237 = VERTEX_POINT('',#4238);
#4238 = CARTESIAN_POINT('',(22.,-5.388445916248E-15,1.800811908116E+03)
  );
#4239 = VERTEX_POINT('',#4240);
#4240 = CARTESIAN_POINT('',(22.,-5.388445916248E-15,1.818811908116E+03)
  );
#4241 = SEAM_CURVE('',#4242,(#4246,#4258),.PCURVE_S1.);
#4242 = LINE('',#4243,#4244);
#4243 = CARTESIAN_POINT('',(22.,-5.388445916248E-15,1.800811908116E+03)
  );
#4244 = VECTOR('',#4245,1.);
#4245 = DIRECTION('',(0.,0.,1.));
#4246 = PCURVE('',#4247,#4252);
#4247 = CYLINDRICAL_SURFACE('',#4248,22.);
#4248 = AXIS2_PLACEMENT_3D('',#4249,#4250,#4251);
#4249 = CARTESIAN_POINT('',(0.,0.,1.800811908116E+03));
#4250 = DIRECTION('',(0.,0.,1.));
#4251 = DIRECTION('',(1.,0.,-0.));
#4252 = DEFINITIONAL_REPRESENTATION('',(#4253),#4257);
#4253 = LINE('',#4254,#4255);
#4254 = CARTESIAN_POINT('',(6.28318530718,-0.));
#4255 = VECTOR('',#4256,1.);
#4256 = DIRECTION('',(0.,1.));
#4257 = ( GEOMETRIC_REPRESENTATION_CONTEXT(2) 
PARAMETRIC_REPRESENTATION_CONTEXT() REPRESENTATION_CONTEXT('2D SPACE',''
  ) );
#4258 = PCURVE('',#4247,#4259);
#4259 = DEFINITIONAL_REPRESENTATION('',(#4260),#4264);
#4260 = LINE('',#4261,#4262);
#4261 = CARTESIAN_POINT('',(0.,-0.));
#4262 = VECTOR('',#4263,1.);
#4263 = DIRECTION('',(0.,1.));
#4264 = ( GEOMETRIC_REPRESENTATION_CONTEXT(2) 
PARAMETRIC_REPRESENTATION_CONTEXT() REPRESENTATION_CONTEXT('2D SPACE',''
  ) );
#4265 = ORIENTED_EDGE('',*,*,#4266,.F.);
#4266 = EDGE_CURVE('',#4239,#4239,#4267,.T.);
#4267 = SURFACE_CURVE('',#4268,(#4273,#4280),.PCURVE_S1.);
#4268 = CIRCLE('',#4269,22.);
#4269 = AXIS2_PLACEMENT_3D('',#4270,#4271,#4272);
#4270 = CARTESIAN_POINT('',(0.,0.,1.818811908116E+03));
#4271 = DIRECTION('',(0.,0.,1.));
#4272 = DIRECTION('',(1.,0.,-0.));
#4273 = PCURVE('',#4247,#4274);
#4274 = DEFINITIONAL_REPRESENTATION('',(#4275),#4279);
#4275 = LINE('',#4276,#4277);
#4276 = CARTESIAN_POINT('',(0.,18.));
#4277 = VECTOR('',#4278,1.);
#4278 = DIRECTION('',(1.,0.));
#4279 = ( GEOMETRIC_REPRESENTATION_CONTEXT(2) 
PARAMETRIC_REPRESENTATION_CONTEXT() REPRESENTATION_CONTEXT('2D SPACE',''
  ) );
#4280 = PCURVE('',#4281,#4286);
#4281 = PLANE('',#4282);
#4282 = AXIS2_PLACEMENT_3D('',#4283,#4284,#4285);
#4283 = CARTESIAN_POINT('',(0.,0.,1.818811908116E+03));
#4284 = DIRECTION('',(0.,0.,1.));
#4285 = DIRECTION('',(1.,0.,-0.));
#4286 = DEFINITIONAL_REPRESENTATION('',(#4287),#4291);
#4287 = CIRCLE('',#4288,22.);
#4288 = AXIS2_PLACEMENT_2D('',#4289,#4290);
#4289 = CARTESIAN_POINT('',(0.,0.));
#4290 = DIRECTION('',(1.,0.));
#4291 = ( GEOMETRIC_REPRESENTATION_CONTEXT(2) 
PARAMETRIC_REPRESENTATION_CONTEXT() REPRESENTATION_CONTEXT('2D SPACE',''
  ) );
#4292 = ORIENTED_EDGE('',*,*,#4236,.F.);
#4293 = ORIENTED_EDGE('',*,*,#4294,.T.);
#4294 = EDGE_CURVE('',#4237,#4237,#4295,.T.);
#4295 = SURFACE_CURVE('',#4296,(#4301,#4308),.PCURVE_S1.);
#4296 = CIRCLE('',#4297,22.);
#4297 = AXIS2_PLACEMENT_3D('',#4298,#4299,#4300);
#4298 = CARTESIAN_POINT('',(0.,0.,1.800811908116E+03));
#4299 = DIRECTION('',(0.,0.,1.));
#4300 = DIRECTION('',(1.,0.,-0.));
#4301 = PCURVE('',#4247,#4302);
#4302 = DEFINITIONAL_REPRESENTATION('',(#4303),#4307);
#4303 = LINE('',#4304,#4305);
#4304 = CARTESIAN_POINT('',(0.,0.));
#4305 = VECTOR('',#4306,1.);
#4306 = DIRECTION('',(1.,0.));
#4307 = ( GEOMETRIC_REPRESENTATION_CONTEXT(2) 
PARAMETRIC_REPRESENTATION_CONTEXT() REPRESENTATION_CONTEXT('2D SPACE',''
  ) );
#4308 = PCURVE('',#4309,#4314);
#4309 = PLANE('',#4310);
#4310 = AXIS2_PLACEMENT_3D('',#4311,#4312,#4313);
#4311 = CARTESIAN_POINT('',(0.,0.,1.800811908116E+03));
#4312 = DIRECTION('',(0.,0.,1.));
#4313 = DIRECTION('',(1.,0.,-0.));
#4314 = DEFINITIONAL_REPRESENTATION('',(#4315),#4319);
#4315 = CIRCLE('',#4316,22.);
#4316 = AXIS2_PLACEMENT_2D('',#4317,#4318);
#4317 = CARTESIAN_POINT('',(0.,0.));
#4318 = DIRECTION('',(1.,0.));
#4319 = ( GEOMETRIC_REPRESENTATION_CONTEXT(2) 
PARAMETRIC_REPRESENTATION_CONTEXT() REPRESENTATION_CONTEXT('2D SPACE',''
  ) );
#4320 = FACE_BOUND('',#4321,.T.);
#4321 = EDGE_LOOP('',(#4322));
#4322 = ORIENTED_EDGE('',*,*,#4323,.T.);
#4323 = EDGE_CURVE('',#4324,#4324,#4326,.T.);
#4324 = VERTEX_POINT('',#4325);
#4325 = CARTESIAN_POINT('',(3.,-21.7944947177,1.809811908116E+03));
#4326 = SURFACE_CURVE('',#4327,(#4386,#4448),.PCURVE_S1.);
#4327 = B_SPLINE_CURVE_WITH_KNOTS('',8,(#4328,#4329,#4330,#4331,#4332,
    #4333,#4334,#4335,#4336,#4337,#4338,#4339,#4340,#4341,#4342,#4343,
    #4344,#4345,#4346,#4347,#4348,#4349,#4350,#4351,#4352,#4353,#4354,
    #4355,#4356,#4357,#4358,#4359,#4360,#4361,#4362,#4363,#4364,#4365,
    #4366,#4367,#4368,#4369,#4370,#4371,#4372,#4373,#4374,#4375,#4376,
    #4377,#4378,#4379,#4380,#4381,#4382,#4383,#4384,#4385),
  .UNSPECIFIED.,.T.,.F.,(9,7,7,7,7,7,7,7,9),(0.,0.106474003181,
    0.210228541621,0.310190595589,0.430816106023,0.556078080497,
    0.670597142748,0.814318794609,1.),.UNSPECIFIED.);
#4328 = CARTESIAN_POINT('',(3.,-21.7944947177,1.809811908116E+03));
#4329 = CARTESIAN_POINT('',(3.,-21.7944947177,1.809576282706E+03));
#4330 = CARTESIAN_POINT('',(2.978849701069,-21.79740587354,
    1.809340660046E+03));
#4331 = CARTESIAN_POINT('',(2.93655039383,-21.8032287775,
    1.809107263929E+03));
#4332 = CARTESIAN_POINT('',(2.873384721531,-21.8118061704,
    1.808878299583E+03));
#4333 = CARTESIAN_POINT('',(2.789906112403,-21.8228281299,
    1.808655925722E+03));
#4334 = CARTESIAN_POINT('',(2.686931218537,-21.83585269563,
    1.808442223128E+03));
#4335 = CARTESIAN_POINT('',(2.565535361274,-21.85034193132,
    1.808239159754E+03));
#4336 = CARTESIAN_POINT('',(2.292103650379,-21.88069231093,
    1.807862813291E+03));
#4337 = CARTESIAN_POINT('',(2.136911115646,-21.89695479138,
    1.80768337073E+03));
#4338 = CARTESIAN_POINT('',(1.960947251901,-21.91405616604,
    1.80751304702E+03));
#4339 = CARTESIAN_POINT('',(1.764014010518,-21.931390329,
    1.807354891793E+03));
#4340 = CARTESIAN_POINT('',(1.546265440812,-21.94819776345,
    1.807212192647E+03));
#4341 = CARTESIAN_POINT('',(1.308262136206,-21.96358779485,
    1.807088505461E+03));
#4342 = CARTESIAN_POINT('',(1.051074988949,-21.97659551408,
    1.80698771427E+03));
#4343 = CARTESIAN_POINT('',(0.511877242041,-21.99563755645,
    1.806843236669E+03));
#4344 = CARTESIAN_POINT('',(0.234177654729,-22.00180084761,
    1.80679841728E+03));
#4345 = CARTESIAN_POINT('',(-5.079050421608E-02,-22.00395409509,
    1.806783483499E+03));
#4346 = CARTESIAN_POINT('',(-0.336529673286,-22.0016393053,
    1.806800038331E+03));
#4347 = CARTESIAN_POINT('',(-0.61639331393,-21.99499367334,
    1.806847545027E+03));
#4348 = CARTESIAN_POINT('',(-0.884074013358,-21.98472900147,
    1.806923363053E+03));
#4349 = CARTESIAN_POINT('',(-1.134051706966,-21.97193833088,
    1.807022757609E+03));
#4350 = CARTESIAN_POINT('',(-1.637005276408,-21.94074174518,
    1.807279025253E+03));
#4351 = CARTESIAN_POINT('',(-1.88397165914,-21.92147083433,
    1.807445597978E+03));
#4352 = CARTESIAN_POINT('',(-2.102724250828,-21.90139783979,
    1.807632530677E+03));
#4353 = CARTESIAN_POINT('',(-2.293825580823,-21.88170125358,
    1.807835061188E+03));
#4354 = CARTESIAN_POINT('',(-2.458188557648,-21.8632693173,
    1.808049426332E+03));
#4355 = CARTESIAN_POINT('',(-2.59683815855,-21.84673545374,
    1.808272645572E+03));
#4356 = CARTESIAN_POINT('',(-2.710752355718,-21.83254573058,
    1.808502375106E+03));
#4357 = CARTESIAN_POINT('',(-2.894189093575,-21.80900148661,
    1.808980244146E+03));
#4358 = CARTESIAN_POINT('',(-2.961944153462,-21.79984020012,
    1.809229031524E+03));
#4359 = CARTESIAN_POINT('',(-3.004812865738,-21.79385444878,
    1.809481184922E+03));
#4360 = CARTESIAN_POINT('',(-3.023303547917,-21.79123328766,
    1.809735083451E+03));
#4361 = CARTESIAN_POINT('',(-3.017627779913,-21.7920479223,
    1.809989293245E+03));
#4362 = CARTESIAN_POINT('',(-2.98769756223,-21.79626629061,
    1.810242410177E+03));
#4363 = CARTESIAN_POINT('',(-2.933117289609,-21.80374564035,
    1.810492905254E+03));
#4364 = CARTESIAN_POINT('',(-2.780078410612,-21.82376222691,
    1.810963910493E+03));
#4365 = CARTESIAN_POINT('',(-2.685790595944,-21.83580977202,
    1.811185130937E+03));
#4366 = CARTESIAN_POINT('',(-2.569734155024,-21.85013177529,
    1.81140130987E+03));
#4367 = CARTESIAN_POINT('',(-2.431127193645,-21.86641225913,
    1.811610756964E+03));
#4368 = CARTESIAN_POINT('',(-2.269064976562,-21.88420424112,
    1.811811309578E+03));
#4369 = CARTESIAN_POINT('',(-2.082630252675,-21.90287814162,
    1.812000208387E+03));
#4370 = CARTESIAN_POINT('',(-1.87104941458,-21.92158109508,
    1.812173924298E+03));
#4371 = CARTESIAN_POINT('',(-1.336315582941,-21.96140520461,
    1.812521184508E+03));
#4372 = CARTESIAN_POINT('',(-0.986841383307,-21.98279306394,
    1.812690941685E+03));
#4373 = CARTESIAN_POINT('',(-0.595766163843,-21.99982762909,
    1.812813180316E+03));
#4374 = CARTESIAN_POINT('',(-0.178881668253,-22.00875488525,
    1.812872793353E+03));
#4375 = CARTESIAN_POINT('',(0.244121265774,-22.00715523642,
    1.812863318243E+03));
#4376 = CARTESIAN_POINT('',(0.653081441782,-21.99601566517,
    1.812786797863E+03));
#4377 = CARTESIAN_POINT('',(1.030061815062,-21.97838848805,
    1.81265404412E+03));
#4378 = CARTESIAN_POINT('',(1.790782255549,-21.93120345576,
    1.812266437696E+03));
#4379 = CARTESIAN_POINT('',(2.150771154742,-21.89926648377,
    1.811983986747E+03));
#4380 = CARTESIAN_POINT('',(2.44212821346,-21.86733448353,
    1.811660718109E+03));
#4381 = CARTESIAN_POINT('',(2.668887845644,-21.83928605894,
    1.81131130192E+03));
#4382 = CARTESIAN_POINT('',(2.835262338777,-21.817167625,
    1.810945958318E+03));
#4383 = CARTESIAN_POINT('',(2.944928796388,-21.80207589236,
    1.810571385274E+03));
#4384 = CARTESIAN_POINT('',(3.,-21.7944947177,1.810192124282E+03));
#4385 = CARTESIAN_POINT('',(3.,-21.7944947177,1.809811908116E+03));
#4386 = PCURVE('',#4247,#4387);
#4387 = DEFINITIONAL_REPRESENTATION('',(#4388),#4447);
#4388 = B_SPLINE_CURVE_WITH_KNOTS('',8,(#4389,#4390,#4391,#4392,#4393,
    #4394,#4395,#4396,#4397,#4398,#4399,#4400,#4401,#4402,#4403,#4404,
    #4405,#4406,#4407,#4408,#4409,#4410,#4411,#4412,#4413,#4414,#4415,
    #4416,#4417,#4418,#4419,#4420,#4421,#4422,#4423,#4424,#4425,#4426,
    #4427,#4428,#4429,#4430,#4431,#4432,#4433,#4434,#4435,#4436,#4437,
    #4438,#4439,#4440,#4441,#4442,#4443,#4444,#4445,#4446),
  .UNSPECIFIED.,.T.,.F.,(9,7,7,7,7,7,7,7,9),(0.,0.106474003181,
    0.210228541621,0.310190595589,0.430816106023,0.556078080497,
    0.670597142748,0.814318794609,1.),.UNSPECIFIED.);
#4389 = CARTESIAN_POINT('',(4.849178807309,9.));
#4390 = CARTESIAN_POINT('',(4.849178807309,8.764374589867));
#4391 = CARTESIAN_POINT('',(4.848208369618,8.528751929794));
#4392 = CARTESIAN_POINT('',(4.846267532978,8.295355812597));
#4393 = CARTESIAN_POINT('',(4.843370024072,8.066391466415));
#4394 = CARTESIAN_POINT('',(4.839542677798,7.844017606025));
#4395 = CARTESIAN_POINT('',(4.834824860375,7.630315011973));
#4396 = CARTESIAN_POINT('',(4.829267895305,7.427251637475));
#4397 = CARTESIAN_POINT('',(4.816762851194,7.050905174116));
#4398 = CARTESIAN_POINT('',(4.809670152978,6.871462613799));
#4399 = CARTESIAN_POINT('',(4.801634507668,6.701138904026));
#4400 = CARTESIAN_POINT('',(4.792649180616,6.542983676131));
#4401 = CARTESIAN_POINT('',(4.782723393034,6.40028453016));
#4402 = CARTESIAN_POINT('',(4.771884137335,6.276597344767));
#4403 = CARTESIAN_POINT('',(4.760180229123,6.175806153243));
#4404 = CARTESIAN_POINT('',(4.735655961767,6.031328552399));
#4405 = CARTESIAN_POINT('',(4.723031225619,5.986509163435));
#4406 = CARTESIAN_POINT('',(4.710080103299,5.971575382279));
#4407 = CARTESIAN_POINT('',(4.69709468298,5.988130214226));
#4408 = CARTESIAN_POINT('',(4.684372863247,6.035636910281));
#4409 = CARTESIAN_POINT('',(4.672198288816,6.111454936598));
#4410 = CARTESIAN_POINT('',(4.660821472756,6.210849492839));
#4411 = CARTESIAN_POINT('',(4.637916011284,6.467117136384));
#4412 = CARTESIAN_POINT('',(4.626657573117,6.633689861742));
#4413 = CARTESIAN_POINT('',(4.616673856084,6.820622560364));
#4414 = CARTESIAN_POINT('',(4.607942250434,7.023153071799));
#4415 = CARTESIAN_POINT('',(4.600424763246,7.23751821594));
#4416 = CARTESIAN_POINT('',(4.594078013229,7.460737455405));
#4417 = CARTESIAN_POINT('',(4.588860112434,7.690466990097));
#4418 = CARTESIAN_POINT('',(4.580453679412,8.168336029953));
#4419 = CARTESIAN_POINT('',(4.577345948928,8.417123407878));
#4420 = CARTESIAN_POINT('',(4.575378471273,8.669276805779));
#4421 = CARTESIAN_POINT('',(4.574529568528,8.923175334452));
#4422 = CARTESIAN_POINT('',(4.574790211763,9.177385128551));
#4423 = CARTESIAN_POINT('',(4.57616412618,9.430502060597));
#4424 = CARTESIAN_POINT('',(4.578668186643,9.680997137665));
#4425 = CARTESIAN_POINT('',(4.585683748186,10.152002376103));
#4426 = CARTESIAN_POINT('',(4.590004383631,10.373222820122));
#4427 = CARTESIAN_POINT('',(4.595319606724,10.589401754052));
#4428 = CARTESIAN_POINT('',(4.601663004115,10.798848847492));
#4429 = CARTESIAN_POINT('',(4.609073224293,10.999401461659));
#4430 = CARTESIAN_POINT('',(4.617589094728,11.188300270188));
#4431 = CARTESIAN_POINT('',(4.627242982609,11.362016181432));
#4432 = CARTESIAN_POINT('',(4.651616379161,11.709276392038));
#4433 = CARTESIAN_POINT('',(4.667529873362,11.879033568636));
#4434 = CARTESIAN_POINT('',(4.685318400371,12.001272199185));
#4435 = CARTESIAN_POINT('',(4.704261959518,12.06088523709));
#4436 = CARTESIAN_POINT('',(4.723478183372,12.051410126754));
#4437 = CARTESIAN_POINT('',(4.742068414429,11.974889746561));
#4438 = CARTESIAN_POINT('',(4.759220590692,11.842136003577));
#4439 = CARTESIAN_POINT('',(4.793865245386,11.454529579198));
#4440 = CARTESIAN_POINT('',(4.810286852292,11.17207863057));
#4441 = CARTESIAN_POINT('',(4.823606213836,10.848809992272));
#4442 = CARTESIAN_POINT('',(4.833991308469,10.499393803118));
#4443 = CARTESIAN_POINT('',(4.841620104827,10.134050201517));
#4444 = CARTESIAN_POINT('',(4.846651971616,9.759477157224));
#4445 = CARTESIAN_POINT('',(4.849178807309,9.380216165753));
#4446 = CARTESIAN_POINT('',(4.849178807309,9.));
#4447 = ( GEOMETRIC_REPRESENTATION_CONTEXT(2) 
PARAMETRIC_REPRESENTATION_CONTEXT() REPRESENTATION_CONTEXT('2D SPACE',''
  ) );
#4448 = PCURVE('',#4449,#4454);
#4449 = CYLINDRICAL_SURFACE('',#4450,3.);
#4450 = AXIS2_PLACEMENT_3D('',#4451,#4452,#4453);
#4451 = CARTESIAN_POINT('',(0.,-24.,1.809811908116E+03));
#4452 = DIRECTION('',(0.,1.,2.22044604925E-16));
#4453 = DIRECTION('',(1.,0.,-0.));
#4454 = DEFINITIONAL_REPRESENTATION('',(#4455),#4514);
#4455 = B_SPLINE_CURVE_WITH_KNOTS('',8,(#4456,#4457,#4458,#4459,#4460,
    #4461,#4462,#4463,#4464,#4465,#4466,#4467,#4468,#4469,#4470,#4471,
    #4472,#4473,#4474,#4475,#4476,#4477,#4478,#4479,#4480,#4481,#4482,
    #4483,#4484,#4485,#4486,#4487,#4488,#4489,#4490,#4491,#4492,#4493,
    #4494,#4495,#4496,#4497,#4498,#4499,#4500,#4501,#4502,#4503,#4504,
    #4505,#4506,#4507,#4508,#4509,#4510,#4511,#4512,#4513),
  .UNSPECIFIED.,.F.,.F.,(9,7,7,7,7,7,7,7,9),(0.,0.106474003181,
    0.210228541621,0.310190595589,0.430816106023,0.556078080497,
    0.670597142748,0.814318794609,1.),.UNSPECIFIED.);
#4456 = CARTESIAN_POINT('',(0.,2.205505282297));
#4457 = CARTESIAN_POINT('',(7.854180337755E-02,2.205505282297));
#4458 = CARTESIAN_POINT('',(0.157082588705,2.202594126459));
#4459 = CARTESIAN_POINT('',(0.235619859209,2.196771222498));
#4460 = CARTESIAN_POINT('',(0.314155963675,2.188193829595));
#4461 = CARTESIAN_POINT('',(0.392694839782,2.177171870099));
#4462 = CARTESIAN_POINT('',(0.471238600739,2.164147304361));
#4463 = CARTESIAN_POINT('',(0.54978396524,2.149658068675));
#4464 = CARTESIAN_POINT('',(0.704847235841,2.11930768907));
#4465 = CARTESIAN_POINT('',(0.783644440747,2.103045208613));
#4466 = CARTESIAN_POINT('',(0.864735770118,2.085943833951));
#4467 = CARTESIAN_POINT('',(0.948189021013,2.068609670994));
#4468 = CARTESIAN_POINT('',(1.034126434748,2.05180223655));
#4469 = CARTESIAN_POINT('',(1.122724930812,2.036412205143));
#4470 = CARTESIAN_POINT('',(1.214228498132,2.023404485918));
#4471 = CARTESIAN_POINT('',(1.400301359434,2.004362443541));
#4472 = CARTESIAN_POINT('',(1.493580307228,1.998199152389));
#4473 = CARTESIAN_POINT('',(1.587781770413,1.996045904907));
#4474 = CARTESIAN_POINT('',(1.682044409746,1.998360694691));
#4475 = CARTESIAN_POINT('',(1.775563836967,2.005006326652));
#4476 = CARTESIAN_POINT('',(1.867482962066,2.015270998522));
#4477 = CARTESIAN_POINT('',(1.956768437193,2.028061669119));
#4478 = CARTESIAN_POINT('',(2.144927766292,2.05925825482));
#4479 = CARTESIAN_POINT('',(2.243485037078,2.07852916567));
#4480 = CARTESIAN_POINT('',(2.338402321549,2.098602160209));
#4481 = CARTESIAN_POINT('',(2.430203906177,2.118298746416));
#4482 = CARTESIAN_POINT('',(2.519351649938,2.1367306827));
#4483 = CARTESIAN_POINT('',(2.606273181655,2.153264546259));
#4484 = CARTESIAN_POINT('',(2.691370969853,2.167454269411));
#4485 = CARTESIAN_POINT('',(2.861993313072,2.19099851339));
#4486 = CARTESIAN_POINT('',(2.947508058699,2.200159799872));
#4487 = CARTESIAN_POINT('',(3.032098123724,2.206145551216));
#4488 = CARTESIAN_POINT('',(3.116184885416,2.208766712334));
#4489 = CARTESIAN_POINT('',(3.200176258413,2.207952077691));
#4490 = CARTESIAN_POINT('',(3.284479428826,2.203733709386));
#4491 = CARTESIAN_POINT('',(3.369513144406,2.196254359649));
#4492 = CARTESIAN_POINT('',(3.534594549618,2.176237773086));
#4493 = CARTESIAN_POINT('',(3.614437625956,2.164190227971));
#4494 = CARTESIAN_POINT('',(3.695672269633,2.149868224707));
#4495 = CARTESIAN_POINT('',(3.778667553973,2.133587740866));
#4496 = CARTESIAN_POINT('',(3.863806430917,2.115795758875));
#4497 = CARTESIAN_POINT('',(3.951494549905,2.097121858375));
#4498 = CARTESIAN_POINT('',(4.042181040082,2.07841890492));
#4499 = CARTESIAN_POINT('',(4.254713370843,2.038594795385));
#4500 = CARTESIAN_POINT('',(4.383231334672,2.017206936053));
#4501 = CARTESIAN_POINT('',(4.517265096422,2.000172370909));
#4502 = CARTESIAN_POINT('',(4.654053927252,1.991245114747));
#4503 = CARTESIAN_POINT('',(4.791450457269,1.992844763575));
#4504 = CARTESIAN_POINT('',(4.927402769694,2.003984334828));
#4505 = CARTESIAN_POINT('',(5.059457562738,2.021611511944));
#4506 = CARTESIAN_POINT('',(5.344049732693,2.068796544237));
#4507 = CARTESIAN_POINT('',(5.493711914121,2.100733516221));
#4508 = CARTESIAN_POINT('',(5.635448207706,2.132665516464));
#4509 = CARTESIAN_POINT('',(5.771032941944,2.160713941052));
#4510 = CARTESIAN_POINT('',(5.902070999299,2.182832374991));
#4511 = CARTESIAN_POINT('',(6.030025285274,2.197924107637));
#4512 = CARTESIAN_POINT('',(6.156446585262,2.205505282297));
#4513 = CARTESIAN_POINT('',(6.28318530718,2.205505282297));
#4514 = ( GEOMETRIC_REPRESENTATION_CONTEXT(2) 
PARAMETRIC_REPRESENTATION_CONTEXT() REPRESENTATION_CONTEXT('2D SPACE',''
  ) );
#4515 = FACE_BOUND('',#4516,.T.);
#4516 = EDGE_LOOP('',(#4517));
#4517 = ORIENTED_EDGE('',*,*,#4518,.F.);
#4518 = EDGE_CURVE('',#4519,#4519,#4521,.T.);
#4519 = VERTEX_POINT('',#4520);
#4520 = CARTESIAN_POINT('',(3.,21.794494717703,1.809811908116E+03));
#4521 = SURFACE_CURVE('',#4522,(#4581,#4643),.PCURVE_S1.);
#4522 = B_SPLINE_CURVE_WITH_KNOTS('',8,(#4523,#4524,#4525,#4526,#4527,
    #4528,#4529,#4530,#4531,#4532,#4533,#4534,#4535,#4536,#4537,#4538,
    #4539,#4540,#4541,#4542,#4543,#4544,#4545,#4546,#4547,#4548,#4549,
    #4550,#4551,#4552,#4553,#4554,#4555,#4556,#4557,#4558,#4559,#4560,
    #4561,#4562,#4563,#4564,#4565,#4566,#4567,#4568,#4569,#4570,#4571,
    #4572,#4573,#4574,#4575,#4576,#4577,#4578,#4579,#4580),
  .UNSPECIFIED.,.T.,.F.,(9,7,7,7,7,7,7,7,9),(0.,0.121281063738,
    0.229920158801,0.322761312473,0.434871498411,0.559240990749,
    0.672944113304,0.815641759216,1.),.UNSPECIFIED.);
#4523 = CARTESIAN_POINT('',(3.,21.794494717703,1.809811908116E+03));
#4524 = CARTESIAN_POINT('',(3.,21.794494717703,1.809565047809E+03));
#4525 = CARTESIAN_POINT('',(2.976785167741,21.797690214089,
    1.80931837623E+03));
#4526 = CARTESIAN_POINT('',(2.930415147005,21.804073070406,
    1.809073104577E+03));
#4527 = CARTESIAN_POINT('',(2.860590346042,21.813543242055,
    1.808830528722E+03));
#4528 = CARTESIAN_POINT('',(2.766707596373,21.825903583077,
    1.808592156472E+03));
#4529 = CARTESIAN_POINT('',(2.64791776933,21.84082733478,
    1.808359857461E+03));
#4530 = CARTESIAN_POINT('',(2.503196339516,21.857809682787,
    1.808136050971E+03));
#4531 = CARTESIAN_POINT('',(2.177583007432,21.892511788992,
    1.807733951993E+03));
#4532 = CARTESIAN_POINT('',(2.000239177158,21.910161424987,
    1.807551130907E+03));
#4533 = CARTESIAN_POINT('',(1.799033980653,21.928438946663,
    1.807379795447E+03));
#4534 = CARTESIAN_POINT('',(1.574275499919,21.946491228705,
    1.807224294659E+03));
#4535 = CARTESIAN_POINT('',(1.326925280919,21.963280287687,
    1.80708900226E+03));
#4536 = CARTESIAN_POINT('',(1.058604413359,21.977667763513,
    1.80697832346E+03));
#4537 = CARTESIAN_POINT('',(0.771658012601,21.988542558465,
    1.806896731361E+03));
#4538 = CARTESIAN_POINT('',(0.210916195847,22.000507010022,
    1.806807918583E+03));
#4539 = CARTESIAN_POINT('',(-5.334180511307E-02,22.002674605023,
    1.806792460904E+03));
#4540 = CARTESIAN_POINT('',(-0.318738388028,22.001124445351,
    1.806803861664E+03));
#4541 = CARTESIAN_POINT('',(-0.580340122037,21.99581984533,
    1.806842067175E+03));
#4542 = CARTESIAN_POINT('',(-0.833326161393,21.987137667625,
    1.806905634145E+03));
#4543 = CARTESIAN_POINT('',(-1.073282390983,21.975798946658,
    1.806991763778E+03));
#4544 = CARTESIAN_POINT('',(-1.296462179671,21.962714015978,
    1.80709631929E+03));
#4545 = CARTESIAN_POINT('',(-1.74578176789,21.932007131892,
    1.807355734075E+03));
#4546 = CARTESIAN_POINT('',(-1.966786784289,21.913743253395,
    1.807518761369E+03));
#4547 = CARTESIAN_POINT('',(-2.163159755503,21.895108369774,
    1.807698240777E+03));
#4548 = CARTESIAN_POINT('',(-2.335495665154,21.87700349203,
    1.807890482746E+03));
#4549 = CARTESIAN_POINT('',(-2.484603037881,21.860111407351,
    1.808092556778E+03));
#4550 = CARTESIAN_POINT('',(-2.611340747833,21.844927450542,
    1.808302131223E+03));
#4551 = CARTESIAN_POINT('',(-2.716504770879,21.831807403754,
    1.80851736066E+03));
#4552 = CARTESIAN_POINT('',(-2.894189093575,21.80900148661,
    1.808980244146E+03));
#4553 = CARTESIAN_POINT('',(-2.961944153462,21.799840200128,
    1.809229031524E+03));
#4554 = CARTESIAN_POINT('',(-3.004812865738,21.793854448784,
    1.809481184922E+03));
#4555 = CARTESIAN_POINT('',(-3.023303547917,21.791233287666,
    1.809735083451E+03));
#4556 = CARTESIAN_POINT('',(-3.017627779913,21.792047922309,
    1.809989293245E+03));
#4557 = CARTESIAN_POINT('',(-2.98769756223,21.796266290614,
    1.810242410177E+03));
#4558 = CARTESIAN_POINT('',(-2.933117289609,21.803745640351,
    1.810492905254E+03));
#4559 = CARTESIAN_POINT('',(-2.780078410612,21.823762226914,
    1.810963910493E+03));
#4560 = CARTESIAN_POINT('',(-2.685790595944,21.835809772029,
    1.811185130937E+03));
#4561 = CARTESIAN_POINT('',(-2.569734155024,21.850131775293,
    1.81140130987E+03));
#4562 = CARTESIAN_POINT('',(-2.431127193645,21.866412259134,
    1.811610756964E+03));
#4563 = CARTESIAN_POINT('',(-2.269064976562,21.884204241125,
    1.811811309578E+03));
#4564 = CARTESIAN_POINT('',(-2.082630252675,21.902878141625,
    1.812000208387E+03));
#4565 = CARTESIAN_POINT('',(-1.87104941458,21.92158109508,
    1.812173924298E+03));
#4566 = CARTESIAN_POINT('',(-1.336315582942,21.961405204615,
    1.812521184508E+03));
#4567 = CARTESIAN_POINT('',(-0.986841383306,21.982793063947,
    1.812690941685E+03));
#4568 = CARTESIAN_POINT('',(-0.595766163843,21.999827629091,
    1.812813180316E+03));
#4569 = CARTESIAN_POINT('',(-0.178881668255,22.008754885253,
    1.812872793353E+03));
#4570 = CARTESIAN_POINT('',(0.244121265776,22.007155236425,
    1.812863318243E+03));
#4571 = CARTESIAN_POINT('',(0.653081441781,21.996015665172,
    1.812786797863E+03));
#4572 = CARTESIAN_POINT('',(1.030061815062,21.978388488056,
    1.81265404412E+03));
#4573 = CARTESIAN_POINT('',(1.790782255549,21.931203455763,
    1.812266437696E+03));
#4574 = CARTESIAN_POINT('',(2.150771154743,21.899266483779,
    1.811983986747E+03));
#4575 = CARTESIAN_POINT('',(2.442128213458,21.867334483536,
    1.811660718109E+03));
#4576 = CARTESIAN_POINT('',(2.668887845645,21.839286058948,
    1.81131130192E+03));
#4577 = CARTESIAN_POINT('',(2.835262338777,21.817167625009,
    1.810945958318E+03));
#4578 = CARTESIAN_POINT('',(2.944928796388,21.802075892363,
    1.810571385274E+03));
#4579 = CARTESIAN_POINT('',(3.,21.794494717703,1.810192124282E+03));
#4580 = CARTESIAN_POINT('',(3.,21.794494717703,1.809811908116E+03));
#4581 = PCURVE('',#4247,#4582);
#4582 = DEFINITIONAL_REPRESENTATION('',(#4583),#4642);
#4583 = B_SPLINE_CURVE_WITH_KNOTS('',8,(#4584,#4585,#4586,#4587,#4588,
    #4589,#4590,#4591,#4592,#4593,#4594,#4595,#4596,#4597,#4598,#4599,
    #4600,#4601,#4602,#4603,#4604,#4605,#4606,#4607,#4608,#4609,#4610,
    #4611,#4612,#4613,#4614,#4615,#4616,#4617,#4618,#4619,#4620,#4621,
    #4622,#4623,#4624,#4625,#4626,#4627,#4628,#4629,#4630,#4631,#4632,
    #4633,#4634,#4635,#4636,#4637,#4638,#4639,#4640,#4641),
  .UNSPECIFIED.,.T.,.F.,(9,7,7,7,7,7,7,7,9),(0.,0.121281063738,
    0.229920158801,0.322761312473,0.434871498411,0.559240990749,
    0.672944113304,0.815641759216,1.),.UNSPECIFIED.);
#4584 = CARTESIAN_POINT('',(1.434006499871,9.));
#4585 = CARTESIAN_POINT('',(1.434006499871,8.75313969213));
#4586 = CARTESIAN_POINT('',(1.435071668977,8.506468113556));
#4587 = CARTESIAN_POINT('',(1.437199273362,8.261196460427));
#4588 = CARTESIAN_POINT('',(1.440402176758,8.018620606057));
#4589 = CARTESIAN_POINT('',(1.444706329548,7.780248355618));
#4590 = CARTESIAN_POINT('',(1.450148085779,7.547949344389));
#4591 = CARTESIAN_POINT('',(1.456771094157,7.32414285472));
#4592 = CARTESIAN_POINT('',(1.47165551653,6.922043876799));
#4593 = CARTESIAN_POINT('',(1.479756226021,6.739222790299));
#4594 = CARTESIAN_POINT('',(1.488938985951,6.567887330899));
#4595 = CARTESIAN_POINT('',(1.499186982176,6.412386542958));
#4596 = CARTESIAN_POINT('',(1.510454083332,6.277094144013));
#4597 = CARTESIAN_POINT('',(1.522665622023,6.166415343916));
#4598 = CARTESIAN_POINT('',(1.535716216337,6.084823245084));
#4599 = CARTESIAN_POINT('',(1.561210281972,5.996010466271));
#4600 = CARTESIAN_POINT('',(1.573221381137,5.980552787173));
#4601 = CARTESIAN_POINT('',(1.585283070955,5.991953548057));
#4602 = CARTESIAN_POINT('',(1.59717410791,6.030159058405));
#4603 = CARTESIAN_POINT('',(1.608678216275,6.093726028935));
#4604 = CARTESIAN_POINT('',(1.619596305936,6.179855661857));
#4605 = CARTESIAN_POINT('',(1.629757783729,6.284411173289));
#4606 = CARTESIAN_POINT('',(1.650229039786,6.5438259585));
#4607 = CARTESIAN_POINT('',(1.660307946953,6.706853252769));
#4608 = CARTESIAN_POINT('',(1.669273116977,6.886332660146));
#4609 = CARTESIAN_POINT('',(1.6771490604,7.07857462922));
#4610 = CARTESIAN_POINT('',(1.683969722666,7.28064866157));
#4611 = CARTESIAN_POINT('',(1.689771602236,7.490223106164));
#4612 = CARTESIAN_POINT('',(1.694588813109,7.705452543931));
#4613 = CARTESIAN_POINT('',(1.702731627767,8.168336029952));
#4614 = CARTESIAN_POINT('',(1.705839358252,8.417123407879));
#4615 = CARTESIAN_POINT('',(1.707806835906,8.669276805778));
#4616 = CARTESIAN_POINT('',(1.708655738652,8.923175334452));
#4617 = CARTESIAN_POINT('',(1.708395095417,9.177385128552));
#4618 = CARTESIAN_POINT('',(1.707021181,9.430502060597));
#4619 = CARTESIAN_POINT('',(1.704517120536,9.680997137666));
#4620 = CARTESIAN_POINT('',(1.697501558993,10.152002376103));
#4621 = CARTESIAN_POINT('',(1.693180923548,10.373222820122));
#4622 = CARTESIAN_POINT('',(1.687865700456,10.589401754052));
#4623 = CARTESIAN_POINT('',(1.681522303065,10.798848847492));
#4624 = CARTESIAN_POINT('',(1.674112082887,10.999401461659));
#4625 = CARTESIAN_POINT('',(1.665596212451,11.188300270188));
#4626 = CARTESIAN_POINT('',(1.655942324571,11.362016181432));
#4627 = CARTESIAN_POINT('',(1.631568928019,11.709276392037));
#4628 = CARTESIAN_POINT('',(1.615655433818,11.879033568638));
#4629 = CARTESIAN_POINT('',(1.597866906808,12.001272199182));
#4630 = CARTESIAN_POINT('',(1.578923347662,12.060885237093));
#4631 = CARTESIAN_POINT('',(1.559707123807,12.051410126751));
#4632 = CARTESIAN_POINT('',(1.541116892751,11.974889746562));
#4633 = CARTESIAN_POINT('',(1.523964716488,11.842136003577));
#4634 = CARTESIAN_POINT('',(1.489320061794,11.454529579198));
#4635 = CARTESIAN_POINT('',(1.472898454887,11.172078630569));
#4636 = CARTESIAN_POINT('',(1.459579093344,10.848809992272));
#4637 = CARTESIAN_POINT('',(1.44919399871,10.499393803121));
#4638 = CARTESIAN_POINT('',(1.441565202353,10.134050201513));
#4639 = CARTESIAN_POINT('',(1.436533335563,9.759477157227));
#4640 = CARTESIAN_POINT('',(1.434006499871,9.380216165752));
#4641 = CARTESIAN_POINT('',(1.434006499871,9.));
#4642 = ( GEOMETRIC_REPRESENTATION_CONTEXT(2) 
PARAMETRIC_REPRESENTATION_CONTEXT() REPRESENTATION_CONTEXT('2D SPACE',''
  ) );
#4643 = PCURVE('',#4644,#4649);
#4644 = CYLINDRICAL_SURFACE('',#4645,3.);
#4645 = AXIS2_PLACEMENT_3D('',#4646,#4647,#4648);
#4646 = CARTESIAN_POINT('',(0.,-24.,1.809811908116E+03));
#4647 = DIRECTION('',(0.,1.,2.22044604925E-16));
#4648 = DIRECTION('',(1.,0.,-0.));
#4649 = DEFINITIONAL_REPRESENTATION('',(#4650),#4709);
#4650 = B_SPLINE_CURVE_WITH_KNOTS('',8,(#4651,#4652,#4653,#4654,#4655,
    #4656,#4657,#4658,#4659,#4660,#4661,#4662,#4663,#4664,#4665,#4666,
    #4667,#4668,#4669,#4670,#4671,#4672,#4673,#4674,#4675,#4676,#4677,
    #4678,#4679,#4680,#4681,#4682,#4683,#4684,#4685,#4686,#4687,#4688,
    #4689,#4690,#4691,#4692,#4693,#4694,#4695,#4696,#4697,#4698,#4699,
    #4700,#4701,#4702,#4703,#4704,#4705,#4706,#4707,#4708),
  .UNSPECIFIED.,.F.,.F.,(9,7,7,7,7,7,7,7,9),(0.,0.121281063738,
    0.229920158801,0.322761312473,0.434871498411,0.559240990749,
    0.672944113304,0.815641759216,1.),.UNSPECIFIED.);
#4651 = CARTESIAN_POINT('',(0.,45.794494717703));
#4652 = CARTESIAN_POINT('',(8.228676929012E-02,45.794494717703));
#4653 = CARTESIAN_POINT('',(0.164510535748,45.797690214089));
#4654 = CARTESIAN_POINT('',(0.247117106685,45.804073070406));
#4655 = CARTESIAN_POINT('',(0.330516999844,45.813543242054));
#4656 = CARTESIAN_POINT('',(0.415124490955,45.825903583077));
#4657 = CARTESIAN_POINT('',(0.501367230664,45.84082733478));
#4658 = CARTESIAN_POINT('',(0.589702779336,45.857809682787));
#4659 = CARTESIAN_POINT('',(0.762171014761,45.892511788992));
#4660 = CARTESIAN_POINT('',(0.846732472286,45.910161424987));
#4661 = CARTESIAN_POINT('',(0.934149357186,45.928438946663));
#4662 = CARTESIAN_POINT('',(1.024314282791,45.946491228705));
#4663 = CARTESIAN_POINT('',(1.117220655043,45.963280287687));
#4664 = CARTESIAN_POINT('',(1.212949603044,45.977667763513));
#4665 = CARTESIAN_POINT('',(1.311675525509,45.988542558465));
#4666 = CARTESIAN_POINT('',(1.500919370187,46.000507010022));
#4667 = CARTESIAN_POINT('',(1.588726800645,46.002674605023));
#4668 = CARTESIAN_POINT('',(1.676519604029,46.001124445351));
#4669 = CARTESIAN_POINT('',(1.763744011314,45.99581984533));
#4670 = CARTESIAN_POINT('',(1.849844420622,45.987137667625));
#4671 = CARTESIAN_POINT('',(1.934200864499,45.975798946658));
#4672 = CARTESIAN_POINT('',(2.016053358822,45.962714015978));
#4673 = CARTESIAN_POINT('',(2.188996548962,45.932007131892));
#4674 = CARTESIAN_POINT('',(2.279966551513,45.913743253395));
#4675 = CARTESIAN_POINT('',(2.367857232703,45.895108369774));
#4676 = CARTESIAN_POINT('',(2.453102543038,45.87700349203));
#4677 = CARTESIAN_POINT('',(2.536089903935,45.860111407351));
#4678 = CARTESIAN_POINT('',(2.617181223929,45.844927450542));
#4679 = CARTESIAN_POINT('',(2.696721536842,45.831807403754));
#4680 = CARTESIAN_POINT('',(2.861993313071,45.80900148661));
#4681 = CARTESIAN_POINT('',(2.947508058699,45.799840200128));
#4682 = CARTESIAN_POINT('',(3.032098123723,45.793854448784));
#4683 = CARTESIAN_POINT('',(3.116184885416,45.791233287666));
#4684 = CARTESIAN_POINT('',(3.200176258413,45.792047922309));
#4685 = CARTESIAN_POINT('',(3.284479428826,45.796266290614));
#4686 = CARTESIAN_POINT('',(3.369513144406,45.803745640351));
#4687 = CARTESIAN_POINT('',(3.534594549618,45.823762226914));
#4688 = CARTESIAN_POINT('',(3.614437625956,45.835809772029));
#4689 = CARTESIAN_POINT('',(3.695672269633,45.850131775293));
#4690 = CARTESIAN_POINT('',(3.778667553973,45.866412259134));
#4691 = CARTESIAN_POINT('',(3.863806430917,45.884204241125));
#4692 = CARTESIAN_POINT('',(3.951494549905,45.902878141625));
#4693 = CARTESIAN_POINT('',(4.042181040082,45.92158109508));
#4694 = CARTESIAN_POINT('',(4.254713370843,45.961405204615));
#4695 = CARTESIAN_POINT('',(4.383231334673,45.982793063947));
#4696 = CARTESIAN_POINT('',(4.517265096421,45.999827629091));
#4697 = CARTESIAN_POINT('',(4.654053927252,46.008754885253));
#4698 = CARTESIAN_POINT('',(4.79145045727,46.007155236425));
#4699 = CARTESIAN_POINT('',(4.927402769694,45.996015665172));
#4700 = CARTESIAN_POINT('',(5.059457562739,45.978388488056));
#4701 = CARTESIAN_POINT('',(5.344049732693,45.931203455763));
#4702 = CARTESIAN_POINT('',(5.493711914121,45.899266483779));
#4703 = CARTESIAN_POINT('',(5.635448207708,45.867334483536));
#4704 = CARTESIAN_POINT('',(5.77103294194,45.839286058948));
#4705 = CARTESIAN_POINT('',(5.902070999302,45.817167625009));
#4706 = CARTESIAN_POINT('',(6.030025285272,45.802075892363));
#4707 = CARTESIAN_POINT('',(6.156446585262,45.794494717703));
#4708 = CARTESIAN_POINT('',(6.28318530718,45.794494717703));
#4709 = ( GEOMETRIC_REPRESENTATION_CONTEXT(2) 
PARAMETRIC_REPRESENTATION_CONTEXT() REPRESENTATION_CONTEXT('2D SPACE',''
  ) );
#4710 = ADVANCED_FACE('',(#4711,#4714),#4309,.F.);
#4711 = FACE_BOUND('',#4712,.F.);
#4712 = EDGE_LOOP('',(#4713));
#4713 = ORIENTED_EDGE('',*,*,#4294,.T.);
#4714 = FACE_BOUND('',#4715,.F.);
#4715 = EDGE_LOOP('',(#4716));
#4716 = ORIENTED_EDGE('',*,*,#4717,.F.);
#4717 = EDGE_CURVE('',#4718,#4718,#4720,.T.);
#4718 = VERTEX_POINT('',#4719);
#4719 = CARTESIAN_POINT('',(8.,-1.959434878636E-15,1.800811908116E+03));
#4720 = SURFACE_CURVE('',#4721,(#4726,#4733),.PCURVE_S1.);
#4721 = CIRCLE('',#4722,8.);
#4722 = AXIS2_PLACEMENT_3D('',#4723,#4724,#4725);
#4723 = CARTESIAN_POINT('',(0.,0.,1.800811908116E+03));
#4724 = DIRECTION('',(0.,0.,1.));
#4725 = DIRECTION('',(1.,0.,-0.));
#4726 = PCURVE('',#4309,#4727);
#4727 = DEFINITIONAL_REPRESENTATION('',(#4728),#4732);
#4728 = CIRCLE('',#4729,8.);
#4729 = AXIS2_PLACEMENT_2D('',#4730,#4731);
#4730 = CARTESIAN_POINT('',(0.,0.));
#4731 = DIRECTION('',(1.,0.));
#4732 = ( GEOMETRIC_REPRESENTATION_CONTEXT(2) 
PARAMETRIC_REPRESENTATION_CONTEXT() REPRESENTATION_CONTEXT('2D SPACE',''
  ) );
#4733 = PCURVE('',#4734,#4739);
#4734 = CYLINDRICAL_SURFACE('',#4735,8.);
#4735 = AXIS2_PLACEMENT_3D('',#4736,#4737,#4738);
#4736 = CARTESIAN_POINT('',(0.,0.,1.799811908116E+03));
#4737 = DIRECTION('',(0.,0.,1.));
#4738 = DIRECTION('',(1.,0.,-0.));
#4739 = DEFINITIONAL_REPRESENTATION('',(#4740),#4744);
#4740 = LINE('',#4741,#4742);
#4741 = CARTESIAN_POINT('',(0.,1.));
#4742 = VECTOR('',#4743,1.);
#4743 = DIRECTION('',(1.,0.));
#4744 = ( GEOMETRIC_REPRESENTATION_CONTEXT(2) 
PARAMETRIC_REPRESENTATION_CONTEXT() REPRESENTATION_CONTEXT('2D SPACE',''
  ) );
#4745 = ADVANCED_FACE('',(#4746,#4749),#4281,.T.);
#4746 = FACE_BOUND('',#4747,.T.);
#4747 = EDGE_LOOP('',(#4748));
#4748 = ORIENTED_EDGE('',*,*,#4266,.T.);
#4749 = FACE_BOUND('',#4750,.T.);
#4750 = EDGE_LOOP('',(#4751));
#4751 = ORIENTED_EDGE('',*,*,#4752,.F.);
#4752 = EDGE_CURVE('',#4753,#4753,#4755,.T.);
#4753 = VERTEX_POINT('',#4754);
#4754 = CARTESIAN_POINT('',(8.,-1.959434878636E-15,1.818811908116E+03));
#4755 = SURFACE_CURVE('',#4756,(#4761,#4768),.PCURVE_S1.);
#4756 = CIRCLE('',#4757,8.);
#4757 = AXIS2_PLACEMENT_3D('',#4758,#4759,#4760);
#4758 = CARTESIAN_POINT('',(0.,0.,1.818811908116E+03));
#4759 = DIRECTION('',(0.,0.,1.));
#4760 = DIRECTION('',(1.,0.,-0.));
#4761 = PCURVE('',#4281,#4762);
#4762 = DEFINITIONAL_REPRESENTATION('',(#4763),#4767);
#4763 = CIRCLE('',#4764,8.);
#4764 = AXIS2_PLACEMENT_2D('',#4765,#4766);
#4765 = CARTESIAN_POINT('',(0.,0.));
#4766 = DIRECTION('',(1.,0.));
#4767 = ( GEOMETRIC_REPRESENTATION_CONTEXT(2) 
PARAMETRIC_REPRESENTATION_CONTEXT() REPRESENTATION_CONTEXT('2D SPACE',''
  ) );
#4768 = PCURVE('',#4734,#4769);
#4769 = DEFINITIONAL_REPRESENTATION('',(#4770),#4774);
#4770 = LINE('',#4771,#4772);
#4771 = CARTESIAN_POINT('',(0.,19.));
#4772 = VECTOR('',#4773,1.);
#4773 = DIRECTION('',(1.,0.));
#4774 = ( GEOMETRIC_REPRESENTATION_CONTEXT(2) 
PARAMETRIC_REPRESENTATION_CONTEXT() REPRESENTATION_CONTEXT('2D SPACE',''
  ) );
#4775 = ADVANCED_FACE('',(#4776),#4449,.F.);
#4776 = FACE_BOUND('',#4777,.F.);
#4777 = EDGE_LOOP('',(#4778,#5104,#5125,#5126));
#4778 = ORIENTED_EDGE('',*,*,#4779,.F.);
#4779 = EDGE_CURVE('',#4780,#4780,#4782,.T.);
#4780 = VERTEX_POINT('',#4781);
#4781 = CARTESIAN_POINT('',(3.,-7.416198487096,1.809811908116E+03));
#4782 = SURFACE_CURVE('',#4783,(#4888,#4996),.PCURVE_S1.);
#4783 = B_SPLINE_CURVE_WITH_KNOTS('',7,(#4784,#4785,#4786,#4787,#4788,
    #4789,#4790,#4791,#4792,#4793,#4794,#4795,#4796,#4797,#4798,#4799,
    #4800,#4801,#4802,#4803,#4804,#4805,#4806,#4807,#4808,#4809,#4810,
    #4811,#4812,#4813,#4814,#4815,#4816,#4817,#4818,#4819,#4820,#4821,
    #4822,#4823,#4824,#4825,#4826,#4827,#4828,#4829,#4830,#4831,#4832,
    #4833,#4834,#4835,#4836,#4837,#4838,#4839,#4840,#4841,#4842,#4843,
    #4844,#4845,#4846,#4847,#4848,#4849,#4850,#4851,#4852,#4853,#4854,
    #4855,#4856,#4857,#4858,#4859,#4860,#4861,#4862,#4863,#4864,#4865,
    #4866,#4867,#4868,#4869,#4870,#4871,#4872,#4873,#4874,#4875,#4876,
    #4877,#4878,#4879,#4880,#4881,#4882,#4883,#4884,#4885,#4886,#4887),
  .UNSPECIFIED.,.T.,.F.,(8,6,6,6,6,6,6,6,6,6,6,6,6,6,6,6,6,8),(0.,
    0.126241708411,0.184027464604,0.222169790345,0.278533714951,
    0.316172233031,0.348217916392,0.396201479046,0.429802210277,
    0.499818244152,0.570042076825,0.626526683481,0.684288213932,
    0.722414549121,0.778754844066,0.816377582731,0.848409831333,1.),
  .UNSPECIFIED.);
#4784 = CARTESIAN_POINT('',(3.,-7.416198487096,1.809811908116E+03));
#4785 = CARTESIAN_POINT('',(3.,-7.416198487096,1.809512135576E+03));
#4786 = CARTESIAN_POINT('',(2.965053697339,-7.43033504929,
    1.809213131841E+03));
#4787 = CARTESIAN_POINT('',(2.895479038755,-7.458478909458,
    1.808917574902E+03));
#4788 = CARTESIAN_POINT('',(2.790922836503,-7.499568183303,
    1.80862827113E+03));
#4789 = CARTESIAN_POINT('',(2.65053558716,-7.551586302826,
    1.808348510311E+03));
#4790 = CARTESIAN_POINT('',(2.473136311109,-7.611446344337,
    1.808082516812E+03));
#4791 = CARTESIAN_POINT('',(2.158805558559,-7.703904431162,
    1.80772336338E+03));
#4792 = CARTESIAN_POINT('',(2.051928373464,-7.733732576865,
    1.80761450858E+03));
#4793 = CARTESIAN_POINT('',(1.936711321369,-7.763950437999,
    1.807510162162E+03));
#4794 = CARTESIAN_POINT('',(1.812999206673,-7.79409040491,
    1.807411008143E+03));
#4795 = CARTESIAN_POINT('',(1.680666149793,-7.823615347123,
    1.807317841997E+03));
#4796 = CARTESIAN_POINT('',(1.539638330372,-7.851918698744,
    1.807231587151E+03));
#4797 = CARTESIAN_POINT('',(1.291095307453,-7.895767416106,
    1.807101648269E+03));
#4798 = CARTESIAN_POINT('',(1.188414790614,-7.912391390097,
    1.807053423865E+03));
#4799 = CARTESIAN_POINT('',(1.082079677087,-7.927973204697,
    1.807009066665E+03));
#4800 = CARTESIAN_POINT('',(0.972319586095,-7.942285650112,
    1.806968971439E+03));
#4801 = CARTESIAN_POINT('',(0.859391453972,-7.955112147122,
    1.806933503526E+03));
#4802 = CARTESIAN_POINT('',(0.743579025327,-7.966253307625,
    1.806903000769E+03));
#4803 = CARTESIAN_POINT('',(0.450249211079,-7.989247074036,
    1.806840499316E+03));
#4804 = CARTESIAN_POINT('',(0.269771190316,-7.998890078435,
    1.806814765471E+03));
#4805 = CARTESIAN_POINT('',(8.59168951684E-02,-8.003812798594,
    1.806801804245E+03));
#4806 = CARTESIAN_POINT('',(-9.903721470241E-02,-8.003658175732,
    1.806802211475E+03));
#4807 = CARTESIAN_POINT('',(-0.282776333845,-7.99843353792,
    1.806815974966E+03));
#4808 = CARTESIAN_POINT('',(-0.463026771687,-7.988509829486,
    1.806842474357E+03));
#4809 = CARTESIAN_POINT('',(-0.754234936781,-7.96522517194,
    1.806905816522E+03));
#4810 = CARTESIAN_POINT('',(-0.868298178908,-7.954103108874,
    1.806936293871E+03));
#4811 = CARTESIAN_POINT('',(-0.979531186001,-7.941352518147,
    1.806971584163E+03));
#4812 = CARTESIAN_POINT('',(-1.087665007389,-7.927165728471,
    1.807011361538E+03));
#4813 = CARTESIAN_POINT('',(-1.192456103231,-7.911750919514,
    1.807055274731E+03));
#4814 = CARTESIAN_POINT('',(-1.293686792371,-7.89532601751,
    1.80710294527E+03));
#4815 = CARTESIAN_POINT('',(-1.474159887383,-7.863456965539,
    1.807197404795E+03));
#4816 = CARTESIAN_POINT('',(-1.554507403843,-7.848216842722,
    1.80724331024E+03));
#4817 = CARTESIAN_POINT('',(-1.632196964673,-7.832506785569,
    1.807291498551E+03));
#4818 = CARTESIAN_POINT('',(-1.707224187094,-7.816436517717,
    1.807341796873E+03));
#4819 = CARTESIAN_POINT('',(-1.779591327665,-7.800110284684,
    1.807394042746E+03));
#4820 = CARTESIAN_POINT('',(-1.849307019496,-7.783626215246,
    1.80744808389E+03));
#4821 = CARTESIAN_POINT('',(-2.016826648571,-7.742293764452,
    1.807587171488E+03));
#4822 = CARTESIAN_POINT('',(-2.11138494701,-7.717355535076,
    1.807674295455E+03));
#4823 = CARTESIAN_POINT('',(-2.200158386915,-7.692554689551,
    1.807764721886E+03));
#4824 = CARTESIAN_POINT('',(-2.28325335143,-7.668151556072,
    1.807858083707E+03));
#4825 = CARTESIAN_POINT('',(-2.360778236101,-7.644376369149,
    1.807954067526E+03));
#4826 = CARTESIAN_POINT('',(-2.432836560284,-7.621432542606,
    1.808052406371E+03));
#4827 = CARTESIAN_POINT('',(-2.546215547805,-7.584141528995,
    1.80822322431E+03));
#4828 = CARTESIAN_POINT('',(-2.5902746054,-7.569279297262,
    1.808294617914E+03));
#4829 = CARTESIAN_POINT('',(-2.631724036242,-7.554976665557,
    1.808366967771E+03));
#4830 = CARTESIAN_POINT('',(-2.670588231976,-7.541291668235,
    1.808440194558E+03));
#4831 = CARTESIAN_POINT('',(-2.706889184306,-7.528277100338,
    1.808514225045E+03));
#4832 = CARTESIAN_POINT('',(-2.740646478305,-7.515980662122,
    1.808588992023E+03));
#4833 = CARTESIAN_POINT('',(-2.836954954917,-7.480407708352,
    1.808821638084E+03));
#4834 = CARTESIAN_POINT('',(-2.891077201498,-7.459668519766,
    1.808981810095E+03));
#4835 = CARTESIAN_POINT('',(-2.934341837206,-7.442635211877,
    1.809144284568E+03));
#4836 = CARTESIAN_POINT('',(-2.966827259057,-7.429615063687,
    1.809308456723E+03));
#4837 = CARTESIAN_POINT('',(-2.988587327677,-7.420814992527,
    1.809473763987E+03));
#4838 = CARTESIAN_POINT('',(-2.999646245613,-7.41634158743,
    1.809639667278E+03));
#4839 = CARTESIAN_POINT('',(-3.000341656117,-7.416060280747,
    1.809972089863E+03));
#4840 = CARTESIAN_POINT('',(-2.989914273183,-7.420278211813,
    1.81013851717E+03));
#4841 = CARTESIAN_POINT('',(-2.96872281232,-7.42885320484,
    1.810304374034E+03));
#4842 = CARTESIAN_POINT('',(-2.936743951186,-7.441681845006,
    1.810469116191E+03));
#4843 = CARTESIAN_POINT('',(-2.893924606389,-7.458559044792,
    1.810632176351E+03));
#4844 = CARTESIAN_POINT('',(-2.840187020238,-7.479178055239,
    1.810792945247E+03));
#4845 = CARTESIAN_POINT('',(-2.723349571363,-7.522396630639,
    1.811077685253E+03));
#4846 = CARTESIAN_POINT('',(-2.664138295911,-7.543819568347,
    1.811202702116E+03));
#4847 = CARTESIAN_POINT('',(-2.59772007369,-7.567197767151,
    1.811325526402E+03));
#4848 = CARTESIAN_POINT('',(-2.52398533355,-7.592294003547,
    1.811445841086E+03));
#4849 = CARTESIAN_POINT('',(-2.442802757319,-7.618830059647,
    1.811563275726E+03));
#4850 = CARTESIAN_POINT('',(-2.354027156492,-7.6464814291,
    1.811677393205E+03));
#4851 = CARTESIAN_POINT('',(-2.158805558559,-7.703904431162,
    1.811900452853E+03));
#4852 = CARTESIAN_POINT('',(-2.051928373464,-7.733732576865,
    1.812009307653E+03));
#4853 = CARTESIAN_POINT('',(-1.93671132137,-7.763950437999,
    1.812113654071E+03));
#4854 = CARTESIAN_POINT('',(-1.812999206674,-7.79409040491,
    1.81221280809E+03));
#4855 = CARTESIAN_POINT('',(-1.680666149793,-7.823615347123,
    1.812305974236E+03));
#4856 = CARTESIAN_POINT('',(-1.539638330372,-7.851918698744,
    1.812392229082E+03));
#4857 = CARTESIAN_POINT('',(-1.291095307451,-7.895767416107,
    1.812522167963E+03));
#4858 = CARTESIAN_POINT('',(-1.188414790614,-7.912391390097,
    1.812570392368E+03));
#4859 = CARTESIAN_POINT('',(-1.082079677089,-7.927973204697,
    1.812614749567E+03));
#4860 = CARTESIAN_POINT('',(-0.972319586097,-7.942285650112,
    1.812654844794E+03));
#4861 = CARTESIAN_POINT('',(-0.859391453972,-7.955112147123,
    1.812690312707E+03));
#4862 = CARTESIAN_POINT('',(-0.743579025325,-7.966253307625,
    1.812720815464E+03));
#4863 = CARTESIAN_POINT('',(-0.450249211079,-7.989247074036,
    1.812783316917E+03));
#4864 = CARTESIAN_POINT('',(-0.269771190316,-7.998890078435,
    1.812809050762E+03));
#4865 = CARTESIAN_POINT('',(-8.59168951685E-02,-8.003812798594,
    1.812822011987E+03));
#4866 = CARTESIAN_POINT('',(9.903721470204E-02,-8.003658175732,
    1.812821604758E+03));
#4867 = CARTESIAN_POINT('',(0.282776333845,-7.99843353792,
    1.812807841267E+03));
#4868 = CARTESIAN_POINT('',(0.463026771687,-7.988509829486,
    1.812781341876E+03));
#4869 = CARTESIAN_POINT('',(0.754234936541,-7.965225171959,
    1.812717999711E+03));
#4870 = CARTESIAN_POINT('',(0.868298178885,-7.954103108883,
    1.812687522362E+03));
#4871 = CARTESIAN_POINT('',(0.979531186178,-7.94135251813,
    1.81265223207E+03));
#4872 = CARTESIAN_POINT('',(1.087665007556,-7.927165728445,
    1.812612454695E+03));
#4873 = CARTESIAN_POINT('',(1.19245610321,-7.91175091951,
    1.812568541502E+03));
#4874 = CARTESIAN_POINT('',(1.293686792188,-7.895326017543,
    1.812520870963E+03));
#4875 = CARTESIAN_POINT('',(1.474159887383,-7.863456965539,
    1.812426411438E+03));
#4876 = CARTESIAN_POINT('',(1.554507403843,-7.848216842722,
    1.812380505993E+03));
#4877 = CARTESIAN_POINT('',(1.632196964673,-7.832506785569,
    1.812332317681E+03));
#4878 = CARTESIAN_POINT('',(1.707224187094,-7.816436517717,
    1.81228201936E+03));
#4879 = CARTESIAN_POINT('',(1.779591327665,-7.800110284684,
    1.812229773487E+03));
#4880 = CARTESIAN_POINT('',(1.849307019496,-7.783626215246,
    1.812175732342E+03));
#4881 = CARTESIAN_POINT('',(2.233832203403,-7.688751552913,
    1.81185647015E+03));
#4882 = CARTESIAN_POINT('',(2.493533437397,-7.608616279319,
    1.811554797193E+03));
#4883 = CARTESIAN_POINT('',(2.697568465147,-7.535997114819,
    1.811228369345E+03));
#4884 = CARTESIAN_POINT('',(2.848811521355,-7.47735788745,
    1.810885517067E+03));
#4885 = CARTESIAN_POINT('',(2.949298772471,-7.436707919527,
    1.810532249494E+03));
#4886 = CARTESIAN_POINT('',(3.,-7.416198487096,1.810172980912E+03));
#4887 = CARTESIAN_POINT('',(3.,-7.416198487096,1.809811908116E+03));
#4888 = PCURVE('',#4449,#4889);
#4889 = DEFINITIONAL_REPRESENTATION('',(#4890),#4995);
#4890 = B_SPLINE_CURVE_WITH_KNOTS('',7,(#4891,#4892,#4893,#4894,#4895,
    #4896,#4897,#4898,#4899,#4900,#4901,#4902,#4903,#4904,#4905,#4906,
    #4907,#4908,#4909,#4910,#4911,#4912,#4913,#4914,#4915,#4916,#4917,
    #4918,#4919,#4920,#4921,#4922,#4923,#4924,#4925,#4926,#4927,#4928,
    #4929,#4930,#4931,#4932,#4933,#4934,#4935,#4936,#4937,#4938,#4939,
    #4940,#4941,#4942,#4943,#4944,#4945,#4946,#4947,#4948,#4949,#4950,
    #4951,#4952,#4953,#4954,#4955,#4956,#4957,#4958,#4959,#4960,#4961,
    #4962,#4963,#4964,#4965,#4966,#4967,#4968,#4969,#4970,#4971,#4972,
    #4973,#4974,#4975,#4976,#4977,#4978,#4979,#4980,#4981,#4982,#4983,
    #4984,#4985,#4986,#4987,#4988,#4989,#4990,#4991,#4992,#4993,#4994),
  .UNSPECIFIED.,.F.,.F.,(8,6,6,6,6,6,6,6,6,6,6,6,6,6,6,6,6,8),(0.,
    0.126241708411,0.184027464604,0.222169790345,0.278533714951,
    0.316172233031,0.348217916392,0.396201479046,0.429802210277,
    0.499818244152,0.570042076825,0.626526683481,0.684288213932,
    0.722414549121,0.778754844066,0.816377582731,0.848409831333,1.),
  .UNSPECIFIED.);
#4891 = CARTESIAN_POINT('',(0.,16.583801512904));
#4892 = CARTESIAN_POINT('',(9.992418013812E-02,16.583801512904));
#4893 = CARTESIAN_POINT('',(0.19959195848,16.56966495071));
#4894 = CARTESIAN_POINT('',(0.299741167038,16.541521090542));
#4895 = CARTESIAN_POINT('',(0.401025889833,16.500431816697));
#4896 = CARTESIAN_POINT('',(0.504141203798,16.448413697174));
#4897 = CARTESIAN_POINT('',(0.609805977281,16.388553655663));
#4898 = CARTESIAN_POINT('',(0.768898895578,16.296095568838));
#4899 = CARTESIAN_POINT('',(0.819666158629,16.266267423135));
#4900 = CARTESIAN_POINT('',(0.871336905748,16.236049562001));
#4901 = CARTESIAN_POINT('',(0.924007383225,16.20590959509));
#4902 = CARTESIAN_POINT('',(0.97777824392,16.176384652877));
#4903 = CARTESIAN_POINT('',(1.032758611052,16.148081301256));
#4904 = CARTESIAN_POINT('',(1.126245239455,16.104232583894));
#4905 = CARTESIAN_POINT('',(1.164024529929,16.087608609903));
#4906 = CARTESIAN_POINT('',(1.202370129821,16.072026795303));
#4907 = CARTESIAN_POINT('',(1.241249321683,16.057714349888));
#4908 = CARTESIAN_POINT('',(1.280636581719,16.044887852878));
#4909 = CARTESIAN_POINT('',(1.320512080049,16.033746692375));
#4910 = CARTESIAN_POINT('',(1.420483637954,16.010752925964));
#4911 = CARTESIAN_POINT('',(1.481109697242,16.001109921565));
#4912 = CARTESIAN_POINT('',(1.542295671607,15.996187201406));
#4913 = CARTESIAN_POINT('',(1.603655881435,15.996341824268));
#4914 = CARTESIAN_POINT('',(1.664823335927,16.00156646208));
#4915 = CARTESIAN_POINT('',(1.725411363185,16.011490170514));
#4916 = CARTESIAN_POINT('',(1.82475052703,16.03477482806));
#4917 = CARTESIAN_POINT('',(1.864062181416,16.045896891126));
#4918 = CARTESIAN_POINT('',(1.902895649367,16.058647481853));
#4919 = CARTESIAN_POINT('',(1.941232396247,16.072834271529));
#4920 = CARTESIAN_POINT('',(1.979048490115,16.088249080486));
#4921 = CARTESIAN_POINT('',(2.016313236061,16.10467398249));
#4922 = CARTESIAN_POINT('',(2.084212785934,16.136543034461));
#4923 = CARTESIAN_POINT('',(2.115037370698,16.151783157278));
#4924 = CARTESIAN_POINT('',(2.145479550802,16.167493214431));
#4925 = CARTESIAN_POINT('',(2.175555367167,16.183563482283));
#4926 = CARTESIAN_POINT('',(2.205279484229,16.199889715316));
#4927 = CARTESIAN_POINT('',(2.23466575851,16.216373784754));
#4928 = CARTESIAN_POINT('',(2.30724382828,16.257706235548));
#4929 = CARTESIAN_POINT('',(2.350045692374,16.282644464924));
#4930 = CARTESIAN_POINT('',(2.392201519072,16.307445310449));
#4931 = CARTESIAN_POINT('',(2.433775591847,16.331848443928));
#4932 = CARTESIAN_POINT('',(2.474829557576,16.355623630851));
#4933 = CARTESIAN_POINT('',(2.515423626089,16.378567457394));
#4934 = CARTESIAN_POINT('',(2.58376392106,16.415858471005));
#4935 = CARTESIAN_POINT('',(2.611713402194,16.430720702738));
#4936 = CARTESIAN_POINT('',(2.639483813543,16.445023334443));
#4937 = CARTESIAN_POINT('',(2.667091775516,16.458708331765));
#4938 = CARTESIAN_POINT('',(2.694553360051,16.471722899662));
#4939 = CARTESIAN_POINT('',(2.721884522172,16.484019337878));
#4940 = CARTESIAN_POINT('',(2.805815388064,16.519592291648));
#4941 = CARTESIAN_POINT('',(2.862046700022,16.540331480234));
#4942 = CARTESIAN_POINT('',(2.917900498662,16.557364788123));
#4943 = CARTESIAN_POINT('',(2.973476200592,16.570384936313));
#4944 = CARTESIAN_POINT('',(3.028870276202,16.579185007473));
#4945 = CARTESIAN_POINT('',(3.084178918078,16.58365841257));
#4946 = CARTESIAN_POINT('',(3.194986688895,16.583939719253));
#4947 = CARTESIAN_POINT('',(3.250455020923,16.579721788187));
#4948 = CARTESIAN_POINT('',(3.306004813072,16.57114679516));
#4949 = CARTESIAN_POINT('',(3.361732765298,16.558318154994));
#4950 = CARTESIAN_POINT('',(3.417735843336,16.541440955208));
#4951 = CARTESIAN_POINT('',(3.474113952079,16.520821944761));
#4952 = CARTESIAN_POINT('',(3.576706923756,16.477603369361));
#4953 = CARTESIAN_POINT('',(3.622752201424,16.456180431653));
#4954 = CARTESIAN_POINT('',(3.669189818195,16.432802232849));
#4955 = CARTESIAN_POINT('',(3.716101253991,16.407705996453));
#4956 = CARTESIAN_POINT('',(3.763570024036,16.381169940353));
#4957 = CARTESIAN_POINT('',(3.811683610467,16.3535185709));
#4958 = CARTESIAN_POINT('',(3.910491549168,16.296095568838));
#4959 = CARTESIAN_POINT('',(3.961258812219,16.266267423135));
#4960 = CARTESIAN_POINT('',(4.012929559337,16.236049562001));
#4961 = CARTESIAN_POINT('',(4.065600036814,16.20590959509));
#4962 = CARTESIAN_POINT('',(4.11937089751,16.176384652877));
#4963 = CARTESIAN_POINT('',(4.174351264642,16.148081301256));
#4964 = CARTESIAN_POINT('',(4.267837893045,16.104232583893));
#4965 = CARTESIAN_POINT('',(4.305617183518,16.087608609903));
#4966 = CARTESIAN_POINT('',(4.34396278341,16.072026795303));
#4967 = CARTESIAN_POINT('',(4.382841975272,16.057714349888));
#4968 = CARTESIAN_POINT('',(4.422229235309,16.044887852877));
#4969 = CARTESIAN_POINT('',(4.46210473364,16.033746692375));
#4970 = CARTESIAN_POINT('',(4.562076291544,16.010752925964));
#4971 = CARTESIAN_POINT('',(4.622702350832,16.001109921565));
#4972 = CARTESIAN_POINT('',(4.683888325196,15.996187201406));
#4973 = CARTESIAN_POINT('',(4.745248535025,15.996341824268));
#4974 = CARTESIAN_POINT('',(4.806415989516,16.00156646208));
#4975 = CARTESIAN_POINT('',(4.867004016775,16.011490170514));
#4976 = CARTESIAN_POINT('',(4.966343180538,16.034774828041));
#4977 = CARTESIAN_POINT('',(5.005654834996,16.045896891117));
#4978 = CARTESIAN_POINT('',(5.044488303018,16.05864748187));
#4979 = CARTESIAN_POINT('',(5.082825049898,16.072834271555));
#4980 = CARTESIAN_POINT('',(5.120641143699,16.08824908049));
#4981 = CARTESIAN_POINT('',(5.157905889582,16.104673982457));
#4982 = CARTESIAN_POINT('',(5.225805439524,16.136543034461));
#4983 = CARTESIAN_POINT('',(5.256630024288,16.151783157278));
#4984 = CARTESIAN_POINT('',(5.287072204392,16.167493214431));
#4985 = CARTESIAN_POINT('',(5.317148020756,16.183563482283));
#4986 = CARTESIAN_POINT('',(5.346872137819,16.199889715316));
#4987 = CARTESIAN_POINT('',(5.3762584121,16.216373784754));
#4988 = CARTESIAN_POINT('',(5.542854385241,16.311248447087));
#4989 = CARTESIAN_POINT('',(5.673693703892,16.391383720681));
#4990 = CARTESIAN_POINT('',(5.79977120419,16.464002885181));
#4991 = CARTESIAN_POINT('',(5.922466438926,16.52264211255));
#4992 = CARTESIAN_POINT('',(6.043071923053,16.563292080473));
#4993 = CARTESIAN_POINT('',(6.162827708693,16.583801512904));
#4994 = CARTESIAN_POINT('',(6.28318530718,16.583801512904));
#4995 = ( GEOMETRIC_REPRESENTATION_CONTEXT(2) 
PARAMETRIC_REPRESENTATION_CONTEXT() REPRESENTATION_CONTEXT('2D SPACE',''
  ) );
#4996 = PCURVE('',#4734,#4997);
#4997 = DEFINITIONAL_REPRESENTATION('',(#4998),#5103);
#4998 = B_SPLINE_CURVE_WITH_KNOTS('',7,(#4999,#5000,#5001,#5002,#5003,
    #5004,#5005,#5006,#5007,#5008,#5009,#5010,#5011,#5012,#5013,#5014,
    #5015,#5016,#5017,#5018,#5019,#5020,#5021,#5022,#5023,#5024,#5025,
    #5026,#5027,#5028,#5029,#5030,#5031,#5032,#5033,#5034,#5035,#5036,
    #5037,#5038,#5039,#5040,#5041,#5042,#5043,#5044,#5045,#5046,#5047,
    #5048,#5049,#5050,#5051,#5052,#5053,#5054,#5055,#5056,#5057,#5058,
    #5059,#5060,#5061,#5062,#5063,#5064,#5065,#5066,#5067,#5068,#5069,
    #5070,#5071,#5072,#5073,#5074,#5075,#5076,#5077,#5078,#5079,#5080,
    #5081,#5082,#5083,#5084,#5085,#5086,#5087,#5088,#5089,#5090,#5091,
    #5092,#5093,#5094,#5095,#5096,#5097,#5098,#5099,#5100,#5101,#5102),
  .UNSPECIFIED.,.T.,.F.,(8,6,6,6,6,6,6,6,6,6,6,6,6,6,6,6,6,8),(0.,
    0.126241708411,0.184027464604,0.222169790345,0.278533714951,
    0.316172233031,0.348217916392,0.396201479046,0.429802210277,
    0.499818244152,0.570042076825,0.626526683481,0.684288213932,
    0.722414549121,0.778754844066,0.816377582731,0.848409831333,1.),
  .UNSPECIFIED.);
#4999 = CARTESIAN_POINT('',(5.09678575488,10.));
#5000 = CARTESIAN_POINT('',(5.09678575488,9.700227459586));
#5001 = CARTESIAN_POINT('',(5.092073595305,9.401223724568));
#5002 = CARTESIAN_POINT('',(5.082692155812,9.105666786058));
#5003 = CARTESIAN_POINT('',(5.068650373141,8.816363013551));
#5004 = CARTESIAN_POINT('',(5.049944077552,8.536602194491));
#5005 = CARTESIAN_POINT('',(5.0265588999,8.270608695482));
#5006 = CARTESIAN_POINT('',(4.985603070068,7.911455263264));
#5007 = CARTESIAN_POINT('',(4.97173422906,7.802600463891));
#5008 = CARTESIAN_POINT('',(4.956848041479,7.698254045868));
#5009 = CARTESIAN_POINT('',(4.940936491515,7.599100026744));
#5010 = CARTESIAN_POINT('',(4.923994006306,7.50593388013));
#5011 = CARTESIAN_POINT('',(4.906018954587,7.41967903476));
#5012 = CARTESIAN_POINT('',(4.874471286226,7.289740153092));
#5013 = CARTESIAN_POINT('',(4.861470380283,7.241515748106));
#5014 = CARTESIAN_POINT('',(4.848039039673,7.197158549072));
#5015 = CARTESIAN_POINT('',(4.834206129584,7.157063322755));
#5016 = CARTESIAN_POINT('',(4.820002621932,7.121595409391));
#5017 = CARTESIAN_POINT('',(4.805461520999,7.091092652503));
#5018 = CARTESIAN_POINT('',(4.768682813415,7.028591199863));
#5019 = CARTESIAN_POINT('',(4.746097819406,7.002857354117));
#5020 = CARTESIAN_POINT('',(4.723121122381,6.989896128982));
#5021 = CARTESIAN_POINT('',(4.700017579777,6.990303358361));
#5022 = CARTESIAN_POINT('',(4.677054191143,7.004066849236));
#5023 = CARTESIAN_POINT('',(4.65449566115,7.030566240336));
#5024 = CARTESIAN_POINT('',(4.61797846257,7.093908405154));
#5025 = CARTESIAN_POINT('',(4.603655120039,7.12438575475));
#5026 = CARTESIAN_POINT('',(4.589663068084,7.159676046138));
#5027 = CARTESIAN_POINT('',(4.576033619776,7.199453421683));
#5028 = CARTESIAN_POINT('',(4.562796160879,7.24336661487));
#5029 = CARTESIAN_POINT('',(4.549978079565,7.291037153639));
#5030 = CARTESIAN_POINT('',(4.527069915594,7.385496678482));
#5031 = CARTESIAN_POINT('',(4.51684822328,7.431402123894));
#5032 = CARTESIAN_POINT('',(4.506941588322,7.479590434999));
#5033 = CARTESIAN_POINT('',(4.497351537376,7.52988875675));
#5034 = CARTESIAN_POINT('',(4.488079103869,7.582134629409));
#5035 = CARTESIAN_POINT('',(4.47912477725,7.636175773942));
#5036 = CARTESIAN_POINT('',(4.457556862127,7.775263371442));
#5037 = CARTESIAN_POINT('',(4.445334466677,7.862387338193));
#5038 = CARTESIAN_POINT('',(4.433814731846,7.952813769206));
#5039 = CARTESIAN_POINT('',(4.422990712071,8.046175590982));
#5040 = CARTESIAN_POINT('',(4.412855579516,8.142159409407));
#5041 = CARTESIAN_POINT('',(4.403403153318,8.240498254171));
#5042 = CARTESIAN_POINT('',(4.388483883843,8.411316193625));
#5043 = CARTESIAN_POINT('',(4.382671769815,8.482709798037));
#5044 = CARTESIAN_POINT('',(4.377191006871,8.555059654287));
#5045 = CARTESIAN_POINT('',(4.372040767389,8.628286441214));
#5046 = CARTESIAN_POINT('',(4.367220440742,8.702316928521));
#5047 = CARTESIAN_POINT('',(4.362729598047,8.777083906662));
#5048 = CARTESIAN_POINT('',(4.349896074011,9.0097299674));
#5049 = CARTESIAN_POINT('',(4.342651589548,9.169901978258));
#5050 = CARTESIAN_POINT('',(4.336839810255,9.332376451112));
#5051 = CARTESIAN_POINT('',(4.332465143564,9.496548606724));
#5052 = CARTESIAN_POINT('',(4.329531035089,9.661855871003));
#5053 = CARTESIAN_POINT('',(4.328039906104,9.827759161193));
#5054 = CARTESIAN_POINT('',(4.327946137004,10.160181746263));
#5055 = CARTESIAN_POINT('',(4.329352108638,10.32660905384));
#5056 = CARTESIAN_POINT('',(4.332209779084,10.492465917109));
#5057 = CARTESIAN_POINT('',(4.336516769537,10.657208074646));
#5058 = CARTESIAN_POINT('',(4.342269615641,10.820268235052));
#5059 = CARTESIAN_POINT('',(4.349463833894,10.981037130714));
#5060 = CARTESIAN_POINT('',(4.365035660778,11.265777136821));
#5061 = CARTESIAN_POINT('',(4.372906391515,11.390793999739));
#5062 = CARTESIAN_POINT('',(4.381707426031,11.513618286044));
#5063 = CARTESIAN_POINT('',(4.391442448462,11.633932969636));
#5064 = CARTESIAN_POINT('',(4.402117088359,11.751367609895));
#5065 = CARTESIAN_POINT('',(4.413738427741,11.865485088986));
#5066 = CARTESIAN_POINT('',(4.439174890701,12.088544736736));
#5067 = CARTESIAN_POINT('',(4.453043731709,12.197399536109));
#5068 = CARTESIAN_POINT('',(4.467929919291,12.301745954132));
#5069 = CARTESIAN_POINT('',(4.483841469254,12.400899973256));
#5070 = CARTESIAN_POINT('',(4.500783954464,12.49406611987));
#5071 = CARTESIAN_POINT('',(4.518759006183,12.58032096524));
#5072 = CARTESIAN_POINT('',(4.550306674544,12.710259846909));
#5073 = CARTESIAN_POINT('',(4.563307580486,12.758484251894));
#5074 = CARTESIAN_POINT('',(4.576738921097,12.802841450927));
#5075 = CARTESIAN_POINT('',(4.590571831185,12.842936677245));
#5076 = CARTESIAN_POINT('',(4.604775338837,12.878404590609));
#5077 = CARTESIAN_POINT('',(4.619316439771,12.908907347498));
#5078 = CARTESIAN_POINT('',(4.656095147355,12.971408800137));
#5079 = CARTESIAN_POINT('',(4.678680141364,12.997142645883));
#5080 = CARTESIAN_POINT('',(4.701656838388,13.010103871018));
#5081 = CARTESIAN_POINT('',(4.724760380992,13.009696641639));
#5082 = CARTESIAN_POINT('',(4.747723769626,12.995933150764));
#5083 = CARTESIAN_POINT('',(4.770282299619,12.969433759664));
#5084 = CARTESIAN_POINT('',(4.806799498169,12.906091594898));
#5085 = CARTESIAN_POINT('',(4.821122840728,12.875614245276));
#5086 = CARTESIAN_POINT('',(4.835114892708,12.840323953816));
#5087 = CARTESIAN_POINT('',(4.848744341014,12.800546578241));
#5088 = CARTESIAN_POINT('',(4.861981799888,12.756633385119));
#5089 = CARTESIAN_POINT('',(4.874799881181,12.708962846456));
#5090 = CARTESIAN_POINT('',(4.897708045175,12.614503321518));
#5091 = CARTESIAN_POINT('',(4.907929737489,12.568597876106));
#5092 = CARTESIAN_POINT('',(4.917836372447,12.520409565001));
#5093 = CARTESIAN_POINT('',(4.927426423394,12.47011124325));
#5094 = CARTESIAN_POINT('',(4.936698856901,12.417865370591));
#5095 = CARTESIAN_POINT('',(4.94565318352,12.363824226058));
#5096 = CARTESIAN_POINT('',(4.995160256659,12.044562033899));
#5097 = CARTESIAN_POINT('',(5.029077270004,11.74288907664));
#5098 = CARTESIAN_POINT('',(5.05612510803,11.41646122896));
#5099 = CARTESIAN_POINT('',(5.076399458897,11.073608950152));
#5100 = CARTESIAN_POINT('',(5.089949213526,10.720341377218));
#5101 = CARTESIAN_POINT('',(5.09678575488,10.361072795459));
#5102 = CARTESIAN_POINT('',(5.09678575488,10.));
#5103 = ( GEOMETRIC_REPRESENTATION_CONTEXT(2) 
PARAMETRIC_REPRESENTATION_CONTEXT() REPRESENTATION_CONTEXT('2D SPACE',''
  ) );
#5104 = ORIENTED_EDGE('',*,*,#5105,.F.);
#5105 = EDGE_CURVE('',#4324,#4780,#5106,.T.);
#5106 = SEAM_CURVE('',#5107,(#5111,#5118),.PCURVE_S1.);
#5107 = LINE('',#5108,#5109);
#5108 = CARTESIAN_POINT('',(3.,-24.,1.809811908116E+03));
#5109 = VECTOR('',#5110,1.);
#5110 = DIRECTION('',(0.,1.,2.22044604925E-16));
#5111 = PCURVE('',#4449,#5112);
#5112 = DEFINITIONAL_REPRESENTATION('',(#5113),#5117);
#5113 = LINE('',#5114,#5115);
#5114 = CARTESIAN_POINT('',(6.28318530718,-0.));
#5115 = VECTOR('',#5116,1.);
#5116 = DIRECTION('',(0.,1.));
#5117 = ( GEOMETRIC_REPRESENTATION_CONTEXT(2) 
PARAMETRIC_REPRESENTATION_CONTEXT() REPRESENTATION_CONTEXT('2D SPACE',''
  ) );
#5118 = PCURVE('',#4449,#5119);
#5119 = DEFINITIONAL_REPRESENTATION('',(#5120),#5124);
#5120 = LINE('',#5121,#5122);
#5121 = CARTESIAN_POINT('',(0.,-0.));
#5122 = VECTOR('',#5123,1.);
#5123 = DIRECTION('',(0.,1.));
#5124 = ( GEOMETRIC_REPRESENTATION_CONTEXT(2) 
PARAMETRIC_REPRESENTATION_CONTEXT() REPRESENTATION_CONTEXT('2D SPACE',''
  ) );
#5125 = ORIENTED_EDGE('',*,*,#4323,.T.);
#5126 = ORIENTED_EDGE('',*,*,#5105,.T.);
#5127 = ADVANCED_FACE('',(#5128),#4644,.F.);
#5128 = FACE_BOUND('',#5129,.F.);
#5129 = EDGE_LOOP('',(#5130,#5131,#5154,#5478));
#5130 = ORIENTED_EDGE('',*,*,#4518,.F.);
#5131 = ORIENTED_EDGE('',*,*,#5132,.F.);
#5132 = EDGE_CURVE('',#5133,#4519,#5135,.T.);
#5133 = VERTEX_POINT('',#5134);
#5134 = CARTESIAN_POINT('',(3.,7.416198487096,1.809811908116E+03));
#5135 = SEAM_CURVE('',#5136,(#5140,#5147),.PCURVE_S1.);
#5136 = LINE('',#5137,#5138);
#5137 = CARTESIAN_POINT('',(3.,-24.,1.809811908116E+03));
#5138 = VECTOR('',#5139,1.);
#5139 = DIRECTION('',(0.,1.,2.22044604925E-16));
#5140 = PCURVE('',#4644,#5141);
#5141 = DEFINITIONAL_REPRESENTATION('',(#5142),#5146);
#5142 = LINE('',#5143,#5144);
#5143 = CARTESIAN_POINT('',(6.28318530718,-0.));
#5144 = VECTOR('',#5145,1.);
#5145 = DIRECTION('',(0.,1.));
#5146 = ( GEOMETRIC_REPRESENTATION_CONTEXT(2) 
PARAMETRIC_REPRESENTATION_CONTEXT() REPRESENTATION_CONTEXT('2D SPACE',''
  ) );
#5147 = PCURVE('',#4644,#5148);
#5148 = DEFINITIONAL_REPRESENTATION('',(#5149),#5153);
#5149 = LINE('',#5150,#5151);
#5150 = CARTESIAN_POINT('',(0.,-0.));
#5151 = VECTOR('',#5152,1.);
#5152 = DIRECTION('',(0.,1.));
#5153 = ( GEOMETRIC_REPRESENTATION_CONTEXT(2) 
PARAMETRIC_REPRESENTATION_CONTEXT() REPRESENTATION_CONTEXT('2D SPACE',''
  ) );
#5154 = ORIENTED_EDGE('',*,*,#5155,.T.);
#5155 = EDGE_CURVE('',#5133,#5133,#5156,.T.);
#5156 = SURFACE_CURVE('',#5157,(#5262,#5370),.PCURVE_S1.);
#5157 = B_SPLINE_CURVE_WITH_KNOTS('',7,(#5158,#5159,#5160,#5161,#5162,
    #5163,#5164,#5165,#5166,#5167,#5168,#5169,#5170,#5171,#5172,#5173,
    #5174,#5175,#5176,#5177,#5178,#5179,#5180,#5181,#5182,#5183,#5184,
    #5185,#5186,#5187,#5188,#5189,#5190,#5191,#5192,#5193,#5194,#5195,
    #5196,#5197,#5198,#5199,#5200,#5201,#5202,#5203,#5204,#5205,#5206,
    #5207,#5208,#5209,#5210,#5211,#5212,#5213,#5214,#5215,#5216,#5217,
    #5218,#5219,#5220,#5221,#5222,#5223,#5224,#5225,#5226,#5227,#5228,
    #5229,#5230,#5231,#5232,#5233,#5234,#5235,#5236,#5237,#5238,#5239,
    #5240,#5241,#5242,#5243,#5244,#5245,#5246,#5247,#5248,#5249,#5250,
    #5251,#5252,#5253,#5254,#5255,#5256,#5257,#5258,#5259,#5260,#5261),
  .UNSPECIFIED.,.T.,.F.,(8,6,6,6,6,6,6,6,6,6,6,6,6,6,6,6,6,8),(0.,
    0.126241708406,0.184027464596,0.222169790337,0.278533714943,
    0.316172233028,0.348217916398,0.396201480854,0.429802212188,
    0.499818242755,0.570042075513,0.626526682238,0.684288212758,
    0.722414547994,0.778754843007,0.816377581792,0.848409830557,1.),
  .UNSPECIFIED.);
#5158 = CARTESIAN_POINT('',(3.,7.416198487096,1.809811908116E+03));
#5159 = CARTESIAN_POINT('',(3.,7.416198487096,1.809512135576E+03));
#5160 = CARTESIAN_POINT('',(2.965053697339,7.43033504929,
    1.809213131841E+03));
#5161 = CARTESIAN_POINT('',(2.895479038756,7.458478909458,
    1.808917574902E+03));
#5162 = CARTESIAN_POINT('',(2.790922836502,7.499568183303,
    1.80862827113E+03));
#5163 = CARTESIAN_POINT('',(2.65053558716,7.551586302826,
    1.808348510311E+03));
#5164 = CARTESIAN_POINT('',(2.47313631111,7.611446344337,
    1.808082516812E+03));
#5165 = CARTESIAN_POINT('',(2.158805558559,7.703904431162,
    1.80772336338E+03));
#5166 = CARTESIAN_POINT('',(2.051928373464,7.733732576865,
    1.80761450858E+03));
#5167 = CARTESIAN_POINT('',(1.93671132137,7.763950437999,
    1.807510162162E+03));
#5168 = CARTESIAN_POINT('',(1.812999206674,7.79409040491,
    1.807411008143E+03));
#5169 = CARTESIAN_POINT('',(1.680666149793,7.823615347123,
    1.807317841997E+03));
#5170 = CARTESIAN_POINT('',(1.539638330372,7.851918698744,
    1.807231587151E+03));
#5171 = CARTESIAN_POINT('',(1.291095307451,7.895767416107,
    1.807101648269E+03));
#5172 = CARTESIAN_POINT('',(1.188414790614,7.912391390097,
    1.807053423865E+03));
#5173 = CARTESIAN_POINT('',(1.082079677089,7.927973204697,
    1.807009066665E+03));
#5174 = CARTESIAN_POINT('',(0.972319586097,7.942285650112,
    1.806968971439E+03));
#5175 = CARTESIAN_POINT('',(0.859391453972,7.955112147123,
    1.806933503526E+03));
#5176 = CARTESIAN_POINT('',(0.743579025325,7.966253307625,
    1.806903000769E+03));
#5177 = CARTESIAN_POINT('',(0.450249211079,7.989247074036,
    1.806840499316E+03));
#5178 = CARTESIAN_POINT('',(0.269771190316,7.998890078435,
    1.806814765471E+03));
#5179 = CARTESIAN_POINT('',(8.591689516838E-02,8.003812798594,
    1.806801804245E+03));
#5180 = CARTESIAN_POINT('',(-9.903721470239E-02,8.003658175732,
    1.806802211475E+03));
#5181 = CARTESIAN_POINT('',(-0.282776333845,7.99843353792,
    1.806815974966E+03));
#5182 = CARTESIAN_POINT('',(-0.463026771687,7.988509829486,
    1.806842474357E+03));
#5183 = CARTESIAN_POINT('',(-0.754234936798,7.965225171938,
    1.806905816522E+03));
#5184 = CARTESIAN_POINT('',(-0.868298178909,7.954103108874,
    1.806936293871E+03));
#5185 = CARTESIAN_POINT('',(-0.979531185988,7.941352518148,
    1.806971584163E+03));
#5186 = CARTESIAN_POINT('',(-1.087665007378,7.927165728473,
    1.807011361538E+03));
#5187 = CARTESIAN_POINT('',(-1.192456103232,7.911750919514,
    1.807055274731E+03));
#5188 = CARTESIAN_POINT('',(-1.293686792383,7.895326017508,
    1.80710294527E+03));
#5189 = CARTESIAN_POINT('',(-1.474159887383,7.863456965539,
    1.807197404795E+03));
#5190 = CARTESIAN_POINT('',(-1.554507403843,7.848216842722,
    1.80724331024E+03));
#5191 = CARTESIAN_POINT('',(-1.632196964673,7.832506785569,
    1.807291498551E+03));
#5192 = CARTESIAN_POINT('',(-1.707224187094,7.816436517717,
    1.807341796873E+03));
#5193 = CARTESIAN_POINT('',(-1.779591327665,7.800110284684,
    1.807394042746E+03));
#5194 = CARTESIAN_POINT('',(-1.849307019496,7.783626215246,
    1.80744808389E+03));
#5195 = CARTESIAN_POINT('',(-2.016826652316,7.742293763528,
    1.807587171491E+03));
#5196 = CARTESIAN_POINT('',(-2.111384944117,7.71735553591,
    1.807674295451E+03));
#5197 = CARTESIAN_POINT('',(-2.200158383978,7.692554690291,
    1.807764721883E+03));
#5198 = CARTESIAN_POINT('',(-2.283253353299,7.66815155546,
    1.80785808371E+03));
#5199 = CARTESIAN_POINT('',(-2.360778239203,7.644376368292,
    1.807954067529E+03));
#5200 = CARTESIAN_POINT('',(-2.432836557985,7.621432543362,
    1.808052406367E+03));
#5201 = CARTESIAN_POINT('',(-2.546215547805,7.584141528995,
    1.80822322431E+03));
#5202 = CARTESIAN_POINT('',(-2.5902746054,7.569279297262,
    1.808294617914E+03));
#5203 = CARTESIAN_POINT('',(-2.631724036242,7.554976665557,
    1.808366967771E+03));
#5204 = CARTESIAN_POINT('',(-2.670588231976,7.541291668235,
    1.808440194558E+03));
#5205 = CARTESIAN_POINT('',(-2.706889184306,7.528277100338,
    1.808514225045E+03));
#5206 = CARTESIAN_POINT('',(-2.740646478305,7.515980662122,
    1.808588992023E+03));
#5207 = CARTESIAN_POINT('',(-2.836954951642,7.480407709561,
    1.808821638076E+03));
#5208 = CARTESIAN_POINT('',(-2.891077202888,7.459668519243,
    1.808981810103E+03));
#5209 = CARTESIAN_POINT('',(-2.934341839703,7.442635210949,
    1.809144284574E+03));
#5210 = CARTESIAN_POINT('',(-2.966827258934,7.429615063738,
    1.809308456717E+03));
#5211 = CARTESIAN_POINT('',(-2.988587325796,7.420814993231,
    1.809473763979E+03));
#5212 = CARTESIAN_POINT('',(-2.99964624563,7.416341587423,
    1.809639667286E+03));
#5213 = CARTESIAN_POINT('',(-3.000341656117,7.416060280747,
    1.809972089863E+03));
#5214 = CARTESIAN_POINT('',(-2.989914273183,7.420278211813,
    1.81013851717E+03));
#5215 = CARTESIAN_POINT('',(-2.96872281232,7.42885320484,
    1.810304374034E+03));
#5216 = CARTESIAN_POINT('',(-2.936743951186,7.441681845006,
    1.810469116191E+03));
#5217 = CARTESIAN_POINT('',(-2.893924606389,7.458559044792,
    1.810632176351E+03));
#5218 = CARTESIAN_POINT('',(-2.840187020238,7.479178055239,
    1.810792945247E+03));
#5219 = CARTESIAN_POINT('',(-2.723349571363,7.522396630639,
    1.811077685253E+03));
#5220 = CARTESIAN_POINT('',(-2.664138295911,7.543819568347,
    1.811202702116E+03));
#5221 = CARTESIAN_POINT('',(-2.59772007369,7.567197767151,
    1.811325526402E+03));
#5222 = CARTESIAN_POINT('',(-2.52398533355,7.592294003546,
    1.811445841086E+03));
#5223 = CARTESIAN_POINT('',(-2.442802757319,7.618830059647,
    1.811563275726E+03));
#5224 = CARTESIAN_POINT('',(-2.354027156492,7.6464814291,
    1.811677393205E+03));
#5225 = CARTESIAN_POINT('',(-2.158805558559,7.703904431162,
    1.811900452853E+03));
#5226 = CARTESIAN_POINT('',(-2.051928373464,7.733732576865,
    1.812009307653E+03));
#5227 = CARTESIAN_POINT('',(-1.936711321369,7.763950437999,
    1.812113654071E+03));
#5228 = CARTESIAN_POINT('',(-1.812999206673,7.79409040491,
    1.81221280809E+03));
#5229 = CARTESIAN_POINT('',(-1.680666149793,7.823615347123,
    1.812305974236E+03));
#5230 = CARTESIAN_POINT('',(-1.539638330372,7.851918698744,
    1.812392229082E+03));
#5231 = CARTESIAN_POINT('',(-1.291095307451,7.895767416107,
    1.812522167963E+03));
#5232 = CARTESIAN_POINT('',(-1.188414790614,7.912391390097,
    1.812570392368E+03));
#5233 = CARTESIAN_POINT('',(-1.082079677089,7.927973204697,
    1.812614749567E+03));
#5234 = CARTESIAN_POINT('',(-0.972319586097,7.942285650112,
    1.812654844794E+03));
#5235 = CARTESIAN_POINT('',(-0.859391453972,7.955112147123,
    1.812690312707E+03));
#5236 = CARTESIAN_POINT('',(-0.743579025325,7.966253307625,
    1.812720815464E+03));
#5237 = CARTESIAN_POINT('',(-0.450249211079,7.989247074036,
    1.812783316917E+03));
#5238 = CARTESIAN_POINT('',(-0.269771190316,7.998890078435,
    1.812809050762E+03));
#5239 = CARTESIAN_POINT('',(-8.591689516844E-02,8.003812798594,
    1.812822011987E+03));
#5240 = CARTESIAN_POINT('',(9.903721470228E-02,8.003658175732,
    1.812821604758E+03));
#5241 = CARTESIAN_POINT('',(0.282776333844,7.99843353792,
    1.812807841267E+03));
#5242 = CARTESIAN_POINT('',(0.463026771687,7.988509829486,
    1.812781341876E+03));
#5243 = CARTESIAN_POINT('',(0.754234936771,7.96522517194,
    1.812717999711E+03));
#5244 = CARTESIAN_POINT('',(0.868298178907,7.954103108875,
    1.812687522362E+03));
#5245 = CARTESIAN_POINT('',(0.979531186008,7.941352518146,
    1.81265223207E+03));
#5246 = CARTESIAN_POINT('',(1.087665007396,7.92716572847,
    1.812612454695E+03));
#5247 = CARTESIAN_POINT('',(1.19245610323,7.911750919513,
    1.812568541502E+03));
#5248 = CARTESIAN_POINT('',(1.293686792363,7.895326017512,
    1.812520870963E+03));
#5249 = CARTESIAN_POINT('',(1.474159887389,7.863456965538,
    1.812426411438E+03));
#5250 = CARTESIAN_POINT('',(1.554507403844,7.848216842722,
    1.812380505993E+03));
#5251 = CARTESIAN_POINT('',(1.632196964669,7.83250678557,
    1.812332317681E+03));
#5252 = CARTESIAN_POINT('',(1.70722418709,7.816436517718,
    1.81228201936E+03));
#5253 = CARTESIAN_POINT('',(1.779591327665,7.800110284684,
    1.812229773487E+03));
#5254 = CARTESIAN_POINT('',(1.8493070195,7.783626215245,
    1.812175732342E+03));
#5255 = CARTESIAN_POINT('',(2.233832203403,7.688751552913,
    1.81185647015E+03));
#5256 = CARTESIAN_POINT('',(2.493533437398,7.608616279319,
    1.811554797193E+03));
#5257 = CARTESIAN_POINT('',(2.697568465146,7.535997114819,
    1.811228369345E+03));
#5258 = CARTESIAN_POINT('',(2.848811521356,7.47735788745,
    1.810885517067E+03));
#5259 = CARTESIAN_POINT('',(2.94929877247,7.436707919528,
    1.810532249494E+03));
#5260 = CARTESIAN_POINT('',(3.,7.416198487096,1.810172980912E+03));
#5261 = CARTESIAN_POINT('',(3.,7.416198487096,1.809811908116E+03));
#5262 = PCURVE('',#4644,#5263);
#5263 = DEFINITIONAL_REPRESENTATION('',(#5264),#5369);
#5264 = B_SPLINE_CURVE_WITH_KNOTS('',7,(#5265,#5266,#5267,#5268,#5269,
    #5270,#5271,#5272,#5273,#5274,#5275,#5276,#5277,#5278,#5279,#5280,
    #5281,#5282,#5283,#5284,#5285,#5286,#5287,#5288,#5289,#5290,#5291,
    #5292,#5293,#5294,#5295,#5296,#5297,#5298,#5299,#5300,#5301,#5302,
    #5303,#5304,#5305,#5306,#5307,#5308,#5309,#5310,#5311,#5312,#5313,
    #5314,#5315,#5316,#5317,#5318,#5319,#5320,#5321,#5322,#5323,#5324,
    #5325,#5326,#5327,#5328,#5329,#5330,#5331,#5332,#5333,#5334,#5335,
    #5336,#5337,#5338,#5339,#5340,#5341,#5342,#5343,#5344,#5345,#5346,
    #5347,#5348,#5349,#5350,#5351,#5352,#5353,#5354,#5355,#5356,#5357,
    #5358,#5359,#5360,#5361,#5362,#5363,#5364,#5365,#5366,#5367,#5368),
  .UNSPECIFIED.,.F.,.F.,(8,6,6,6,6,6,6,6,6,6,6,6,6,6,6,6,6,8),(0.,
    0.126241708406,0.184027464596,0.222169790337,0.278533714943,
    0.316172233028,0.348217916398,0.396201480854,0.429802212188,
    0.499818242755,0.570042075513,0.626526682238,0.684288212758,
    0.722414547994,0.778754843007,0.816377581792,0.848409830557,1.),
  .UNSPECIFIED.);
#5265 = CARTESIAN_POINT('',(0.,31.416198487096));
#5266 = CARTESIAN_POINT('',(9.992418013815E-02,31.416198487096));
#5267 = CARTESIAN_POINT('',(0.19959195848,31.43033504929));
#5268 = CARTESIAN_POINT('',(0.299741167037,31.458478909458));
#5269 = CARTESIAN_POINT('',(0.401025889833,31.499568183303));
#5270 = CARTESIAN_POINT('',(0.504141203798,31.551586302826));
#5271 = CARTESIAN_POINT('',(0.60980597728,31.611446344337));
#5272 = CARTESIAN_POINT('',(0.768898895578,31.703904431162));
#5273 = CARTESIAN_POINT('',(0.819666158629,31.733732576865));
#5274 = CARTESIAN_POINT('',(0.871336905747,31.763950437999));
#5275 = CARTESIAN_POINT('',(0.924007383225,31.79409040491));
#5276 = CARTESIAN_POINT('',(0.97777824392,31.823615347123));
#5277 = CARTESIAN_POINT('',(1.032758611052,31.851918698744));
#5278 = CARTESIAN_POINT('',(1.126245239456,31.895767416107));
#5279 = CARTESIAN_POINT('',(1.164024529929,31.912391390097));
#5280 = CARTESIAN_POINT('',(1.20237012982,31.927973204697));
#5281 = CARTESIAN_POINT('',(1.241249321682,31.942285650112));
#5282 = CARTESIAN_POINT('',(1.280636581719,31.955112147123));
#5283 = CARTESIAN_POINT('',(1.32051208005,31.966253307625));
#5284 = CARTESIAN_POINT('',(1.420483637954,31.989247074036));
#5285 = CARTESIAN_POINT('',(1.481109697242,31.998890078435));
#5286 = CARTESIAN_POINT('',(1.542295671607,32.003812798594));
#5287 = CARTESIAN_POINT('',(1.603655881435,32.003658175732));
#5288 = CARTESIAN_POINT('',(1.664823335927,31.99843353792));
#5289 = CARTESIAN_POINT('',(1.725411363185,31.988509829486));
#5290 = CARTESIAN_POINT('',(1.824750527036,31.965225171938));
#5291 = CARTESIAN_POINT('',(1.864062181417,31.954103108874));
#5292 = CARTESIAN_POINT('',(1.902895649362,31.941352518148));
#5293 = CARTESIAN_POINT('',(1.941232396242,31.927165728473));
#5294 = CARTESIAN_POINT('',(1.979048490115,31.911750919514));
#5295 = CARTESIAN_POINT('',(2.016313236065,31.895326017508));
#5296 = CARTESIAN_POINT('',(2.084212785934,31.863456965539));
#5297 = CARTESIAN_POINT('',(2.115037370698,31.848216842722));
#5298 = CARTESIAN_POINT('',(2.145479550802,31.832506785569));
#5299 = CARTESIAN_POINT('',(2.175555367167,31.816436517717));
#5300 = CARTESIAN_POINT('',(2.205279484229,31.800110284684));
#5301 = CARTESIAN_POINT('',(2.23466575851,31.783626215246));
#5302 = CARTESIAN_POINT('',(2.307243829903,31.742293763528));
#5303 = CARTESIAN_POINT('',(2.350045690887,31.71735553591));
#5304 = CARTESIAN_POINT('',(2.392201517779,31.692554690291));
#5305 = CARTESIAN_POINT('',(2.433775592958,31.66815155546));
#5306 = CARTESIAN_POINT('',(2.474829559094,31.644376368292));
#5307 = CARTESIAN_POINT('',(2.515423624703,31.621432543362));
#5308 = CARTESIAN_POINT('',(2.58376392106,31.584141528995));
#5309 = CARTESIAN_POINT('',(2.611713402194,31.569279297262));
#5310 = CARTESIAN_POINT('',(2.639483813543,31.554976665557));
#5311 = CARTESIAN_POINT('',(2.667091775516,31.541291668235));
#5312 = CARTESIAN_POINT('',(2.694553360051,31.528277100338));
#5313 = CARTESIAN_POINT('',(2.721884522172,31.515980662122));
#5314 = CARTESIAN_POINT('',(2.80581538521,31.480407709561));
#5315 = CARTESIAN_POINT('',(2.862046702804,31.459668519243));
#5316 = CARTESIAN_POINT('',(2.917900500956,31.442635210949));
#5317 = CARTESIAN_POINT('',(2.973476198426,31.429615063738));
#5318 = CARTESIAN_POINT('',(3.028870273395,31.420814993231));
#5319 = CARTESIAN_POINT('',(3.084178920759,31.416341587423));
#5320 = CARTESIAN_POINT('',(3.194986688895,31.416060280747));
#5321 = CARTESIAN_POINT('',(3.250455020923,31.420278211813));
#5322 = CARTESIAN_POINT('',(3.306004813072,31.42885320484));
#5323 = CARTESIAN_POINT('',(3.361732765298,31.441681845006));
#5324 = CARTESIAN_POINT('',(3.417735843336,31.458559044792));
#5325 = CARTESIAN_POINT('',(3.474113952079,31.479178055239));
#5326 = CARTESIAN_POINT('',(3.576706923756,31.522396630639));
#5327 = CARTESIAN_POINT('',(3.622752201424,31.543819568347));
#5328 = CARTESIAN_POINT('',(3.669189818195,31.567197767151));
#5329 = CARTESIAN_POINT('',(3.716101253991,31.592294003546));
#5330 = CARTESIAN_POINT('',(3.763570024036,31.618830059647));
#5331 = CARTESIAN_POINT('',(3.811683610467,31.6464814291));
#5332 = CARTESIAN_POINT('',(3.910491549168,31.703904431162));
#5333 = CARTESIAN_POINT('',(3.961258812219,31.733732576865));
#5334 = CARTESIAN_POINT('',(4.012929559337,31.763950437999));
#5335 = CARTESIAN_POINT('',(4.065600036814,31.79409040491));
#5336 = CARTESIAN_POINT('',(4.11937089751,31.823615347123));
#5337 = CARTESIAN_POINT('',(4.174351264642,31.851918698744));
#5338 = CARTESIAN_POINT('',(4.267837893045,31.895767416107));
#5339 = CARTESIAN_POINT('',(4.305617183518,31.912391390097));
#5340 = CARTESIAN_POINT('',(4.34396278341,31.927973204697));
#5341 = CARTESIAN_POINT('',(4.382841975272,31.942285650112));
#5342 = CARTESIAN_POINT('',(4.422229235309,31.955112147123));
#5343 = CARTESIAN_POINT('',(4.46210473364,31.966253307625));
#5344 = CARTESIAN_POINT('',(4.562076291544,31.989247074036));
#5345 = CARTESIAN_POINT('',(4.622702350832,31.998890078435));
#5346 = CARTESIAN_POINT('',(4.683888325196,32.003812798594));
#5347 = CARTESIAN_POINT('',(4.745248535025,32.003658175732));
#5348 = CARTESIAN_POINT('',(4.806415989516,31.99843353792));
#5349 = CARTESIAN_POINT('',(4.867004016775,31.988509829486));
#5350 = CARTESIAN_POINT('',(4.966343180617,31.96522517194));
#5351 = CARTESIAN_POINT('',(5.005654835006,31.954103108875));
#5352 = CARTESIAN_POINT('',(5.044488302959,31.941352518146));
#5353 = CARTESIAN_POINT('',(5.082825049839,31.92716572847));
#5354 = CARTESIAN_POINT('',(5.120641143705,31.911750919513));
#5355 = CARTESIAN_POINT('',(5.157905889647,31.895326017512));
#5356 = CARTESIAN_POINT('',(5.225805439526,31.863456965538));
#5357 = CARTESIAN_POINT('',(5.256630024288,31.848216842722));
#5358 = CARTESIAN_POINT('',(5.28707220439,31.83250678557));
#5359 = CARTESIAN_POINT('',(5.317148020755,31.816436517718));
#5360 = CARTESIAN_POINT('',(5.346872137819,31.800110284684));
#5361 = CARTESIAN_POINT('',(5.376258412102,31.783626215245));
#5362 = CARTESIAN_POINT('',(5.542854385241,31.688751552913));
#5363 = CARTESIAN_POINT('',(5.673693703893,31.608616279319));
#5364 = CARTESIAN_POINT('',(5.799771204188,31.535997114819));
#5365 = CARTESIAN_POINT('',(5.922466438929,31.47735788745));
#5366 = CARTESIAN_POINT('',(6.043071923052,31.436707919528));
#5367 = CARTESIAN_POINT('',(6.162827708693,31.416198487096));
#5368 = CARTESIAN_POINT('',(6.28318530718,31.416198487096));
#5369 = ( GEOMETRIC_REPRESENTATION_CONTEXT(2) 
PARAMETRIC_REPRESENTATION_CONTEXT() REPRESENTATION_CONTEXT('2D SPACE',''
  ) );
#5370 = PCURVE('',#4734,#5371);
#5371 = DEFINITIONAL_REPRESENTATION('',(#5372),#5477);
#5372 = B_SPLINE_CURVE_WITH_KNOTS('',7,(#5373,#5374,#5375,#5376,#5377,
    #5378,#5379,#5380,#5381,#5382,#5383,#5384,#5385,#5386,#5387,#5388,
    #5389,#5390,#5391,#5392,#5393,#5394,#5395,#5396,#5397,#5398,#5399,
    #5400,#5401,#5402,#5403,#5404,#5405,#5406,#5407,#5408,#5409,#5410,
    #5411,#5412,#5413,#5414,#5415,#5416,#5417,#5418,#5419,#5420,#5421,
    #5422,#5423,#5424,#5425,#5426,#5427,#5428,#5429,#5430,#5431,#5432,
    #5433,#5434,#5435,#5436,#5437,#5438,#5439,#5440,#5441,#5442,#5443,
    #5444,#5445,#5446,#5447,#5448,#5449,#5450,#5451,#5452,#5453,#5454,
    #5455,#5456,#5457,#5458,#5459,#5460,#5461,#5462,#5463,#5464,#5465,
    #5466,#5467,#5468,#5469,#5470,#5471,#5472,#5473,#5474,#5475,#5476),
  .UNSPECIFIED.,.T.,.F.,(8,6,6,6,6,6,6,6,6,6,6,6,6,6,6,6,6,8),(0.,
    0.126241708406,0.184027464596,0.222169790337,0.278533714943,
    0.316172233028,0.348217916398,0.396201480854,0.429802212188,
    0.499818242755,0.570042075513,0.626526682238,0.684288212758,
    0.722414547994,0.778754843007,0.816377581792,0.848409830557,1.),
  .UNSPECIFIED.);
#5373 = CARTESIAN_POINT('',(1.186399552299,10.));
#5374 = CARTESIAN_POINT('',(1.186399552299,9.700227459586));
#5375 = CARTESIAN_POINT('',(1.191111711875,9.401223724568));
#5376 = CARTESIAN_POINT('',(1.200493151367,9.105666786058));
#5377 = CARTESIAN_POINT('',(1.214534934038,8.816363013551));
#5378 = CARTESIAN_POINT('',(1.233241229628,8.536602194491));
#5379 = CARTESIAN_POINT('',(1.25662640728,8.270608695482));
#5380 = CARTESIAN_POINT('',(1.297582237111,7.911455263264));
#5381 = CARTESIAN_POINT('',(1.31145107812,7.802600463891));
#5382 = CARTESIAN_POINT('',(1.326337265701,7.698254045868));
#5383 = CARTESIAN_POINT('',(1.342248815664,7.599100026744));
#5384 = CARTESIAN_POINT('',(1.359191300874,7.50593388013));
#5385 = CARTESIAN_POINT('',(1.377166352593,7.41967903476));
#5386 = CARTESIAN_POINT('',(1.408714020954,7.289740153091));
#5387 = CARTESIAN_POINT('',(1.421714926896,7.241515748106));
#5388 = CARTESIAN_POINT('',(1.435146267507,7.197158549073));
#5389 = CARTESIAN_POINT('',(1.448979177595,7.157063322755));
#5390 = CARTESIAN_POINT('',(1.463182685248,7.121595409391));
#5391 = CARTESIAN_POINT('',(1.477723786181,7.091092652502));
#5392 = CARTESIAN_POINT('',(1.514502493765,7.028591199863));
#5393 = CARTESIAN_POINT('',(1.537087487774,7.002857354117));
#5394 = CARTESIAN_POINT('',(1.560064184798,6.989896128982));
#5395 = CARTESIAN_POINT('',(1.583167727403,6.990303358361));
#5396 = CARTESIAN_POINT('',(1.606131116036,7.004066849236));
#5397 = CARTESIAN_POINT('',(1.62868964603,7.030566240336));
#5398 = CARTESIAN_POINT('',(1.665206844611,7.093908405158));
#5399 = CARTESIAN_POINT('',(1.679530187141,7.124385754752));
#5400 = CARTESIAN_POINT('',(1.693522239094,7.159676046135));
#5401 = CARTESIAN_POINT('',(1.707151687402,7.199453421677));
#5402 = CARTESIAN_POINT('',(1.720389146301,7.243366614869));
#5403 = CARTESIAN_POINT('',(1.733207227616,7.291037153646));
#5404 = CARTESIAN_POINT('',(1.756115391586,7.385496678482));
#5405 = CARTESIAN_POINT('',(1.7663370839,7.431402123894));
#5406 = CARTESIAN_POINT('',(1.776243718858,7.479590434999));
#5407 = CARTESIAN_POINT('',(1.785833769804,7.52988875675));
#5408 = CARTESIAN_POINT('',(1.795106203311,7.582134629409));
#5409 = CARTESIAN_POINT('',(1.80406052993,7.636175773942));
#5410 = CARTESIAN_POINT('',(1.825628445534,7.775263374552));
#5411 = CARTESIAN_POINT('',(1.837850840126,7.862387334846));
#5412 = CARTESIAN_POINT('',(1.849370574955,7.952813766679));
#5413 = CARTESIAN_POINT('',(1.860194595355,8.046175593747));
#5414 = CARTESIAN_POINT('',(1.870329728066,8.142159412689));
#5415 = CARTESIAN_POINT('',(1.879782153559,8.240498250707));
#5416 = CARTESIAN_POINT('',(1.894701423337,8.411316193625));
#5417 = CARTESIAN_POINT('',(1.900513537365,8.482709798037));
#5418 = CARTESIAN_POINT('',(1.905994300308,8.555059654287));
#5419 = CARTESIAN_POINT('',(1.911144539791,8.628286441214));
#5420 = CARTESIAN_POINT('',(1.915964866438,8.702316928521));
#5421 = CARTESIAN_POINT('',(1.920455709133,8.777083906662));
#5422 = CARTESIAN_POINT('',(1.933289232732,9.00972995949));
#5423 = CARTESIAN_POINT('',(1.940533717817,9.169901986364));
#5424 = CARTESIAN_POINT('',(1.946345497257,9.332376457518));
#5425 = CARTESIAN_POINT('',(1.950720163598,9.496548600227));
#5426 = CARTESIAN_POINT('',(1.953654271839,9.661855862921));
#5427 = CARTESIAN_POINT('',(1.955145401078,9.827759169235));
#5428 = CARTESIAN_POINT('',(1.955239170175,10.160181746263));
#5429 = CARTESIAN_POINT('',(1.953833198541,10.32660905384));
#5430 = CARTESIAN_POINT('',(1.950975528096,10.492465917109));
#5431 = CARTESIAN_POINT('',(1.946668537643,10.657208074646));
#5432 = CARTESIAN_POINT('',(1.940915691539,10.820268235052));
#5433 = CARTESIAN_POINT('',(1.933721473285,10.981037130714));
#5434 = CARTESIAN_POINT('',(1.918149646402,11.265777136821));
#5435 = CARTESIAN_POINT('',(1.910278915665,11.390793999739));
#5436 = CARTESIAN_POINT('',(1.901477881148,11.513618286044));
#5437 = CARTESIAN_POINT('',(1.891742858718,11.633932969636));
#5438 = CARTESIAN_POINT('',(1.881068218821,11.751367609895));
#5439 = CARTESIAN_POINT('',(1.869446879438,11.865485088987));
#5440 = CARTESIAN_POINT('',(1.844010416479,12.088544736736));
#5441 = CARTESIAN_POINT('',(1.83014157547,12.197399536109));
#5442 = CARTESIAN_POINT('',(1.815255387889,12.301745954132));
#5443 = CARTESIAN_POINT('',(1.799343837926,12.400899973256));
#5444 = CARTESIAN_POINT('',(1.782401352716,12.49406611987));
#5445 = CARTESIAN_POINT('',(1.764426300997,12.58032096524));
#5446 = CARTESIAN_POINT('',(1.732878632636,12.710259846909));
#5447 = CARTESIAN_POINT('',(1.719877726694,12.758484251894));
#5448 = CARTESIAN_POINT('',(1.706446386083,12.802841450927));
#5449 = CARTESIAN_POINT('',(1.692613475994,12.842936677245));
#5450 = CARTESIAN_POINT('',(1.678409968342,12.878404590609));
#5451 = CARTESIAN_POINT('',(1.663868867409,12.908907347498));
#5452 = CARTESIAN_POINT('',(1.627090159825,12.971408800137));
#5453 = CARTESIAN_POINT('',(1.604505165816,12.997142645883));
#5454 = CARTESIAN_POINT('',(1.581528468791,13.010103871018));
#5455 = CARTESIAN_POINT('',(1.558424926187,13.009696641639));
#5456 = CARTESIAN_POINT('',(1.535461537554,12.995933150764));
#5457 = CARTESIAN_POINT('',(1.51290300756,12.969433759664));
#5458 = CARTESIAN_POINT('',(1.476385808982,12.906091594848));
#5459 = CARTESIAN_POINT('',(1.462062466449,12.875614245251));
#5460 = CARTESIAN_POINT('',(1.448070414493,12.84032395386));
#5461 = CARTESIAN_POINT('',(1.434440966186,12.800546578314));
#5462 = CARTESIAN_POINT('',(1.42120350729,12.756633385129));
#5463 = CARTESIAN_POINT('',(1.408385425976,12.708962846365));
#5464 = CARTESIAN_POINT('',(1.385477262003,12.614503321515));
#5465 = CARTESIAN_POINT('',(1.37525556969,12.568597876105));
#5466 = CARTESIAN_POINT('',(1.365348934733,12.520409565003));
#5467 = CARTESIAN_POINT('',(1.355758883787,12.470111243253));
#5468 = CARTESIAN_POINT('',(1.346486450279,12.417865370591));
#5469 = CARTESIAN_POINT('',(1.337532123659,12.363824226055));
#5470 = CARTESIAN_POINT('',(1.288025050521,12.044562033899));
#5471 = CARTESIAN_POINT('',(1.254108037176,11.74288907664));
#5472 = CARTESIAN_POINT('',(1.22706019915,11.416461228962));
#5473 = CARTESIAN_POINT('',(1.206785848282,11.07360895015));
#5474 = CARTESIAN_POINT('',(1.193236093654,10.720341377219));
#5475 = CARTESIAN_POINT('',(1.186399552299,10.361072795459));
#5476 = CARTESIAN_POINT('',(1.186399552299,10.));
#5477 = ( GEOMETRIC_REPRESENTATION_CONTEXT(2) 
PARAMETRIC_REPRESENTATION_CONTEXT() REPRESENTATION_CONTEXT('2D SPACE',''
  ) );
#5478 = ORIENTED_EDGE('',*,*,#5132,.T.);
#5479 = ADVANCED_FACE('',(#5480,#5506,#5509),#4734,.F.);
#5480 = FACE_BOUND('',#5481,.F.);
#5481 = EDGE_LOOP('',(#5482,#5503,#5504,#5505));
#5482 = ORIENTED_EDGE('',*,*,#5483,.T.);
#5483 = EDGE_CURVE('',#4718,#4753,#5484,.T.);
#5484 = SEAM_CURVE('',#5485,(#5489,#5496),.PCURVE_S1.);
#5485 = LINE('',#5486,#5487);
#5486 = CARTESIAN_POINT('',(8.,-1.959434878636E-15,1.799811908116E+03));
#5487 = VECTOR('',#5488,1.);
#5488 = DIRECTION('',(0.,0.,1.));
#5489 = PCURVE('',#4734,#5490);
#5490 = DEFINITIONAL_REPRESENTATION('',(#5491),#5495);
#5491 = LINE('',#5492,#5493);
#5492 = CARTESIAN_POINT('',(6.28318530718,-0.));
#5493 = VECTOR('',#5494,1.);
#5494 = DIRECTION('',(0.,1.));
#5495 = ( GEOMETRIC_REPRESENTATION_CONTEXT(2) 
PARAMETRIC_REPRESENTATION_CONTEXT() REPRESENTATION_CONTEXT('2D SPACE',''
  ) );
#5496 = PCURVE('',#4734,#5497);
#5497 = DEFINITIONAL_REPRESENTATION('',(#5498),#5502);
#5498 = LINE('',#5499,#5500);
#5499 = CARTESIAN_POINT('',(0.,-0.));
#5500 = VECTOR('',#5501,1.);
#5501 = DIRECTION('',(0.,1.));
#5502 = ( GEOMETRIC_REPRESENTATION_CONTEXT(2) 
PARAMETRIC_REPRESENTATION_CONTEXT() REPRESENTATION_CONTEXT('2D SPACE',''
  ) );
#5503 = ORIENTED_EDGE('',*,*,#4752,.F.);
#5504 = ORIENTED_EDGE('',*,*,#5483,.F.);
#5505 = ORIENTED_EDGE('',*,*,#4717,.T.);
#5506 = FACE_BOUND('',#5507,.F.);
#5507 = EDGE_LOOP('',(#5508));
#5508 = ORIENTED_EDGE('',*,*,#4779,.T.);
#5509 = FACE_BOUND('',#5510,.F.);
#5510 = EDGE_LOOP('',(#5511));
#5511 = ORIENTED_EDGE('',*,*,#5155,.F.);
#5512 = ( GEOMETRIC_REPRESENTATION_CONTEXT(3) 
GLOBAL_UNCERTAINTY_ASSIGNED_CONTEXT((#5516)) 
GLOBAL_UNIT_ASSIGNED_CONTEXT((#5513,#5514,#5515)) REPRESENTATION_CONTEXT
('Context #1','3D Context with UNIT and UNCERTAINTY') );
#5513 = ( LENGTH_UNIT() NAMED_UNIT(*) SI_UNIT(.MILLI.,.METRE.) );
#5514 = ( NAMED_UNIT(*) PLANE_ANGLE_UNIT() SI_UNIT($,.RADIAN.) );
#5515 = ( NAMED_UNIT(*) SI_UNIT($,.STERADIAN.) SOLID_ANGLE_UNIT() );
#5516 = UNCERTAINTY_MEASURE_WITH_UNIT(LENGTH_MEASURE(1.E-07),#5513,
  'distance_accuracy_value','confusion accuracy');
#5517 = CONTEXT_DEPENDENT_SHAPE_REPRESENTATION(#5518,#5520);
#5518 = ( REPRESENTATION_RELATIONSHIP('','',#4229,#4190) 
REPRESENTATION_RELATIONSHIP_WITH_TRANSFORMATION(#5519) 
SHAPE_REPRESENTATION_RELATIONSHIP() );
#5519 = ITEM_DEFINED_TRANSFORMATION('','',#11,#4191);
#5520 = PRODUCT_DEFINITION_SHAPE('Placement','Placement of an item',
  #5521);
#5521 = NEXT_ASSEMBLY_USAGE_OCCURRENCE('50','=>[0:1:1:7]','',#4185,#4224
  ,$);
#5522 = PRODUCT_RELATED_PRODUCT_CATEGORY('part',$,(#4226));
#5523 = SHAPE_DEFINITION_REPRESENTATION(#5524,#5530);
#5524 = PRODUCT_DEFINITION_SHAPE('','',#5525);
#5525 = PRODUCT_DEFINITION('design','',#5526,#5529);
#5526 = PRODUCT_DEFINITION_FORMATION('','',#5527);
#5527 = PRODUCT('COMPOUND','COMPOUND','',(#5528));
#5528 = PRODUCT_CONTEXT('',#2,'mechanical');
#5529 = PRODUCT_DEFINITION_CONTEXT('part definition',#2,'design');
#5530 = ADVANCED_BREP_SHAPE_REPRESENTATION('',(#11,#5531),#5629);
#5531 = MANIFOLD_SOLID_BREP('',#5532);
#5532 = CLOSED_SHELL('',(#5533,#5621,#5625));
#5533 = ADVANCED_FACE('',(#5534),#5547,.T.);
#5534 = FACE_BOUND('',#5535,.T.);
#5535 = EDGE_LOOP('',(#5536,#5570,#5593,#5620));
#5536 = ORIENTED_EDGE('',*,*,#5537,.F.);
#5537 = EDGE_CURVE('',#5538,#5538,#5540,.T.);
#5538 = VERTEX_POINT('',#5539);
#5539 = CARTESIAN_POINT('',(3.,-7.347880794884E-16,40.));
#5540 = SURFACE_CURVE('',#5541,(#5546,#5558),.PCURVE_S1.);
#5541 = CIRCLE('',#5542,3.);
#5542 = AXIS2_PLACEMENT_3D('',#5543,#5544,#5545);
#5543 = CARTESIAN_POINT('',(0.,0.,40.));
#5544 = DIRECTION('',(0.,0.,1.));
#5545 = DIRECTION('',(1.,0.,-0.));
#5546 = PCURVE('',#5547,#5552);
#5547 = CYLINDRICAL_SURFACE('',#5548,3.);
#5548 = AXIS2_PLACEMENT_3D('',#5549,#5550,#5551);
#5549 = CARTESIAN_POINT('',(0.,0.,0.));
#5550 = DIRECTION('',(0.,0.,1.));
#5551 = DIRECTION('',(1.,0.,-0.));
#5552 = DEFINITIONAL_REPRESENTATION('',(#5553),#5557);
#5553 = LINE('',#5554,#5555);
#5554 = CARTESIAN_POINT('',(0.,40.));
#5555 = VECTOR('',#5556,1.);
#5556 = DIRECTION('',(1.,0.));
#5557 = ( GEOMETRIC_REPRESENTATION_CONTEXT(2) 
PARAMETRIC_REPRESENTATION_CONTEXT() REPRESENTATION_CONTEXT('2D SPACE',''
  ) );
#5558 = PCURVE('',#5559,#5564);
#5559 = PLANE('',#5560);
#5560 = AXIS2_PLACEMENT_3D('',#5561,#5562,#5563);
#5561 = CARTESIAN_POINT('',(0.,0.,40.));
#5562 = DIRECTION('',(0.,0.,1.));
#5563 = DIRECTION('',(1.,0.,-0.));
#5564 = DEFINITIONAL_REPRESENTATION('',(#5565),#5569);
#5565 = CIRCLE('',#5566,3.);
#5566 = AXIS2_PLACEMENT_2D('',#5567,#5568);
#5567 = CARTESIAN_POINT('',(0.,0.));
#5568 = DIRECTION('',(1.,0.));
#5569 = ( GEOMETRIC_REPRESENTATION_CONTEXT(2) 
PARAMETRIC_REPRESENTATION_CONTEXT() REPRESENTATION_CONTEXT('2D SPACE',''
  ) );
#5570 = ORIENTED_EDGE('',*,*,#5571,.F.);
#5571 = EDGE_CURVE('',#5572,#5538,#5574,.T.);
#5572 = VERTEX_POINT('',#5573);
#5573 = CARTESIAN_POINT('',(3.,-7.347880794884E-16,0.));
#5574 = SEAM_CURVE('',#5575,(#5579,#5586),.PCURVE_S1.);
#5575 = LINE('',#5576,#5577);
#5576 = CARTESIAN_POINT('',(3.,-7.347880794884E-16,0.));
#5577 = VECTOR('',#5578,1.);
#5578 = DIRECTION('',(0.,0.,1.));
#5579 = PCURVE('',#5547,#5580);
#5580 = DEFINITIONAL_REPRESENTATION('',(#5581),#5585);
#5581 = LINE('',#5582,#5583);
#5582 = CARTESIAN_POINT('',(6.28318530718,-0.));
#5583 = VECTOR('',#5584,1.);
#5584 = DIRECTION('',(0.,1.));
#5585 = ( GEOMETRIC_REPRESENTATION_CONTEXT(2) 
PARAMETRIC_REPRESENTATION_CONTEXT() REPRESENTATION_CONTEXT('2D SPACE',''
  ) );
#5586 = PCURVE('',#5547,#5587);
#5587 = DEFINITIONAL_REPRESENTATION('',(#5588),#5592);
#5588 = LINE('',#5589,#5590);
#5589 = CARTESIAN_POINT('',(0.,-0.));
#5590 = VECTOR('',#5591,1.);
#5591 = DIRECTION('',(0.,1.));
#5592 = ( GEOMETRIC_REPRESENTATION_CONTEXT(2) 
PARAMETRIC_REPRESENTATION_CONTEXT() REPRESENTATION_CONTEXT('2D SPACE',''
  ) );
#5593 = ORIENTED_EDGE('',*,*,#5594,.T.);
#5594 = EDGE_CURVE('',#5572,#5572,#5595,.T.);
#5595 = SURFACE_CURVE('',#5596,(#5601,#5608),.PCURVE_S1.);
#5596 = CIRCLE('',#5597,3.);
#5597 = AXIS2_PLACEMENT_3D('',#5598,#5599,#5600);
#5598 = CARTESIAN_POINT('',(0.,0.,0.));
#5599 = DIRECTION('',(0.,0.,1.));
#5600 = DIRECTION('',(1.,0.,-0.));
#5601 = PCURVE('',#5547,#5602);
#5602 = DEFINITIONAL_REPRESENTATION('',(#5603),#5607);
#5603 = LINE('',#5604,#5605);
#5604 = CARTESIAN_POINT('',(0.,0.));
#5605 = VECTOR('',#5606,1.);
#5606 = DIRECTION('',(1.,0.));
#5607 = ( GEOMETRIC_REPRESENTATION_CONTEXT(2) 
PARAMETRIC_REPRESENTATION_CONTEXT() REPRESENTATION_CONTEXT('2D SPACE',''
  ) );
#5608 = PCURVE('',#5609,#5614);
#5609 = PLANE('',#5610);
#5610 = AXIS2_PLACEMENT_3D('',#5611,#5612,#5613);
#5611 = CARTESIAN_POINT('',(0.,0.,0.));
#5612 = DIRECTION('',(0.,0.,1.));
#5613 = DIRECTION('',(1.,0.,-0.));
#5614 = DEFINITIONAL_REPRESENTATION('',(#5615),#5619);
#5615 = CIRCLE('',#5616,3.);
#5616 = AXIS2_PLACEMENT_2D('',#5617,#5618);
#5617 = CARTESIAN_POINT('',(0.,0.));
#5618 = DIRECTION('',(1.,0.));
#5619 = ( GEOMETRIC_REPRESENTATION_CONTEXT(2) 
PARAMETRIC_REPRESENTATION_CONTEXT() REPRESENTATION_CONTEXT('2D SPACE',''
  ) );
#5620 = ORIENTED_EDGE('',*,*,#5571,.T.);
#5621 = ADVANCED_FACE('',(#5622),#5559,.T.);
#5622 = FACE_BOUND('',#5623,.T.);
#5623 = EDGE_LOOP('',(#5624));
#5624 = ORIENTED_EDGE('',*,*,#5537,.T.);
#5625 = ADVANCED_FACE('',(#5626),#5609,.F.);
#5626 = FACE_BOUND('',#5627,.T.);
#5627 = EDGE_LOOP('',(#5628));
#5628 = ORIENTED_EDGE('',*,*,#5594,.F.);
#5629 = ( GEOMETRIC_REPRESENTATION_CONTEXT(3) 
GLOBAL_UNCERTAINTY_ASSIGNED_CONTEXT((#5633)) 
GLOBAL_UNIT_ASSIGNED_CONTEXT((#5630,#5631,#5632)) REPRESENTATION_CONTEXT
('Context #1','3D Context with UNIT and UNCERTAINTY') );
#5630 = ( LENGTH_UNIT() NAMED_UNIT(*) SI_UNIT(.MILLI.,.METRE.) );
#5631 = ( NAMED_UNIT(*) PLANE_ANGLE_UNIT() SI_UNIT($,.RADIAN.) );
#5632 = ( NAMED_UNIT(*) SI_UNIT($,.STERADIAN.) SOLID_ANGLE_UNIT() );
#5633 = UNCERTAINTY_MEASURE_WITH_UNIT(LENGTH_MEASURE(1.E-07),#5630,
  'distance_accuracy_value','confusion accuracy');
#5634 = CONTEXT_DEPENDENT_SHAPE_REPRESENTATION(#5635,#5637);
#5635 = ( REPRESENTATION_RELATIONSHIP('','',#5530,#4190) 
REPRESENTATION_RELATIONSHIP_WITH_TRANSFORMATION(#5636) 
SHAPE_REPRESENTATION_RELATIONSHIP() );
#5636 = ITEM_DEFINED_TRANSFORMATION('','',#11,#4195);
#5637 = PRODUCT_DEFINITION_SHAPE('Placement','Placement of an item',
  #5638);
#5638 = NEXT_ASSEMBLY_USAGE_OCCURRENCE('51','=>[0:1:1:8]','',#4185,#5525
  ,$);
#5639 = PRODUCT_RELATED_PRODUCT_CATEGORY('part',$,(#5527));
#5640 = SHAPE_DEFINITION_REPRESENTATION(#5641,#5647);
#5641 = PRODUCT_DEFINITION_SHAPE('','',#5642);
#5642 = PRODUCT_DEFINITION('design','',#5643,#5646);
#5643 = PRODUCT_DEFINITION_FORMATION('','',#5644);
#5644 = PRODUCT('COMPOUND','COMPOUND','',(#5645));
#5645 = PRODUCT_CONTEXT('',#2,'mechanical');
#5646 = PRODUCT_DEFINITION_CONTEXT('part definition',#2,'design');
#5647 = ADVANCED_BREP_SHAPE_REPRESENTATION('',(#11,#5648),#7122);
#5648 = MANIFOLD_SOLID_BREP('',#5649);
#5649 = CLOSED_SHELL('',(#5650,#6392,#6427,#6457,#6773,#7089));
#5650 = ADVANCED_FACE('',(#5651,#5738,#6065),#5665,.T.);
#5651 = FACE_BOUND('',#5652,.T.);
#5652 = EDGE_LOOP('',(#5653,#5683,#5710,#5711));
#5653 = ORIENTED_EDGE('',*,*,#5654,.T.);
#5654 = EDGE_CURVE('',#5655,#5657,#5659,.T.);
#5655 = VERTEX_POINT('',#5656);
#5656 = CARTESIAN_POINT('',(13.,130.,1.852811908116E+03));
#5657 = VERTEX_POINT('',#5658);
#5658 = CARTESIAN_POINT('',(13.,-130.,1.852811908116E+03));
#5659 = SEAM_CURVE('',#5660,(#5664,#5676),.PCURVE_S1.);
#5660 = LINE('',#5661,#5662);
#5661 = CARTESIAN_POINT('',(13.,130.,1.852811908116E+03));
#5662 = VECTOR('',#5663,1.);
#5663 = DIRECTION('',(0.,-1.,2.22044604925E-16));
#5664 = PCURVE('',#5665,#5670);
#5665 = CYLINDRICAL_SURFACE('',#5666,13.);
#5666 = AXIS2_PLACEMENT_3D('',#5667,#5668,#5669);
#5667 = CARTESIAN_POINT('',(0.,130.,1.852811908116E+03));
#5668 = DIRECTION('',(0.,-1.,2.22044604925E-16));
#5669 = DIRECTION('',(1.,0.,0.));
#5670 = DEFINITIONAL_REPRESENTATION('',(#5671),#5675);
#5671 = LINE('',#5672,#5673);
#5672 = CARTESIAN_POINT('',(6.28318530718,-0.));
#5673 = VECTOR('',#5674,1.);
#5674 = DIRECTION('',(0.,1.));
#5675 = ( GEOMETRIC_REPRESENTATION_CONTEXT(2) 
PARAMETRIC_REPRESENTATION_CONTEXT() REPRESENTATION_CONTEXT('2D SPACE',''
  ) );
#5676 = PCURVE('',#5665,#5677);
#5677 = DEFINITIONAL_REPRESENTATION('',(#5678),#5682);
#5678 = LINE('',#5679,#5680);
#5679 = CARTESIAN_POINT('',(0.,-0.));
#5680 = VECTOR('',#5681,1.);
#5681 = DIRECTION('',(0.,1.));
#5682 = ( GEOMETRIC_REPRESENTATION_CONTEXT(2) 
PARAMETRIC_REPRESENTATION_CONTEXT() REPRESENTATION_CONTEXT('2D SPACE',''
  ) );
#5683 = ORIENTED_EDGE('',*,*,#5684,.F.);
#5684 = EDGE_CURVE('',#5657,#5657,#5685,.T.);
#5685 = SURFACE_CURVE('',#5686,(#5691,#5698),.PCURVE_S1.);
#5686 = CIRCLE('',#5687,13.);
#5687 = AXIS2_PLACEMENT_3D('',#5688,#5689,#5690);
#5688 = CARTESIAN_POINT('',(0.,-130.,1.852811908116E+03));
#5689 = DIRECTION('',(0.,-1.,2.22044604925E-16));
#5690 = DIRECTION('',(1.,0.,0.));
#5691 = PCURVE('',#5665,#5692);
#5692 = DEFINITIONAL_REPRESENTATION('',(#5693),#5697);
#5693 = LINE('',#5694,#5695);
#5694 = CARTESIAN_POINT('',(0.,260.));
#5695 = VECTOR('',#5696,1.);
#5696 = DIRECTION('',(1.,0.));
#5697 = ( GEOMETRIC_REPRESENTATION_CONTEXT(2) 
PARAMETRIC_REPRESENTATION_CONTEXT() REPRESENTATION_CONTEXT('2D SPACE',''
  ) );
#5698 = PCURVE('',#5699,#5704);
#5699 = PLANE('',#5700);
#5700 = AXIS2_PLACEMENT_3D('',#5701,#5702,#5703);
#5701 = CARTESIAN_POINT('',(0.,-130.,1.852811908116E+03));
#5702 = DIRECTION('',(0.,-1.,2.22044604925E-16));
#5703 = DIRECTION('',(1.,0.,0.));
#5704 = DEFINITIONAL_REPRESENTATION('',(#5705),#5709);
#5705 = CIRCLE('',#5706,13.);
#5706 = AXIS2_PLACEMENT_2D('',#5707,#5708);
#5707 = CARTESIAN_POINT('',(0.,0.));
#5708 = DIRECTION('',(1.,0.));
#5709 = ( GEOMETRIC_REPRESENTATION_CONTEXT(2) 
PARAMETRIC_REPRESENTATION_CONTEXT() REPRESENTATION_CONTEXT('2D SPACE',''
  ) );
#5710 = ORIENTED_EDGE('',*,*,#5654,.F.);
#5711 = ORIENTED_EDGE('',*,*,#5712,.T.);
#5712 = EDGE_CURVE('',#5655,#5655,#5713,.T.);
#5713 = SURFACE_CURVE('',#5714,(#5719,#5726),.PCURVE_S1.);
#5714 = CIRCLE('',#5715,13.);
#5715 = AXIS2_PLACEMENT_3D('',#5716,#5717,#5718);
#5716 = CARTESIAN_POINT('',(0.,130.,1.852811908116E+03));
#5717 = DIRECTION('',(0.,-1.,2.22044604925E-16));
#5718 = DIRECTION('',(1.,0.,0.));
#5719 = PCURVE('',#5665,#5720);
#5720 = DEFINITIONAL_REPRESENTATION('',(#5721),#5725);
#5721 = LINE('',#5722,#5723);
#5722 = CARTESIAN_POINT('',(0.,0.));
#5723 = VECTOR('',#5724,1.);
#5724 = DIRECTION('',(1.,0.));
#5725 = ( GEOMETRIC_REPRESENTATION_CONTEXT(2) 
PARAMETRIC_REPRESENTATION_CONTEXT() REPRESENTATION_CONTEXT('2D SPACE',''
  ) );
#5726 = PCURVE('',#5727,#5732);
#5727 = PLANE('',#5728);
#5728 = AXIS2_PLACEMENT_3D('',#5729,#5730,#5731);
#5729 = CARTESIAN_POINT('',(0.,130.,1.852811908116E+03));
#5730 = DIRECTION('',(0.,-1.,2.22044604925E-16));
#5731 = DIRECTION('',(1.,0.,0.));
#5732 = DEFINITIONAL_REPRESENTATION('',(#5733),#5737);
#5733 = CIRCLE('',#5734,13.);
#5734 = AXIS2_PLACEMENT_2D('',#5735,#5736);
#5735 = CARTESIAN_POINT('',(0.,0.));
#5736 = DIRECTION('',(1.,0.));
#5737 = ( GEOMETRIC_REPRESENTATION_CONTEXT(2) 
PARAMETRIC_REPRESENTATION_CONTEXT() REPRESENTATION_CONTEXT('2D SPACE',''
  ) );
#5738 = FACE_BOUND('',#5739,.T.);
#5739 = EDGE_LOOP('',(#5740));
#5740 = ORIENTED_EDGE('',*,*,#5741,.F.);
#5741 = EDGE_CURVE('',#5742,#5742,#5744,.T.);
#5742 = VERTEX_POINT('',#5743);
#5743 = CARTESIAN_POINT('',(8.,-1.959434878636E-15,1.863058858882E+03));
#5744 = SURFACE_CURVE('',#5745,(#5848,#5954),.PCURVE_S1.);
#5745 = B_SPLINE_CURVE_WITH_KNOTS('',6,(#5746,#5747,#5748,#5749,#5750,
    #5751,#5752,#5753,#5754,#5755,#5756,#5757,#5758,#5759,#5760,#5761,
    #5762,#5763,#5764,#5765,#5766,#5767,#5768,#5769,#5770,#5771,#5772,
    #5773,#5774,#5775,#5776,#5777,#5778,#5779,#5780,#5781,#5782,#5783,
    #5784,#5785,#5786,#5787,#5788,#5789,#5790,#5791,#5792,#5793,#5794,
    #5795,#5796,#5797,#5798,#5799,#5800,#5801,#5802,#5803,#5804,#5805,
    #5806,#5807,#5808,#5809,#5810,#5811,#5812,#5813,#5814,#5815,#5816,
    #5817,#5818,#5819,#5820,#5821,#5822,#5823,#5824,#5825,#5826,#5827,
    #5828,#5829,#5830,#5831,#5832,#5833,#5834,#5835,#5836,#5837,#5838,
    #5839,#5840,#5841,#5842,#5843,#5844,#5845,#5846,#5847),
  .UNSPECIFIED.,.T.,.F.,(7,5,5,5,5,5,5,5,5,5,5,5,5,5,5,5,5,5,5,5,7),(0.,
    5.047758758562E-02,0.10110614008,0.152746217589,0.197267336258,
    0.249335057165,0.304203207822,0.329634928043,0.398322737074,
    0.449299670999,0.499888428191,0.550756794992,0.601404525885,
    0.672828405516,0.717506284451,0.773831457454,0.804712702234,
    0.83004461141,0.89846284364,0.949239710056,1.),.UNSPECIFIED.);
#5746 = CARTESIAN_POINT('',(8.,-8.881784197001E-16,1.863058858882E+03));
#5747 = CARTESIAN_POINT('',(8.,0.37862103241,1.863058858882E+03));
#5748 = CARTESIAN_POINT('',(7.978497042615,0.756900363463,
    1.86307564666E+03));
#5749 = CARTESIAN_POINT('',(7.93556306365,1.133477026709,
    1.863109166136E+03));
#5750 = CARTESIAN_POINT('',(7.871355263286,1.506954533596,
    1.86315874963E+03));
#5751 = CARTESIAN_POINT('',(7.786135451175,1.875823718418,
    1.863223115882E+03));
#5752 = CARTESIAN_POINT('',(7.574487134795,2.602041291499,
    1.863378099473E+03));
#5753 = CARTESIAN_POINT('',(7.447911878775,2.95943577579,
    1.863468812493E+03));
#5754 = CARTESIAN_POINT('',(7.300957528546,3.310025538885,
    1.863571101639E+03));
#5755 = CARTESIAN_POINT('',(7.13365864733,3.653121187525,
    1.863683250449E+03));
#5756 = CARTESIAN_POINT('',(6.94594615568,3.987861645039,
    1.863803410903E+03));
#5757 = CARTESIAN_POINT('',(6.525266041984,4.645011659121,
    1.86405835635E+03));
#5758 = CARTESIAN_POINT('',(6.291407087584,4.967137969012,
    1.864193423108E+03));
#5759 = CARTESIAN_POINT('',(6.035519489731,5.2790956803,
    1.864333007731E+03));
#5760 = CARTESIAN_POINT('',(5.756682553864,5.580018449738,
    1.86447523618E+03));
#5761 = CARTESIAN_POINT('',(5.453771486128,5.868482259448,
    1.864618004384E+03));
#5762 = CARTESIAN_POINT('',(4.8426391606,6.378452054072,
    1.864880198783E+03));
#5763 = CARTESIAN_POINT('',(4.540640772185,6.603928166721,
    1.865000243806E+03));
#5764 = CARTESIAN_POINT('',(4.218785107651,6.817332982737,
    1.865117317578E+03));
#5765 = CARTESIAN_POINT('',(3.876293627007,7.016768765236,
    1.865229535976E+03));
#5766 = CARTESIAN_POINT('',(3.512523308274,7.19982851964,
    1.865334681864E+03));
#5767 = CARTESIAN_POINT('',(2.67632432705,7.554940308786,
    1.865541910365E+03));
#5768 = CARTESIAN_POINT('',(2.191620418242,7.721697325361,
    1.865641521235E+03));
#5769 = CARTESIAN_POINT('',(1.679025561951,7.854745903337,
    1.865722555998E+03));
#5770 = CARTESIAN_POINT('',(1.145465918925,7.947754241377,
    1.865779757485E+03));
#5771 = CARTESIAN_POINT('',(0.598477751042,7.996700533656,
    1.865809877696E+03));
#5772 = CARTESIAN_POINT('',(-0.536477401851,8.003206947042,
    1.865813881602E+03));
#5773 = CARTESIAN_POINT('',(-1.113713454012,7.95564618391,
    1.865784613938E+03));
#5774 = CARTESIAN_POINT('',(-1.676730431118,7.858898361724,
    1.865725044318E+03));
#5775 = CARTESIAN_POINT('',(-2.216611532997,7.717540758308,
    1.865638873402E+03));
#5776 = CARTESIAN_POINT('',(-2.725298546338,7.538971495578,
    1.865532297379E+03));
#5777 = CARTESIAN_POINT('',(-3.413800613021,7.238959973905,
    1.865357687149E+03));
#5778 = CARTESIAN_POINT('',(-3.624875626538,7.137728078241,
    1.865299337457E+03));
#5779 = CARTESIAN_POINT('',(-3.829018596373,7.030830659395,
    1.865238409794E+03));
#5780 = CARTESIAN_POINT('',(-4.026299395446,6.918766482765,
    1.865175345385E+03));
#5781 = CARTESIAN_POINT('',(-4.21680934695,6.801983972805,
    1.865110554176E+03));
#5782 = CARTESIAN_POINT('',(-4.897219914718,6.353801218587,
    1.864865775527E+03));
#5783 = CARTESIAN_POINT('',(-5.345809675056,5.994814401626,
    1.864677075462E+03));
#5784 = CARTESIAN_POINT('',(-5.74934458921,5.611009471221,
    1.864485368304E+03));
#5785 = CARTESIAN_POINT('',(-6.110978925101,5.206670334948,
    1.864296018378E+03));
#5786 = CARTESIAN_POINT('',(-6.433359338028,4.784005694855,
    1.864113343044E+03));
#5787 = CARTESIAN_POINT('',(-6.929255415807,4.017062332037,
    1.863814012737E+03));
#5788 = CARTESIAN_POINT('',(-7.11966501246,3.680761355929,
    1.863692513829E+03));
#5789 = CARTESIAN_POINT('',(-7.289385580434,3.33595732424,
    1.863579028504E+03));
#5790 = CARTESIAN_POINT('',(-7.438498610473,2.983524822699,
    1.863475441038E+03));
#5791 = CARTESIAN_POINT('',(-7.56697638406,2.624160860891,
    1.863383504449E+03));
#5792 = CARTESIAN_POINT('',(-7.781412451232,1.895459542288,
    1.863226663568E+03));
#5793 = CARTESIAN_POINT('',(-7.867713183106,1.526129662146,
    1.86316153969E+03));
#5794 = CARTESIAN_POINT('',(-7.932935387412,1.152128612189,
    1.863111204971E+03));
#5795 = CARTESIAN_POINT('',(-7.976814131995,0.774969921387,
    1.863076960359E+03));
#5796 = CARTESIAN_POINT('',(-7.999188969901,0.396052209813,
    1.863059492068E+03));
#5797 = CARTESIAN_POINT('',(-8.000780404866,-0.364677029179,
    1.863058249607E+03));
#5798 = CARTESIAN_POINT('',(-7.97975631312,-0.745792499097,
    1.863074663346E+03));
#5799 = CARTESIAN_POINT('',(-7.93698003002,-1.125216128238,
    1.863108071658E+03));
#5800 = CARTESIAN_POINT('',(-7.872610284345,-1.50151860415,
    1.863157801624E+03));
#5801 = CARTESIAN_POINT('',(-7.786913158691,-1.873155212122,
    1.86322254639E+03));
#5802 = CARTESIAN_POINT('',(-7.574487134795,-2.602041291499,
    1.863378099473E+03));
#5803 = CARTESIAN_POINT('',(-7.447911878775,-2.95943577579,
    1.863468812493E+03));
#5804 = CARTESIAN_POINT('',(-7.300957528546,-3.310025538885,
    1.863571101639E+03));
#5805 = CARTESIAN_POINT('',(-7.13365864733,-3.653121187525,
    1.863683250449E+03));
#5806 = CARTESIAN_POINT('',(-6.945946155679,-3.987861645039,
    1.863803410903E+03));
#5807 = CARTESIAN_POINT('',(-6.443996990053,-4.771963128615,
    1.864107607965E+03));
#5808 = CARTESIAN_POINT('',(-6.109598117561,-5.211777591451,
    1.864297536275E+03));
#5809 = CARTESIAN_POINT('',(-5.732801618536,-5.631865363917,
    1.864494723264E+03));
#5810 = CARTESIAN_POINT('',(-5.310630896151,-6.029723270713,
    1.864694330795E+03));
#5811 = CARTESIAN_POINT('',(-4.839463406357,-6.400468868216,
    1.864890296501E+03));
#5812 = CARTESIAN_POINT('',(-3.988678283404,-6.945620409541,
    1.865189747696E+03));
#5813 = CARTESIAN_POINT('',(-3.639883122921,-7.142179206809,
    1.865300724569E+03));
#5814 = CARTESIAN_POINT('',(-3.269655055903,-7.322709257079,
    1.865405065382E+03));
#5815 = CARTESIAN_POINT('',(-2.878190212601,-7.484235213757,
    1.865500191117E+03));
#5816 = CARTESIAN_POINT('',(-2.465983422646,-7.62355015351,
    1.865583372418E+03));
#5817 = CARTESIAN_POINT('',(-1.489190087881,-7.880325719358,
    1.865738101464E+03));
#5818 = CARTESIAN_POINT('',(-0.910725671417,-7.983191088042,
    1.865801307089E+03));
#5819 = CARTESIAN_POINT('',(-0.312365663572,-8.034748277938,
    1.865833489588E+03));
#5820 = CARTESIAN_POINT('',(0.29111052854,-8.030559088138,
    1.865830734783E+03));
#5821 = CARTESIAN_POINT('',(0.884657502433,-7.971987079212,
    1.865794419878E+03));
#5822 = CARTESIAN_POINT('',(1.766116162735,-7.809071190091,
    1.865695211217E+03));
#5823 = CARTESIAN_POINT('',(2.070653945777,-7.737414867836,
    1.865651770342E+03));
#5824 = CARTESIAN_POINT('',(2.366674028737,-7.652860019776,
    1.865600847655E+03));
#5825 = CARTESIAN_POINT('',(2.653345303214,-7.556567444988,
    1.865543383512E+03));
#5826 = CARTESIAN_POINT('',(2.929922287388,-7.449807667474,
    1.865480402984E+03));
#5827 = CARTESIAN_POINT('',(3.413800613039,-7.238959973897,
    1.865357687149E+03));
#5828 = CARTESIAN_POINT('',(3.624875626534,-7.137728078241,
    1.865299337457E+03));
#5829 = CARTESIAN_POINT('',(3.829018596358,-7.030830659404,
    1.865238409794E+03));
#5830 = CARTESIAN_POINT('',(4.026299395442,-6.918766482769,
    1.865175345385E+03));
#5831 = CARTESIAN_POINT('',(4.216809346964,-6.801983972795,
    1.865110554176E+03));
#5832 = CARTESIAN_POINT('',(4.897219914718,-6.353801218587,
    1.864865775527E+03));
#5833 = CARTESIAN_POINT('',(5.345809675056,-5.994814401626,
    1.864677075462E+03));
#5834 = CARTESIAN_POINT('',(5.74934458921,-5.611009471221,
    1.864485368304E+03));
#5835 = CARTESIAN_POINT('',(6.110978925101,-5.206670334948,
    1.864296018378E+03));
#5836 = CARTESIAN_POINT('',(6.433359338028,-4.784005694855,
    1.864113343044E+03));
#5837 = CARTESIAN_POINT('',(6.929255415807,-4.017062332036,
    1.863814012737E+03));
#5838 = CARTESIAN_POINT('',(7.11966501246,-3.680761355929,
    1.863692513829E+03));
#5839 = CARTESIAN_POINT('',(7.289385580434,-3.335957324241,
    1.863579028504E+03));
#5840 = CARTESIAN_POINT('',(7.438498610473,-2.983524822699,
    1.863475441038E+03));
#5841 = CARTESIAN_POINT('',(7.56697638406,-2.624160860891,
    1.863383504449E+03));
#5842 = CARTESIAN_POINT('',(7.782196874515,-1.892793897984,
    1.863226089832E+03));
#5843 = CARTESIAN_POINT('',(7.868981771792,-1.520697378643,
    1.863160582308E+03));
#5844 = CARTESIAN_POINT('',(7.934372276967,-1.143870931806,
    1.863110095808E+03));
#5845 = CARTESIAN_POINT('',(7.978099008725,-0.763864270262,
    1.863075957412E+03));
#5846 = CARTESIAN_POINT('',(8.,-0.382109290982,1.863058858882E+03));
#5847 = CARTESIAN_POINT('',(8.,-8.881784197001E-16,1.863058858882E+03));
#5848 = PCURVE('',#5665,#5849);
#5849 = DEFINITIONAL_REPRESENTATION('',(#5850),#5953);
#5850 = B_SPLINE_CURVE_WITH_KNOTS('',6,(#5851,#5852,#5853,#5854,#5855,
    #5856,#5857,#5858,#5859,#5860,#5861,#5862,#5863,#5864,#5865,#5866,
    #5867,#5868,#5869,#5870,#5871,#5872,#5873,#5874,#5875,#5876,#5877,
    #5878,#5879,#5880,#5881,#5882,#5883,#5884,#5885,#5886,#5887,#5888,
    #5889,#5890,#5891,#5892,#5893,#5894,#5895,#5896,#5897,#5898,#5899,
    #5900,#5901,#5902,#5903,#5904,#5905,#5906,#5907,#5908,#5909,#5910,
    #5911,#5912,#5913,#5914,#5915,#5916,#5917,#5918,#5919,#5920,#5921,
    #5922,#5923,#5924,#5925,#5926,#5927,#5928,#5929,#5930,#5931,#5932,
    #5933,#5934,#5935,#5936,#5937,#5938,#5939,#5940,#5941,#5942,#5943,
    #5944,#5945,#5946,#5947,#5948,#5949,#5950,#5951,#5952),
  .UNSPECIFIED.,.T.,.F.,(7,5,5,5,5,5,5,5,5,5,5,5,5,5,5,5,5,5,5,5,7),(0.,
    5.047758758562E-02,0.10110614008,0.152746217589,0.197267336258,
    0.249335057165,0.304203207822,0.329634928043,0.398322737074,
    0.449299670999,0.499888428191,0.550756794992,0.601404525885,
    0.672828405516,0.717506284451,0.773831457454,0.804712702234,
    0.83004461141,0.89846284364,0.949239710056,1.),.UNSPECIFIED.);
#5851 = CARTESIAN_POINT('',(0.907922503145,130.));
#5852 = CARTESIAN_POINT('',(0.907922503145,129.62137896759));
#5853 = CARTESIAN_POINT('',(0.910020970311,129.24309963653));
#5854 = CARTESIAN_POINT('',(0.914210928385,128.86652297329));
#5855 = CARTESIAN_POINT('',(0.920451109397,128.4930454664));
#5856 = CARTESIAN_POINT('',(0.928665292556,128.12417628158));
#5857 = CARTESIAN_POINT('',(0.948844214639,127.3979587085));
#5858 = CARTESIAN_POINT('',(0.960822401625,127.04056422421));
#5859 = CARTESIAN_POINT('',(0.974593326586,126.68997446111));
#5860 = CARTESIAN_POINT('',(0.990082111682,126.34687881247));
#5861 = CARTESIAN_POINT('',(1.007221385682,126.01213835496));
#5862 = CARTESIAN_POINT('',(1.045060107509,125.35498834087));
#5863 = CARTESIAN_POINT('',(1.065829330679,125.03286203098));
#5864 = CARTESIAN_POINT('',(1.088240738467,124.7209043197));
#5865 = CARTESIAN_POINT('',(1.112302835659,124.41998155026));
#5866 = CARTESIAN_POINT('',(1.138046246471,124.13151774055));
#5867 = CARTESIAN_POINT('',(1.189200302114,123.62154794592));
#5868 = CARTESIAN_POINT('',(1.214189916463,123.39607183327));
#5869 = CARTESIAN_POINT('',(1.240517078813,123.18266701726));
#5870 = CARTESIAN_POINT('',(1.268216755876,122.98323123476));
#5871 = CARTESIAN_POINT('',(1.297323032711,122.80017148036));
#5872 = CARTESIAN_POINT('',(1.363591823179,122.44505969121));
#5873 = CARTESIAN_POINT('',(1.401625174464,122.27830267463));
#5874 = CARTESIAN_POINT('',(1.44147902455,122.14525409666));
#5875 = CARTESIAN_POINT('',(1.482675320294,122.05224575862));
#5876 = CARTESIAN_POINT('',(1.524759304877,122.00329946634));
#5877 = CARTESIAN_POINT('',(1.612064090675,121.99679305295));
#5878 = CARTESIAN_POINT('',(1.65645872837,122.04435381608));
#5879 = CARTESIAN_POINT('',(1.699912683363,122.14110163827));
#5880 = CARTESIAN_POINT('',(1.741890381716,122.28245924169));
#5881 = CARTESIAN_POINT('',(1.781834811048,122.46102850442));
#5882 = CARTESIAN_POINT('',(1.836473150115,122.76104002609));
#5883 = CARTESIAN_POINT('',(1.853314830719,122.86227192175));
#5884 = CARTESIAN_POINT('',(1.869697711895,122.9691693406));
#5885 = CARTESIAN_POINT('',(1.885625503425,123.08123351723));
#5886 = CARTESIAN_POINT('',(1.901102059251,123.19801602719));
#5887 = CARTESIAN_POINT('',(1.956725216898,123.64619878141));
#5888 = CARTESIAN_POINT('',(1.994108566018,124.00518559837));
#5889 = CARTESIAN_POINT('',(2.02842931582,124.38899052877));
#5890 = CARTESIAN_POINT('',(2.059801945052,124.79332966505));
#5891 = CARTESIAN_POINT('',(2.088294187839,125.21599430514));
#5892 = CARTESIAN_POINT('',(2.132850617891,125.98293766796));
#5893 = CARTESIAN_POINT('',(2.150219945526,126.31923864407));
#5894 = CARTESIAN_POINT('',(2.165920541297,126.66404267576));
#5895 = CARTESIAN_POINT('',(2.179884720986,127.0164751773));
#5896 = CARTESIAN_POINT('',(2.19203666284,127.3758391391));
#5897 = CARTESIAN_POINT('',(2.212473010663,128.10454045771));
#5898 = CARTESIAN_POINT('',(2.220788641667,128.47387033785));
#5899 = CARTESIAN_POINT('',(2.227125888273,128.84787138781));
#5900 = CARTESIAN_POINT('',(2.231407456795,129.22503007861));
#5901 = CARTESIAN_POINT('',(2.233591002116,129.60394779018));
#5902 = CARTESIAN_POINT('',(2.233746310059,130.36467702917));
#5903 = CARTESIAN_POINT('',(2.231694584115,130.74579249909));
#5904 = CARTESIAN_POINT('',(2.227519448542,131.12521612823));
#5905 = CARTESIAN_POINT('',(2.221262517343,131.50151860415));
#5906 = CARTESIAN_POINT('',(2.213001509034,131.87315521212));
#5907 = CARTESIAN_POINT('',(2.192748438951,132.60204129149));
#5908 = CARTESIAN_POINT('',(2.180770251965,132.95943577579));
#5909 = CARTESIAN_POINT('',(2.166999327004,133.31002553888));
#5910 = CARTESIAN_POINT('',(2.151510541908,133.65312118752));
#5911 = CARTESIAN_POINT('',(2.134371267907,133.98786164503));
#5912 = CARTESIAN_POINT('',(2.089222675828,134.77196312861));
#5913 = CARTESIAN_POINT('',(2.059652061982,135.21177759145));
#5914 = CARTESIAN_POINT('',(2.026969917566,135.63186536391));
#5915 = CARTESIAN_POINT('',(1.99109975618,136.02972327071));
#5916 = CARTESIAN_POINT('',(1.951907154581,136.40046886821));
#5917 = CARTESIAN_POINT('',(1.882526703417,136.94562040954));
#5918 = CARTESIAN_POINT('',(1.854383971894,137.14217920681));
#5919 = CARTESIAN_POINT('',(1.824821280638,137.32270925707));
#5920 = CARTESIAN_POINT('',(1.793865996234,137.48423521375));
#5921 = CARTESIAN_POINT('',(1.761547181702,137.62355015351));
#5922 = CARTESIAN_POINT('',(1.685472386029,137.88032571935));
#5923 = CARTESIAN_POINT('',(1.640762147678,137.98319108804));
#5924 = CARTESIAN_POINT('',(1.59477786427,138.03474827793));
#5925 = CARTESIAN_POINT('',(1.54847145554,138.03055908813));
#5926 = CARTESIAN_POINT('',(1.50278775612,137.97198707921));
#5927 = CARTESIAN_POINT('',(1.434555134158,137.80907119009));
#5928 = CARTESIAN_POINT('',(1.41090241121,137.73741486783));
#5929 = CARTESIAN_POINT('',(1.387810951211,137.65286001977));
#5930 = CARTESIAN_POINT('',(1.365332518022,137.55656744498));
#5931 = CARTESIAN_POINT('',(1.34351925462,137.44980766747));
#5932 = CARTESIAN_POINT('',(1.305119503474,137.23895997389));
#5933 = CARTESIAN_POINT('',(1.288277822871,137.13772807824));
#5934 = CARTESIAN_POINT('',(1.271894941696,137.0308306594));
#5935 = CARTESIAN_POINT('',(1.255967150165,136.91876648276));
#5936 = CARTESIAN_POINT('',(1.240490594338,136.80198397279));
#5937 = CARTESIAN_POINT('',(1.184867436692,136.35380121858));
#5938 = CARTESIAN_POINT('',(1.147484087572,135.99481440162));
#5939 = CARTESIAN_POINT('',(1.11316333777,135.61100947122));
#5940 = CARTESIAN_POINT('',(1.081790708538,135.20667033494));
#5941 = CARTESIAN_POINT('',(1.053298465751,134.78400569485));
#5942 = CARTESIAN_POINT('',(1.008742035698,134.01706233203));
#5943 = CARTESIAN_POINT('',(0.991372708063,133.68076135592));
#5944 = CARTESIAN_POINT('',(0.975672112293,133.33595732424));
#5945 = CARTESIAN_POINT('',(0.961707932604,132.98352482269));
#5946 = CARTESIAN_POINT('',(0.94955599075,132.62416086089));
#5947 = CARTESIAN_POINT('',(0.929044885227,131.89279389798));
#5948 = CARTESIAN_POINT('',(0.920681771638,131.52069737864));
#5949 = CARTESIAN_POINT('',(0.914327138899,131.1438709318));
#5950 = CARTESIAN_POINT('',(0.910059814004,130.76386427026));
#5951 = CARTESIAN_POINT('',(0.907922503145,130.38210929098));
#5952 = CARTESIAN_POINT('',(0.907922503145,130.));
#5953 = ( GEOMETRIC_REPRESENTATION_CONTEXT(2) 
PARAMETRIC_REPRESENTATION_CONTEXT() REPRESENTATION_CONTEXT('2D SPACE',''
  ) );
#5954 = PCURVE('',#5955,#5960);
#5955 = CYLINDRICAL_SURFACE('',#5956,8.);
#5956 = AXIS2_PLACEMENT_3D('',#5957,#5958,#5959);
#5957 = CARTESIAN_POINT('',(0.,0.,1.837811908116E+03));
#5958 = DIRECTION('',(0.,0.,1.));
#5959 = DIRECTION('',(1.,0.,-0.));
#5960 = DEFINITIONAL_REPRESENTATION('',(#5961),#6064);
#5961 = B_SPLINE_CURVE_WITH_KNOTS('',6,(#5962,#5963,#5964,#5965,#5966,
    #5967,#5968,#5969,#5970,#5971,#5972,#5973,#5974,#5975,#5976,#5977,
    #5978,#5979,#5980,#5981,#5982,#5983,#5984,#5985,#5986,#5987,#5988,
    #5989,#5990,#5991,#5992,#5993,#5994,#5995,#5996,#5997,#5998,#5999,
    #6000,#6001,#6002,#6003,#6004,#6005,#6006,#6007,#6008,#6009,#6010,
    #6011,#6012,#6013,#6014,#6015,#6016,#6017,#6018,#6019,#6020,#6021,
    #6022,#6023,#6024,#6025,#6026,#6027,#6028,#6029,#6030,#6031,#6032,
    #6033,#6034,#6035,#6036,#6037,#6038,#6039,#6040,#6041,#6042,#6043,
    #6044,#6045,#6046,#6047,#6048,#6049,#6050,#6051,#6052,#6053,#6054,
    #6055,#6056,#6057,#6058,#6059,#6060,#6061,#6062,#6063),
  .UNSPECIFIED.,.F.,.F.,(7,5,5,5,5,5,5,5,5,5,5,5,5,5,5,5,5,5,5,5,7),(0.,
    5.047758758562E-02,0.10110614008,0.152746217589,0.197267336258,
    0.249335057165,0.304203207822,0.329634928043,0.398322737074,
    0.449299670999,0.499888428191,0.550756794992,0.601404525885,
    0.672828405516,0.717506284451,0.773831457454,0.804712702234,
    0.83004461141,0.89846284364,0.949239710056,1.),.UNSPECIFIED.);
#5962 = CARTESIAN_POINT('',(0.,25.24695076596));
#5963 = CARTESIAN_POINT('',(4.732762905123E-02,25.24695076596));
#5964 = CARTESIAN_POINT('',(9.461252364917E-02,25.263738543276));
#5965 = CARTESIAN_POINT('',(0.14187552756,25.297258019492));
#5966 = CARTESIAN_POINT('',(0.189130675856,25.346841513118));
#5967 = CARTESIAN_POINT('',(0.236378213589,25.411207765205));
#5968 = CARTESIAN_POINT('',(0.330932015509,25.566191356821));
#5969 = CARTESIAN_POINT('',(0.378248933548,25.656904376378));
#5970 = CARTESIAN_POINT('',(0.425652996078,25.759193522811));
#5971 = CARTESIAN_POINT('',(0.473250300569,25.871342332668));
#5972 = CARTESIAN_POINT('',(0.521141173675,25.991502786891));
#5973 = CARTESIAN_POINT('',(0.618674653429,26.246448233767));
#5974 = CARTESIAN_POINT('',(0.668347329506,26.381514991477));
#5975 = CARTESIAN_POINT('',(0.718649782266,26.521099614886));
#5976 = CARTESIAN_POINT('',(0.769784837274,26.66332806327));
#5977 = CARTESIAN_POINT('',(0.821958973915,26.806096267875));
#5978 = CARTESIAN_POINT('',(0.921453941653,27.06829066668));
#5979 = CARTESIAN_POINT('',(0.968495751876,27.188335689204));
#5980 = CARTESIAN_POINT('',(1.016652431841,27.305409462033));
#5981 = CARTESIAN_POINT('',(1.066060384394,27.417627860004));
#5982 = CARTESIAN_POINT('',(1.116858394251,27.522773747858));
#5983 = CARTESIAN_POINT('',(1.230418202213,27.730002248592));
#5984 = CARTESIAN_POINT('',(1.294333603135,27.829613119013));
#5985 = CARTESIAN_POINT('',(1.36022399796,27.910647881297));
#5986 = CARTESIAN_POINT('',(1.427577995297,27.967849368257));
#5987 = CARTESIAN_POINT('',(1.495985441436,27.997969579489));
#5988 = CARTESIAN_POINT('',(1.637857166756,28.001973485311));
#5989 = CARTESIAN_POINT('',(1.70997635344,27.972705821996));
#5990 = CARTESIAN_POINT('',(1.780977584711,27.913136201368));
#5991 = CARTESIAN_POINT('',(1.850378019309,27.826965285969));
#5992 = CARTESIAN_POINT('',(1.917586759254,27.720389262889));
#5993 = CARTESIAN_POINT('',(2.011465172055,27.545779032954));
#5994 = CARTESIAN_POINT('',(2.040707845472,27.487429340453));
#5995 = CARTESIAN_POINT('',(2.069486328126,27.426501677574));
#5996 = CARTESIAN_POINT('',(2.097823335495,27.363437268332));
#5997 = CARTESIAN_POINT('',(2.125740431526,27.298646059275));
#5998 = CARTESIAN_POINT('',(2.227584853464,27.05386741045));
#5999 = CARTESIAN_POINT('',(2.299096808373,26.865167345255));
#6000 = CARTESIAN_POINT('',(2.368350042671,26.67346018731));
#6001 = CARTESIAN_POINT('',(2.435843348877,26.484110261391));
#6002 = CARTESIAN_POINT('',(2.502090603578,26.301434927732));
#6003 = CARTESIAN_POINT('',(2.616252977095,26.002104620845));
#6004 = CARTESIAN_POINT('',(2.664477497163,25.880605713037));
#6005 = CARTESIAN_POINT('',(2.712397365632,25.767120387162));
#6006 = CARTESIAN_POINT('',(2.760116193112,25.663532921695));
#6007 = CARTESIAN_POINT('',(2.807743275083,25.57159633227));
#6008 = CARTESIAN_POINT('',(2.902692968888,25.414755451489));
#6009 = CARTESIAN_POINT('',(2.950026758051,25.349631573584));
#6010 = CARTESIAN_POINT('',(2.997367399559,25.299296854492));
#6011 = CARTESIAN_POINT('',(3.04471558265,25.265052242846));
#6012 = CARTESIAN_POINT('',(3.092086022085,25.24758395122));
#6013 = CARTESIAN_POINT('',(3.187177385037,25.246341490397));
#6014 = CARTESIAN_POINT('',(3.234811193747,25.262755229327));
#6015 = CARTESIAN_POINT('',(3.282423038278,25.296163541189));
#6016 = CARTESIAN_POINT('',(3.330027084999,25.345893507401));
#6017 = CARTESIAN_POINT('',(3.377623426653,25.410638273767));
#6018 = CARTESIAN_POINT('',(3.472524669099,25.566191356821));
#6019 = CARTESIAN_POINT('',(3.519841587137,25.656904376378));
#6020 = CARTESIAN_POINT('',(3.567245649668,25.759193522811));
#6021 = CARTESIAN_POINT('',(3.614842954159,25.871342332668));
#6022 = CARTESIAN_POINT('',(3.662733827265,25.991502786891));
#6023 = CARTESIAN_POINT('',(3.779109303997,26.295699848205));
#6024 = CARTESIAN_POINT('',(3.847947926854,26.485628158493));
#6025 = CARTESIAN_POINT('',(3.918134026447,26.68281514761));
#6026 = CARTESIAN_POINT('',(3.99024062658,26.882422678481));
#6027 = CARTESIAN_POINT('',(4.064832625452,27.078388384161));
#6028 = CARTESIAN_POINT('',(4.191139885267,27.37783957917));
#6029 = CARTESIAN_POINT('',(4.241105368301,27.488816452263));
#6030 = CARTESIAN_POINT('',(4.292452241214,27.593157266074));
#6031 = CARTESIAN_POINT('',(4.345224135681,27.688283000949));
#6032 = CARTESIAN_POINT('',(4.399484345156,27.771464301423));
#6033 = CARTESIAN_POINT('',(4.525731802436,27.926193348065));
#6034 = CARTESIAN_POINT('',(4.598932880842,27.989398972888));
#6035 = CARTESIAN_POINT('',(4.673537210851,28.021581471729));
#6036 = CARTESIAN_POINT('',(4.748493356665,28.018826666723));
#6037 = CARTESIAN_POINT('',(4.822781614919,27.982511762078));
#6038 = CARTESIAN_POINT('',(4.934830080769,27.88330310099));
#6039 = CARTESIAN_POINT('',(4.973891249611,27.839862225452));
#6040 = CARTESIAN_POINT('',(5.012310809249,27.788939538185));
#6041 = CARTESIAN_POINT('',(5.050055442612,27.73147539512));
#6042 = CARTESIAN_POINT('',(5.087080203503,27.6684948675));
#6043 = CARTESIAN_POINT('',(5.153057825647,27.545779032949));
#6044 = CARTESIAN_POINT('',(5.182300499061,27.487429340453));
#6045 = CARTESIAN_POINT('',(5.211078981713,27.426501677579));
#6046 = CARTESIAN_POINT('',(5.239415989084,27.363437268334));
#6047 = CARTESIAN_POINT('',(5.267333085118,27.29864605927));
#6048 = CARTESIAN_POINT('',(5.369177507054,27.05386741045));
#6049 = CARTESIAN_POINT('',(5.440689461963,26.865167345255));
#6050 = CARTESIAN_POINT('',(5.509942696261,26.67346018731));
#6051 = CARTESIAN_POINT('',(5.577436002467,26.484110261391));
#6052 = CARTESIAN_POINT('',(5.643683257168,26.301434927732));
#6053 = CARTESIAN_POINT('',(5.757845630685,26.002104620844));
#6054 = CARTESIAN_POINT('',(5.806070150752,25.880605713037));
#6055 = CARTESIAN_POINT('',(5.853990019222,25.767120387162));
#6056 = CARTESIAN_POINT('',(5.901708846702,25.663532921695));
#6057 = CARTESIAN_POINT('',(5.949335928672,25.57159633227));
#6058 = CARTESIAN_POINT('',(6.044632955608,25.414181715735));
#6059 = CARTESIAN_POINT('',(6.0923155922,25.34867419171));
#6060 = CARTESIAN_POINT('',(6.140005213781,25.298187692084));
#6061 = CARTESIAN_POINT('',(6.187702296477,25.264049295855));
#6062 = CARTESIAN_POINT('',(6.235421645807,25.24695076596));
#6063 = CARTESIAN_POINT('',(6.28318530718,25.24695076596));
#6064 = ( GEOMETRIC_REPRESENTATION_CONTEXT(2) 
PARAMETRIC_REPRESENTATION_CONTEXT() REPRESENTATION_CONTEXT('2D SPACE',''
  ) );
#6065 = FACE_BOUND('',#6066,.T.);
#6066 = EDGE_LOOP('',(#6067));
#6067 = ORIENTED_EDGE('',*,*,#6068,.T.);
#6068 = EDGE_CURVE('',#6069,#6069,#6071,.T.);
#6069 = VERTEX_POINT('',#6070);
#6070 = CARTESIAN_POINT('',(8.,-1.959434878636E-15,1.84256495735E+03));
#6071 = SURFACE_CURVE('',#6072,(#6175,#6281),.PCURVE_S1.);
#6072 = B_SPLINE_CURVE_WITH_KNOTS('',6,(#6073,#6074,#6075,#6076,#6077,
    #6078,#6079,#6080,#6081,#6082,#6083,#6084,#6085,#6086,#6087,#6088,
    #6089,#6090,#6091,#6092,#6093,#6094,#6095,#6096,#6097,#6098,#6099,
    #6100,#6101,#6102,#6103,#6104,#6105,#6106,#6107,#6108,#6109,#6110,
    #6111,#6112,#6113,#6114,#6115,#6116,#6117,#6118,#6119,#6120,#6121,
    #6122,#6123,#6124,#6125,#6126,#6127,#6128,#6129,#6130,#6131,#6132,
    #6133,#6134,#6135,#6136,#6137,#6138,#6139,#6140,#6141,#6142,#6143,
    #6144,#6145,#6146,#6147,#6148,#6149,#6150,#6151,#6152,#6153,#6154,
    #6155,#6156,#6157,#6158,#6159,#6160,#6161,#6162,#6163,#6164,#6165,
    #6166,#6167,#6168,#6169,#6170,#6171,#6172,#6173,#6174),
  .UNSPECIFIED.,.T.,.F.,(7,5,5,5,5,5,5,5,5,5,5,5,5,5,5,5,5,5,5,5,7),(0.,
    5.047758779055E-02,0.101106140491,0.152746218209,0.197267337056,
    0.249335058116,0.30420320879,0.329634928967,0.398322737885,
    0.449299671718,0.499888428809,0.55075679551,0.601404526295,
    0.672828405764,0.717506284616,0.773831457538,0.804712702293,
    0.830044611465,0.898462843683,0.949239710082,1.),.UNSPECIFIED.);
#6073 = CARTESIAN_POINT('',(8.,-8.881784197001E-16,1.84256495735E+03));
#6074 = CARTESIAN_POINT('',(8.,0.37862103241,1.84256495735E+03));
#6075 = CARTESIAN_POINT('',(7.978497042615,0.756900363463,
    1.842548169573E+03));
#6076 = CARTESIAN_POINT('',(7.93556306365,1.133477026708,
    1.842514650097E+03));
#6077 = CARTESIAN_POINT('',(7.871355263285,1.506954533597,
    1.842465066603E+03));
#6078 = CARTESIAN_POINT('',(7.786135451175,1.875823718417,
    1.842400700351E+03));
#6079 = CARTESIAN_POINT('',(7.574487134795,2.602041291499,
    1.84224571676E+03));
#6080 = CARTESIAN_POINT('',(7.447911878776,2.959435775789,
    1.84215500374E+03));
#6081 = CARTESIAN_POINT('',(7.300957528545,3.310025538886,
    1.842052714594E+03));
#6082 = CARTESIAN_POINT('',(7.133658647331,3.653121187523,
    1.841940565784E+03));
#6083 = CARTESIAN_POINT('',(6.945946155679,3.98786164504,
    1.84182040533E+03));
#6084 = CARTESIAN_POINT('',(6.525266041984,4.645011659121,
    1.841565459883E+03));
#6085 = CARTESIAN_POINT('',(6.291407087584,4.967137969012,
    1.841430393125E+03));
#6086 = CARTESIAN_POINT('',(6.035519489731,5.2790956803,
    1.841290808502E+03));
#6087 = CARTESIAN_POINT('',(5.756682553864,5.580018449738,
    1.841148580053E+03));
#6088 = CARTESIAN_POINT('',(5.453771486128,5.868482259448,
    1.841005811849E+03));
#6089 = CARTESIAN_POINT('',(4.842639160622,6.378452054054,
    1.84074361745E+03));
#6090 = CARTESIAN_POINT('',(4.540640772178,6.603928166731,
    1.840623572427E+03));
#6091 = CARTESIAN_POINT('',(4.218785107626,6.817332982752,
    1.840506498654E+03));
#6092 = CARTESIAN_POINT('',(3.876293627,7.016768765234,
    1.840394280256E+03));
#6093 = CARTESIAN_POINT('',(3.512523308303,7.199828519627,
    1.840289134369E+03));
#6094 = CARTESIAN_POINT('',(2.676324327473,7.554940308607,
    1.840081905868E+03));
#6095 = CARTESIAN_POINT('',(2.191620418103,7.721697325492,
    1.839982294997E+03));
#6096 = CARTESIAN_POINT('',(1.679025561499,7.854745903429,
    1.839901260235E+03));
#6097 = CARTESIAN_POINT('',(1.145465918819,7.9477542413,
    1.839844058748E+03));
#6098 = CARTESIAN_POINT('',(0.598477751511,7.996700533654,
    1.839813938537E+03));
#6099 = CARTESIAN_POINT('',(-0.536477400782,8.003206947036,
    1.839809934631E+03));
#6100 = CARTESIAN_POINT('',(-1.113713454255,7.955646184097,
    1.839839202294E+03));
#6101 = CARTESIAN_POINT('',(-1.676730432159,7.858898361514,
    1.839898771915E+03));
#6102 = CARTESIAN_POINT('',(-2.216611533303,7.717540757997,
    1.839984942831E+03));
#6103 = CARTESIAN_POINT('',(-2.725298545359,7.538971496005,
    1.840091518853E+03));
#6104 = CARTESIAN_POINT('',(-3.413800613039,7.238959973897,
    1.840266129083E+03));
#6105 = CARTESIAN_POINT('',(-3.624875626534,7.137728078241,
    1.840324478776E+03));
#6106 = CARTESIAN_POINT('',(-3.829018596357,7.030830659404,
    1.840385406439E+03));
#6107 = CARTESIAN_POINT('',(-4.026299395442,6.918766482769,
    1.840448470848E+03));
#6108 = CARTESIAN_POINT('',(-4.216809346964,6.801983972795,
    1.840513262057E+03));
#6109 = CARTESIAN_POINT('',(-4.897219914718,6.353801218587,
    1.840758040706E+03));
#6110 = CARTESIAN_POINT('',(-5.345809675056,5.994814401626,
    1.840946740771E+03));
#6111 = CARTESIAN_POINT('',(-5.74934458921,5.611009471221,
    1.841138447929E+03));
#6112 = CARTESIAN_POINT('',(-6.110978925101,5.206670334948,
    1.841327797855E+03));
#6113 = CARTESIAN_POINT('',(-6.433359338028,4.784005694855,
    1.841510473189E+03));
#6114 = CARTESIAN_POINT('',(-6.929255415771,4.017062332092,
    1.841809803496E+03));
#6115 = CARTESIAN_POINT('',(-7.119665012478,3.680761355915,
    1.841931302403E+03));
#6116 = CARTESIAN_POINT('',(-7.28938558046,3.335957324183,
    1.842044787729E+03));
#6117 = CARTESIAN_POINT('',(-7.438498610471,2.983524822682,
    1.842148375195E+03));
#6118 = CARTESIAN_POINT('',(-7.566976384043,2.624160860951,
    1.842240311784E+03));
#6119 = CARTESIAN_POINT('',(-7.781412451232,1.895459542288,
    1.842397152665E+03));
#6120 = CARTESIAN_POINT('',(-7.867713183106,1.526129662145,
    1.842462276543E+03));
#6121 = CARTESIAN_POINT('',(-7.932935387412,1.15212861219,
    1.842512611262E+03));
#6122 = CARTESIAN_POINT('',(-7.976814131995,0.774969921386,
    1.842546855874E+03));
#6123 = CARTESIAN_POINT('',(-7.999188969901,0.396052209813,
    1.842564324165E+03));
#6124 = CARTESIAN_POINT('',(-8.000780404866,-0.36467702918,
    1.842565566626E+03));
#6125 = CARTESIAN_POINT('',(-7.97975631312,-0.745792499095,
    1.842549152887E+03));
#6126 = CARTESIAN_POINT('',(-7.93698003002,-1.125216128239,
    1.842515744575E+03));
#6127 = CARTESIAN_POINT('',(-7.872610284345,-1.501518604151,
    1.842466014609E+03));
#6128 = CARTESIAN_POINT('',(-7.786913158691,-1.873155212122,
    1.842401269843E+03));
#6129 = CARTESIAN_POINT('',(-7.574487134811,-2.602041291445,
    1.84224571676E+03));
#6130 = CARTESIAN_POINT('',(-7.447911878778,-2.959435775805,
    1.84215500374E+03));
#6131 = CARTESIAN_POINT('',(-7.300957528523,-3.310025538939,
    1.842052714594E+03));
#6132 = CARTESIAN_POINT('',(-7.133658647315,-3.653121187536,
    1.841940565784E+03));
#6133 = CARTESIAN_POINT('',(-6.945946155712,-3.987861644989,
    1.84182040533E+03));
#6134 = CARTESIAN_POINT('',(-6.443996990052,-4.771963128616,
    1.841516208268E+03));
#6135 = CARTESIAN_POINT('',(-6.109598117561,-5.211777591449,
    1.841326279958E+03));
#6136 = CARTESIAN_POINT('',(-5.732801618537,-5.631865363917,
    1.841129092969E+03));
#6137 = CARTESIAN_POINT('',(-5.31063089615,-6.029723270714,
    1.840929485438E+03));
#6138 = CARTESIAN_POINT('',(-4.839463406357,-6.400468868216,
    1.840733519732E+03));
#6139 = CARTESIAN_POINT('',(-3.988678283265,-6.94562040963,
    1.840434068537E+03));
#6140 = CARTESIAN_POINT('',(-3.639883122972,-7.142179206754,
    1.840323091664E+03));
#6141 = CARTESIAN_POINT('',(-3.269655056059,-7.322709257013,
    1.84021875085E+03));
#6142 = CARTESIAN_POINT('',(-2.878190212631,-7.484235213774,
    1.840123625115E+03));
#6143 = CARTESIAN_POINT('',(-2.465983422467,-7.623550153557,
    1.840040443815E+03));
#6144 = CARTESIAN_POINT('',(-1.489190087881,-7.880325719359,
    1.839885714768E+03));
#6145 = CARTESIAN_POINT('',(-0.910725671417,-7.983191088042,
    1.839822509144E+03));
#6146 = CARTESIAN_POINT('',(-0.312365663571,-8.034748277938,
    1.839790326645E+03));
#6147 = CARTESIAN_POINT('',(0.291110528539,-8.030559088138,
    1.83979308145E+03));
#6148 = CARTESIAN_POINT('',(0.884657502434,-7.971987079212,
    1.839829396354E+03));
#6149 = CARTESIAN_POINT('',(1.766116162937,-7.809071190054,
    1.839928605015E+03));
#6150 = CARTESIAN_POINT('',(2.070653945716,-7.73741486783,
    1.839972045891E+03));
#6151 = CARTESIAN_POINT('',(2.366674028552,-7.652860019831,
    1.840022968578E+03));
#6152 = CARTESIAN_POINT('',(2.653345303175,-7.556567445025,
    1.840080432721E+03));
#6153 = CARTESIAN_POINT('',(2.929922287552,-7.449807667403,
    1.840143413249E+03));
#6154 = CARTESIAN_POINT('',(3.413800613039,-7.238959973897,
    1.840266129083E+03));
#6155 = CARTESIAN_POINT('',(3.624875626534,-7.137728078241,
    1.840324478776E+03));
#6156 = CARTESIAN_POINT('',(3.829018596357,-7.030830659404,
    1.840385406439E+03));
#6157 = CARTESIAN_POINT('',(4.026299395442,-6.918766482769,
    1.840448470848E+03));
#6158 = CARTESIAN_POINT('',(4.216809346963,-6.801983972796,
    1.840513262057E+03));
#6159 = CARTESIAN_POINT('',(4.897219914718,-6.353801218587,
    1.840758040706E+03));
#6160 = CARTESIAN_POINT('',(5.345809675056,-5.994814401626,
    1.840946740771E+03));
#6161 = CARTESIAN_POINT('',(5.74934458921,-5.611009471221,
    1.841138447929E+03));
#6162 = CARTESIAN_POINT('',(6.110978925101,-5.206670334947,
    1.841327797855E+03));
#6163 = CARTESIAN_POINT('',(6.433359338027,-4.784005694855,
    1.841510473189E+03));
#6164 = CARTESIAN_POINT('',(6.929255415771,-4.017062332092,
    1.841809803496E+03));
#6165 = CARTESIAN_POINT('',(7.119665012478,-3.680761355915,
    1.841931302403E+03));
#6166 = CARTESIAN_POINT('',(7.28938558046,-3.335957324183,
    1.842044787729E+03));
#6167 = CARTESIAN_POINT('',(7.438498610471,-2.983524822682,
    1.842148375195E+03));
#6168 = CARTESIAN_POINT('',(7.566976384043,-2.624160860951,
    1.842240311784E+03));
#6169 = CARTESIAN_POINT('',(7.782196874515,-1.892793897984,
    1.842397726401E+03));
#6170 = CARTESIAN_POINT('',(7.868981771792,-1.520697378643,
    1.842463233925E+03));
#6171 = CARTESIAN_POINT('',(7.934372276968,-1.143870931806,
    1.842513720424E+03));
#6172 = CARTESIAN_POINT('',(7.978099008725,-0.763864270261,
    1.842547858821E+03));
#6173 = CARTESIAN_POINT('',(8.,-0.382109290983,1.84256495735E+03));
#6174 = CARTESIAN_POINT('',(8.,-8.881784197001E-16,1.84256495735E+03));
#6175 = PCURVE('',#5665,#6176);
#6176 = DEFINITIONAL_REPRESENTATION('',(#6177),#6280);
#6177 = B_SPLINE_CURVE_WITH_KNOTS('',6,(#6178,#6179,#6180,#6181,#6182,
    #6183,#6184,#6185,#6186,#6187,#6188,#6189,#6190,#6191,#6192,#6193,
    #6194,#6195,#6196,#6197,#6198,#6199,#6200,#6201,#6202,#6203,#6204,
    #6205,#6206,#6207,#6208,#6209,#6210,#6211,#6212,#6213,#6214,#6215,
    #6216,#6217,#6218,#6219,#6220,#6221,#6222,#6223,#6224,#6225,#6226,
    #6227,#6228,#6229,#6230,#6231,#6232,#6233,#6234,#6235,#6236,#6237,
    #6238,#6239,#6240,#6241,#6242,#6243,#6244,#6245,#6246,#6247,#6248,
    #6249,#6250,#6251,#6252,#6253,#6254,#6255,#6256,#6257,#6258,#6259,
    #6260,#6261,#6262,#6263,#6264,#6265,#6266,#6267,#6268,#6269,#6270,
    #6271,#6272,#6273,#6274,#6275,#6276,#6277,#6278,#6279),
  .UNSPECIFIED.,.T.,.F.,(7,5,5,5,5,5,5,5,5,5,5,5,5,5,5,5,5,5,5,5,7),(0.,
    5.047758779055E-02,0.101106140491,0.152746218209,0.197267337056,
    0.249335058116,0.30420320879,0.329634928967,0.398322737885,
    0.449299671718,0.499888428809,0.55075679551,0.601404526295,
    0.672828405764,0.717506284616,0.773831457538,0.804712702293,
    0.830044611465,0.898462843683,0.949239710082,1.),.UNSPECIFIED.);
#6178 = CARTESIAN_POINT('',(5.375262804035,130.));
#6179 = CARTESIAN_POINT('',(5.375262804035,129.62137896759));
#6180 = CARTESIAN_POINT('',(5.373164336869,129.24309963653));
#6181 = CARTESIAN_POINT('',(5.368974378794,128.86652297329));
#6182 = CARTESIAN_POINT('',(5.362734197783,128.4930454664));
#6183 = CARTESIAN_POINT('',(5.354520014623,128.12417628158));
#6184 = CARTESIAN_POINT('',(5.33434109254,127.3979587085));
#6185 = CARTESIAN_POINT('',(5.322362905555,127.04056422421));
#6186 = CARTESIAN_POINT('',(5.308591980593,126.68997446111));
#6187 = CARTESIAN_POINT('',(5.293103195498,126.34687881247));
#6188 = CARTESIAN_POINT('',(5.275963921497,126.01213835496));
#6189 = CARTESIAN_POINT('',(5.238125199671,125.35498834087));
#6190 = CARTESIAN_POINT('',(5.2173559765,125.03286203098));
#6191 = CARTESIAN_POINT('',(5.194944568712,124.7209043197));
#6192 = CARTESIAN_POINT('',(5.17088247152,124.41998155026));
#6193 = CARTESIAN_POINT('',(5.145139060708,124.13151774055));
#6194 = CARTESIAN_POINT('',(5.093985005068,123.62154794594));
#6195 = CARTESIAN_POINT('',(5.068995390716,123.39607183326));
#6196 = CARTESIAN_POINT('',(5.042668228364,123.18266701724));
#6197 = CARTESIAN_POINT('',(5.014968551303,122.98323123476));
#6198 = CARTESIAN_POINT('',(4.985862274471,122.80017148037));
#6199 = CARTESIAN_POINT('',(4.919593484034,122.44505969139));
#6200 = CARTESIAN_POINT('',(4.881560132704,122.2783026745));
#6201 = CARTESIAN_POINT('',(4.841706282595,122.14525409657));
#6202 = CARTESIAN_POINT('',(4.800509986878,122.0522457587));
#6203 = CARTESIAN_POINT('',(4.758426002339,122.00329946634));
#6204 = CARTESIAN_POINT('',(4.671121216587,121.99679305296));
#6205 = CARTESIAN_POINT('',(4.626726578791,122.0443538159));
#6206 = CARTESIAN_POINT('',(4.583272623737,122.14110163848));
#6207 = CARTESIAN_POINT('',(4.541294925437,122.282459242));
#6208 = CARTESIAN_POINT('',(4.50135049621,122.46102850399));
#6209 = CARTESIAN_POINT('',(4.446712157064,122.7610400261));
#6210 = CARTESIAN_POINT('',(4.429870476461,122.86227192175));
#6211 = CARTESIAN_POINT('',(4.413487595286,122.96916934059));
#6212 = CARTESIAN_POINT('',(4.397559803755,123.08123351723));
#6213 = CARTESIAN_POINT('',(4.382083247927,123.1980160272));
#6214 = CARTESIAN_POINT('',(4.326460090282,123.64619878141));
#6215 = CARTESIAN_POINT('',(4.289076741162,124.00518559837));
#6216 = CARTESIAN_POINT('',(4.25475599136,124.38899052877));
#6217 = CARTESIAN_POINT('',(4.223383362128,124.79332966505));
#6218 = CARTESIAN_POINT('',(4.194891119341,125.21599430514));
#6219 = CARTESIAN_POINT('',(4.150334689292,125.9829376679));
#6220 = CARTESIAN_POINT('',(4.132965361652,126.31923864408));
#6221 = CARTESIAN_POINT('',(4.117264765881,126.66404267581));
#6222 = CARTESIAN_POINT('',(4.103300586193,127.01647517731));
#6223 = CARTESIAN_POINT('',(4.091148644342,127.37583913904));
#6224 = CARTESIAN_POINT('',(4.070712296517,128.10454045771));
#6225 = CARTESIAN_POINT('',(4.062396665513,128.47387033785));
#6226 = CARTESIAN_POINT('',(4.056059418906,128.84787138781));
#6227 = CARTESIAN_POINT('',(4.051777850385,129.22503007861));
#6228 = CARTESIAN_POINT('',(4.049594305063,129.60394779018));
#6229 = CARTESIAN_POINT('',(4.049438997121,130.36467702918));
#6230 = CARTESIAN_POINT('',(4.051490723064,130.74579249909));
#6231 = CARTESIAN_POINT('',(4.055665858638,131.12521612823));
#6232 = CARTESIAN_POINT('',(4.061922789837,131.50151860415));
#6233 = CARTESIAN_POINT('',(4.070183798146,131.87315521212));
#6234 = CARTESIAN_POINT('',(4.090436868227,132.60204129144));
#6235 = CARTESIAN_POINT('',(4.102415055214,132.9594357758));
#6236 = CARTESIAN_POINT('',(4.116185980178,133.31002553893));
#6237 = CARTESIAN_POINT('',(4.131674765273,133.65312118753));
#6238 = CARTESIAN_POINT('',(4.148814039269,133.98786164498));
#6239 = CARTESIAN_POINT('',(4.193962631352,134.77196312861));
#6240 = CARTESIAN_POINT('',(4.223533245197,135.21177759144));
#6241 = CARTESIAN_POINT('',(4.256215389613,135.63186536391));
#6242 = CARTESIAN_POINT('',(4.292085551,136.02972327071));
#6243 = CARTESIAN_POINT('',(4.331278152598,136.40046886821));
#6244 = CARTESIAN_POINT('',(4.400658603774,136.94562040963));
#6245 = CARTESIAN_POINT('',(4.428801335281,137.14217920675));
#6246 = CARTESIAN_POINT('',(4.458364026529,137.32270925701));
#6247 = CARTESIAN_POINT('',(4.489319310943,137.48423521377));
#6248 = CARTESIAN_POINT('',(4.521638125491,137.62355015355));
#6249 = CARTESIAN_POINT('',(4.597712921151,137.88032571935));
#6250 = CARTESIAN_POINT('',(4.642423159502,137.98319108804));
#6251 = CARTESIAN_POINT('',(4.68840744291,138.03474827793));
#6252 = CARTESIAN_POINT('',(4.734713851639,138.03055908813));
#6253 = CARTESIAN_POINT('',(4.78039755106,137.97198707921));
#6254 = CARTESIAN_POINT('',(4.848630173037,137.80907119005));
#6255 = CARTESIAN_POINT('',(4.872282895965,137.73741486783));
#6256 = CARTESIAN_POINT('',(4.895374355954,137.65286001983));
#6257 = CARTESIAN_POINT('',(4.917852789155,137.55656744502));
#6258 = CARTESIAN_POINT('',(4.939666052573,137.4498076674));
#6259 = CARTESIAN_POINT('',(4.978065803706,137.23895997389));
#6260 = CARTESIAN_POINT('',(4.994907484309,137.13772807824));
#6261 = CARTESIAN_POINT('',(5.011290365484,137.0308306594));
#6262 = CARTESIAN_POINT('',(5.027218157015,136.91876648276));
#6263 = CARTESIAN_POINT('',(5.042694712842,136.80198397279));
#6264 = CARTESIAN_POINT('',(5.098317870487,136.35380121858));
#6265 = CARTESIAN_POINT('',(5.135701219608,135.99481440162));
#6266 = CARTESIAN_POINT('',(5.170021969409,135.61100947122));
#6267 = CARTESIAN_POINT('',(5.201394598642,135.20667033494));
#6268 = CARTESIAN_POINT('',(5.229886841428,134.78400569485));
#6269 = CARTESIAN_POINT('',(5.274443271478,134.01706233209));
#6270 = CARTESIAN_POINT('',(5.291812599118,133.68076135591));
#6271 = CARTESIAN_POINT('',(5.307513194889,133.33595732418));
#6272 = CARTESIAN_POINT('',(5.321477374576,132.98352482268));
#6273 = CARTESIAN_POINT('',(5.333629316428,132.62416086095));
#6274 = CARTESIAN_POINT('',(5.354140421952,131.89279389798));
#6275 = CARTESIAN_POINT('',(5.362503535542,131.52069737864));
#6276 = CARTESIAN_POINT('',(5.368858168281,131.1438709318));
#6277 = CARTESIAN_POINT('',(5.373125493176,130.76386427026));
#6278 = CARTESIAN_POINT('',(5.375262804035,130.38210929098));
#6279 = CARTESIAN_POINT('',(5.375262804035,130.));
#6280 = ( GEOMETRIC_REPRESENTATION_CONTEXT(2) 
PARAMETRIC_REPRESENTATION_CONTEXT() REPRESENTATION_CONTEXT('2D SPACE',''
  ) );
#6281 = PCURVE('',#6282,#6287);
#6282 = CYLINDRICAL_SURFACE('',#6283,8.);
#6283 = AXIS2_PLACEMENT_3D('',#6284,#6285,#6286);
#6284 = CARTESIAN_POINT('',(0.,0.,1.837811908116E+03));
#6285 = DIRECTION('',(0.,0.,1.));
#6286 = DIRECTION('',(1.,0.,-0.));
#6287 = DEFINITIONAL_REPRESENTATION('',(#6288),#6391);
#6288 = B_SPLINE_CURVE_WITH_KNOTS('',6,(#6289,#6290,#6291,#6292,#6293,
    #6294,#6295,#6296,#6297,#6298,#6299,#6300,#6301,#6302,#6303,#6304,
    #6305,#6306,#6307,#6308,#6309,#6310,#6311,#6312,#6313,#6314,#6315,
    #6316,#6317,#6318,#6319,#6320,#6321,#6322,#6323,#6324,#6325,#6326,
    #6327,#6328,#6329,#6330,#6331,#6332,#6333,#6334,#6335,#6336,#6337,
    #6338,#6339,#6340,#6341,#6342,#6343,#6344,#6345,#6346,#6347,#6348,
    #6349,#6350,#6351,#6352,#6353,#6354,#6355,#6356,#6357,#6358,#6359,
    #6360,#6361,#6362,#6363,#6364,#6365,#6366,#6367,#6368,#6369,#6370,
    #6371,#6372,#6373,#6374,#6375,#6376,#6377,#6378,#6379,#6380,#6381,
    #6382,#6383,#6384,#6385,#6386,#6387,#6388,#6389,#6390),
  .UNSPECIFIED.,.F.,.F.,(7,5,5,5,5,5,5,5,5,5,5,5,5,5,5,5,5,5,5,5,7),(0.,
    5.047758779055E-02,0.101106140491,0.152746218209,0.197267337056,
    0.249335058116,0.30420320879,0.329634928967,0.398322737885,
    0.449299671718,0.499888428809,0.55075679551,0.601404526295,
    0.672828405764,0.717506284616,0.773831457538,0.804712702293,
    0.830044611465,0.898462843683,0.949239710082,1.),.UNSPECIFIED.);
#6289 = CARTESIAN_POINT('',(0.,4.75304923404));
#6290 = CARTESIAN_POINT('',(4.732762905127E-02,4.75304923404));
#6291 = CARTESIAN_POINT('',(9.461252364911E-02,4.736261456724));
#6292 = CARTESIAN_POINT('',(0.14187552756,4.702741980508));
#6293 = CARTESIAN_POINT('',(0.189130675857,4.653158486882));
#6294 = CARTESIAN_POINT('',(0.236378213589,4.588792234795));
#6295 = CARTESIAN_POINT('',(0.330932015509,4.433808643179));
#6296 = CARTESIAN_POINT('',(0.378248933548,4.343095623622));
#6297 = CARTESIAN_POINT('',(0.425652996078,4.240806477188));
#6298 = CARTESIAN_POINT('',(0.473250300569,4.128657667333));
#6299 = CARTESIAN_POINT('',(0.521141173675,4.008497213109));
#6300 = CARTESIAN_POINT('',(0.618674653429,3.753551766233));
#6301 = CARTESIAN_POINT('',(0.668347329506,3.618485008523));
#6302 = CARTESIAN_POINT('',(0.718649782266,3.478900385114));
#6303 = CARTESIAN_POINT('',(0.769784837274,3.33667193673));
#6304 = CARTESIAN_POINT('',(0.821958973915,3.193903732126));
#6305 = CARTESIAN_POINT('',(0.921453941649,2.931709333329));
#6306 = CARTESIAN_POINT('',(0.968495751878,2.811664310792));
#6307 = CARTESIAN_POINT('',(1.016652431844,2.694590537958));
#6308 = CARTESIAN_POINT('',(1.066060384395,2.582372139996));
#6309 = CARTESIAN_POINT('',(1.116858394247,2.47722625215));
#6310 = CARTESIAN_POINT('',(1.230418202155,2.269997751513));
#6311 = CARTESIAN_POINT('',(1.294333603158,2.170386880914));
#6312 = CARTESIAN_POINT('',(1.360223998015,2.089352118642));
#6313 = CARTESIAN_POINT('',(1.42757799531,2.032150631791));
#6314 = CARTESIAN_POINT('',(1.495985441377,2.002030420512));
#6315 = CARTESIAN_POINT('',(1.637857166622,1.998026514693));
#6316 = CARTESIAN_POINT('',(1.70997635347,2.027294177887));
#6317 = CARTESIAN_POINT('',(1.780977584838,2.086863798772));
#6318 = CARTESIAN_POINT('',(1.85037801936,2.173034714205));
#6319 = CARTESIAN_POINT('',(1.91758675912,2.279610736862));
#6320 = CARTESIAN_POINT('',(2.011465172057,2.454220967051));
#6321 = CARTESIAN_POINT('',(2.040707845471,2.512570659547));
#6322 = CARTESIAN_POINT('',(2.069486328124,2.573498322421));
#6323 = CARTESIAN_POINT('',(2.097823335494,2.636562731666));
#6324 = CARTESIAN_POINT('',(2.125740431528,2.70135394073));
#6325 = CARTESIAN_POINT('',(2.227584853464,2.94613258955));
#6326 = CARTESIAN_POINT('',(2.299096808373,3.134832654745));
#6327 = CARTESIAN_POINT('',(2.368350042671,3.326539812691));
#6328 = CARTESIAN_POINT('',(2.435843348877,3.515889738609));
#6329 = CARTESIAN_POINT('',(2.502090603578,3.698565072268));
#6330 = CARTESIAN_POINT('',(2.616252977086,3.997895379134));
#6331 = CARTESIAN_POINT('',(2.664477497165,4.119394286972));
#6332 = CARTESIAN_POINT('',(2.712397365639,4.232879612857));
#6333 = CARTESIAN_POINT('',(2.760116193114,4.336467078304));
#6334 = CARTESIAN_POINT('',(2.807743275075,4.428403667717));
#6335 = CARTESIAN_POINT('',(2.902692968888,4.585244548511));
#6336 = CARTESIAN_POINT('',(2.950026758051,4.650368426416));
#6337 = CARTESIAN_POINT('',(2.997367399558,4.700703145507));
#6338 = CARTESIAN_POINT('',(3.04471558265,4.734947757154));
#6339 = CARTESIAN_POINT('',(3.092086022085,4.75241604878));
#6340 = CARTESIAN_POINT('',(3.187177385037,4.753658509603));
#6341 = CARTESIAN_POINT('',(3.234811193747,4.737244770673));
#6342 = CARTESIAN_POINT('',(3.282423038278,4.703836458811));
#6343 = CARTESIAN_POINT('',(3.330027084999,4.654106492599));
#6344 = CARTESIAN_POINT('',(3.377623426653,4.589361726233));
#6345 = CARTESIAN_POINT('',(3.472524669092,4.43380864319));
#6346 = CARTESIAN_POINT('',(3.519841587139,4.343095623623));
#6347 = CARTESIAN_POINT('',(3.567245649675,4.240806477172));
#6348 = CARTESIAN_POINT('',(3.614842954161,4.128657667325));
#6349 = CARTESIAN_POINT('',(3.662733827258,4.008497213129));
#6350 = CARTESIAN_POINT('',(3.779109303998,3.704300151794));
#6351 = CARTESIAN_POINT('',(3.847947926854,3.514371841507));
#6352 = CARTESIAN_POINT('',(3.918134026447,3.31718485239));
#6353 = CARTESIAN_POINT('',(3.99024062658,3.117577321519));
#6354 = CARTESIAN_POINT('',(4.064832625452,2.921611615839));
#6355 = CARTESIAN_POINT('',(4.191139885288,2.622160420781));
#6356 = CARTESIAN_POINT('',(4.241105368292,2.511183547766));
#6357 = CARTESIAN_POINT('',(4.292452241194,2.406842733967));
#6358 = CARTESIAN_POINT('',(4.345224135678,2.311716999041));
#6359 = CARTESIAN_POINT('',(4.399484345179,2.228535698549));
#6360 = CARTESIAN_POINT('',(4.525731802436,2.073806651935));
#6361 = CARTESIAN_POINT('',(4.598932880842,2.010601027112));
#6362 = CARTESIAN_POINT('',(4.673537210851,1.978418528271));
#6363 = CARTESIAN_POINT('',(4.748493356665,1.981173333277));
#6364 = CARTESIAN_POINT('',(4.822781614919,2.017488237922));
#6365 = CARTESIAN_POINT('',(4.934830080795,2.116696899033));
#6366 = CARTESIAN_POINT('',(4.973891249604,2.160137774551));
#6367 = CARTESIAN_POINT('',(5.012310809224,2.211060461782));
#6368 = CARTESIAN_POINT('',(5.050055442606,2.268524604859));
#6369 = CARTESIAN_POINT('',(5.087080203526,2.331505132542));
#6370 = CARTESIAN_POINT('',(5.153057825647,2.454220967051));
#6371 = CARTESIAN_POINT('',(5.182300499061,2.512570659547));
#6372 = CARTESIAN_POINT('',(5.211078981713,2.573498322421));
#6373 = CARTESIAN_POINT('',(5.239415989084,2.636562731666));
#6374 = CARTESIAN_POINT('',(5.267333085118,2.70135394073));
#6375 = CARTESIAN_POINT('',(5.369177507054,2.94613258955));
#6376 = CARTESIAN_POINT('',(5.440689461963,3.134832654745));
#6377 = CARTESIAN_POINT('',(5.509942696261,3.32653981269));
#6378 = CARTESIAN_POINT('',(5.577436002467,3.51588973861));
#6379 = CARTESIAN_POINT('',(5.643683257168,3.698565072268));
#6380 = CARTESIAN_POINT('',(5.757845630676,3.997895379134));
#6381 = CARTESIAN_POINT('',(5.806070150755,4.119394286972));
#6382 = CARTESIAN_POINT('',(5.853990019229,4.232879612857));
#6383 = CARTESIAN_POINT('',(5.901708846704,4.336467078304));
#6384 = CARTESIAN_POINT('',(5.949335928665,4.428403667717));
#6385 = CARTESIAN_POINT('',(6.044632955608,4.585818284265));
#6386 = CARTESIAN_POINT('',(6.0923155922,4.651325808291));
#6387 = CARTESIAN_POINT('',(6.140005213781,4.701812307917));
#6388 = CARTESIAN_POINT('',(6.187702296477,4.735950704145));
#6389 = CARTESIAN_POINT('',(6.235421645807,4.75304923404));
#6390 = CARTESIAN_POINT('',(6.28318530718,4.75304923404));
#6391 = ( GEOMETRIC_REPRESENTATION_CONTEXT(2) 
PARAMETRIC_REPRESENTATION_CONTEXT() REPRESENTATION_CONTEXT('2D SPACE',''
  ) );
#6392 = ADVANCED_FACE('',(#6393,#6396),#5727,.F.);
#6393 = FACE_BOUND('',#6394,.F.);
#6394 = EDGE_LOOP('',(#6395));
#6395 = ORIENTED_EDGE('',*,*,#5712,.T.);
#6396 = FACE_BOUND('',#6397,.F.);
#6397 = EDGE_LOOP('',(#6398));
#6398 = ORIENTED_EDGE('',*,*,#6399,.F.);
#6399 = EDGE_CURVE('',#6400,#6400,#6402,.T.);
#6400 = VERTEX_POINT('',#6401);
#6401 = CARTESIAN_POINT('',(10.5,130.,1.852811908116E+03));
#6402 = SURFACE_CURVE('',#6403,(#6408,#6415),.PCURVE_S1.);
#6403 = CIRCLE('',#6404,10.5);
#6404 = AXIS2_PLACEMENT_3D('',#6405,#6406,#6407);
#6405 = CARTESIAN_POINT('',(0.,130.,1.852811908116E+03));
#6406 = DIRECTION('',(0.,-1.,2.22044604925E-16));
#6407 = DIRECTION('',(1.,0.,0.));
#6408 = PCURVE('',#5727,#6409);
#6409 = DEFINITIONAL_REPRESENTATION('',(#6410),#6414);
#6410 = CIRCLE('',#6411,10.5);
#6411 = AXIS2_PLACEMENT_2D('',#6412,#6413);
#6412 = CARTESIAN_POINT('',(0.,0.));
#6413 = DIRECTION('',(1.,0.));
#6414 = ( GEOMETRIC_REPRESENTATION_CONTEXT(2) 
PARAMETRIC_REPRESENTATION_CONTEXT() REPRESENTATION_CONTEXT('2D SPACE',''
  ) );
#6415 = PCURVE('',#6416,#6421);
#6416 = CYLINDRICAL_SURFACE('',#6417,10.5);
#6417 = AXIS2_PLACEMENT_3D('',#6418,#6419,#6420);
#6418 = CARTESIAN_POINT('',(0.,131.,1.852811908116E+03));
#6419 = DIRECTION('',(0.,-1.,2.22044604925E-16));
#6420 = DIRECTION('',(1.,0.,0.));
#6421 = DEFINITIONAL_REPRESENTATION('',(#6422),#6426);
#6422 = LINE('',#6423,#6424);
#6423 = CARTESIAN_POINT('',(0.,1.));
#6424 = VECTOR('',#6425,1.);
#6425 = DIRECTION('',(1.,0.));
#6426 = ( GEOMETRIC_REPRESENTATION_CONTEXT(2) 
PARAMETRIC_REPRESENTATION_CONTEXT() REPRESENTATION_CONTEXT('2D SPACE',''
  ) );
#6427 = ADVANCED_FACE('',(#6428,#6431),#5699,.T.);
#6428 = FACE_BOUND('',#6429,.T.);
#6429 = EDGE_LOOP('',(#6430));
#6430 = ORIENTED_EDGE('',*,*,#5684,.T.);
#6431 = FACE_BOUND('',#6432,.T.);
#6432 = EDGE_LOOP('',(#6433));
#6433 = ORIENTED_EDGE('',*,*,#6434,.F.);
#6434 = EDGE_CURVE('',#6435,#6435,#6437,.T.);
#6435 = VERTEX_POINT('',#6436);
#6436 = CARTESIAN_POINT('',(10.5,-130.,1.852811908116E+03));
#6437 = SURFACE_CURVE('',#6438,(#6443,#6450),.PCURVE_S1.);
#6438 = CIRCLE('',#6439,10.5);
#6439 = AXIS2_PLACEMENT_3D('',#6440,#6441,#6442);
#6440 = CARTESIAN_POINT('',(0.,-130.,1.852811908116E+03));
#6441 = DIRECTION('',(0.,-1.,2.22044604925E-16));
#6442 = DIRECTION('',(1.,0.,0.));
#6443 = PCURVE('',#5699,#6444);
#6444 = DEFINITIONAL_REPRESENTATION('',(#6445),#6449);
#6445 = CIRCLE('',#6446,10.5);
#6446 = AXIS2_PLACEMENT_2D('',#6447,#6448);
#6447 = CARTESIAN_POINT('',(0.,0.));
#6448 = DIRECTION('',(1.,0.));
#6449 = ( GEOMETRIC_REPRESENTATION_CONTEXT(2) 
PARAMETRIC_REPRESENTATION_CONTEXT() REPRESENTATION_CONTEXT('2D SPACE',''
  ) );
#6450 = PCURVE('',#6416,#6451);
#6451 = DEFINITIONAL_REPRESENTATION('',(#6452),#6456);
#6452 = LINE('',#6453,#6454);
#6453 = CARTESIAN_POINT('',(0.,261.));
#6454 = VECTOR('',#6455,1.);
#6455 = DIRECTION('',(1.,0.));
#6456 = ( GEOMETRIC_REPRESENTATION_CONTEXT(2) 
PARAMETRIC_REPRESENTATION_CONTEXT() REPRESENTATION_CONTEXT('2D SPACE',''
  ) );
#6457 = ADVANCED_FACE('',(#6458),#5955,.F.);
#6458 = FACE_BOUND('',#6459,.F.);
#6459 = EDGE_LOOP('',(#6460,#6461,#6484,#6772));
#6460 = ORIENTED_EDGE('',*,*,#5741,.F.);
#6461 = ORIENTED_EDGE('',*,*,#6462,.F.);
#6462 = EDGE_CURVE('',#6463,#5742,#6465,.T.);
#6463 = VERTEX_POINT('',#6464);
#6464 = CARTESIAN_POINT('',(8.,-1.959434878636E-15,1.859612643371E+03));
#6465 = SEAM_CURVE('',#6466,(#6470,#6477),.PCURVE_S1.);
#6466 = LINE('',#6467,#6468);
#6467 = CARTESIAN_POINT('',(8.,-1.959434878636E-15,1.837811908116E+03));
#6468 = VECTOR('',#6469,1.);
#6469 = DIRECTION('',(0.,0.,1.));
#6470 = PCURVE('',#5955,#6471);
#6471 = DEFINITIONAL_REPRESENTATION('',(#6472),#6476);
#6472 = LINE('',#6473,#6474);
#6473 = CARTESIAN_POINT('',(6.28318530718,-0.));
#6474 = VECTOR('',#6475,1.);
#6475 = DIRECTION('',(0.,1.));
#6476 = ( GEOMETRIC_REPRESENTATION_CONTEXT(2) 
PARAMETRIC_REPRESENTATION_CONTEXT() REPRESENTATION_CONTEXT('2D SPACE',''
  ) );
#6477 = PCURVE('',#5955,#6478);
#6478 = DEFINITIONAL_REPRESENTATION('',(#6479),#6483);
#6479 = LINE('',#6480,#6481);
#6480 = CARTESIAN_POINT('',(0.,-0.));
#6481 = VECTOR('',#6482,1.);
#6482 = DIRECTION('',(0.,1.));
#6483 = ( GEOMETRIC_REPRESENTATION_CONTEXT(2) 
PARAMETRIC_REPRESENTATION_CONTEXT() REPRESENTATION_CONTEXT('2D SPACE',''
  ) );
#6484 = ORIENTED_EDGE('',*,*,#6485,.T.);
#6485 = EDGE_CURVE('',#6463,#6463,#6486,.T.);
#6486 = SURFACE_CURVE('',#6487,(#6580,#6676),.PCURVE_S1.);
#6487 = B_SPLINE_CURVE_WITH_KNOTS('',6,(#6488,#6489,#6490,#6491,#6492,
    #6493,#6494,#6495,#6496,#6497,#6498,#6499,#6500,#6501,#6502,#6503,
    #6504,#6505,#6506,#6507,#6508,#6509,#6510,#6511,#6512,#6513,#6514,
    #6515,#6516,#6517,#6518,#6519,#6520,#6521,#6522,#6523,#6524,#6525,
    #6526,#6527,#6528,#6529,#6530,#6531,#6532,#6533,#6534,#6535,#6536,
    #6537,#6538,#6539,#6540,#6541,#6542,#6543,#6544,#6545,#6546,#6547,
    #6548,#6549,#6550,#6551,#6552,#6553,#6554,#6555,#6556,#6557,#6558,
    #6559,#6560,#6561,#6562,#6563,#6564,#6565,#6566,#6567,#6568,#6569,
    #6570,#6571,#6572,#6573,#6574,#6575,#6576,#6577,#6578,#6579),
  .UNSPECIFIED.,.T.,.F.,(7,5,5,5,5,5,5,5,5,5,5,5,5,5,5,5,5,5,7),(0.,
    4.752644968614E-02,0.106807049483,0.174506217772,0.219669873755,
    0.270560759822,0.324200846452,0.392081433535,0.451822329854,
    0.499471706679,0.547389365576,0.606710187273,0.674455289466,
    0.719649588974,0.770575004124,0.824251484633,0.892178127306,
    0.951959556601,1.),.UNSPECIFIED.);
#6488 = CARTESIAN_POINT('',(8.,-8.881784197001E-16,1.859612643371E+03));
#6489 = CARTESIAN_POINT('',(8.,0.368194479774,1.859612643371E+03));
#6490 = CARTESIAN_POINT('',(7.979665222707,0.735153998435,
    1.859636563822E+03));
#6491 = CARTESIAN_POINT('',(7.939249421382,1.099481839436,
    1.859684107739E+03));
#6492 = CARTESIAN_POINT('',(7.879140234623,1.459616356196,
    1.859753727309E+03));
#6493 = CARTESIAN_POINT('',(7.799962991123,1.813539219963,
    1.859842613061E+03));
#6494 = CARTESIAN_POINT('',(7.5827321942,2.588794178112,
    1.860077144082E+03));
#6495 = CARTESIAN_POINT('',(7.434570433087,3.006545330847,
    1.86023181169E+03));
#6496 = CARTESIAN_POINT('',(7.259935049456,3.412060701891,
    1.860405652068E+03));
#6497 = CARTESIAN_POINT('',(7.059210406414,3.805164588022,
    1.860593659755E+03));
#6498 = CARTESIAN_POINT('',(6.832332113378,4.185471037227,
    1.860791586868E+03));
#6499 = CARTESIAN_POINT('',(6.288697769685,4.971088727219,
    1.86122859217E+03));
#6500 = CARTESIAN_POINT('',(5.963967596834,5.371973695438,
    1.861469351626E+03));
#6501 = CARTESIAN_POINT('',(5.602086570636,5.75558923307,
    1.861713139783E+03));
#6502 = CARTESIAN_POINT('',(5.199367891143,6.120541188001,
    1.861955639661E+03));
#6503 = CARTESIAN_POINT('',(4.751447237664,6.462839972788,
    1.86219110827E+03));
#6504 = CARTESIAN_POINT('',(3.922716340701,6.983239939498,
    1.862558388238E+03));
#6505 = CARTESIAN_POINT('',(3.567938224837,7.178861434639,
    1.862699171951E+03));
#6506 = CARTESIAN_POINT('',(3.189526434224,7.358811422498,
    1.862830809231E+03));
#6507 = CARTESIAN_POINT('',(2.787243552575,7.519670974132,
    1.862950012435E+03));
#6508 = CARTESIAN_POINT('',(2.361225878326,7.657579459908,
    1.863053159059E+03));
#6509 = CARTESIAN_POINT('',(1.406076168192,7.892689835985,
    1.863230056727E+03));
#6510 = CARTESIAN_POINT('',(0.868769601559,7.982992076819,
    1.863298783037E+03));
#6511 = CARTESIAN_POINT('',(0.31301196351,8.029183766843,
    1.863334262831E+03));
#6512 = CARTESIAN_POINT('',(-0.247766516161,8.027160988698,
    1.863332620865E+03));
#6513 = CARTESIAN_POINT('',(-0.79988764071,7.978060071052,
    1.86329503898E+03));
#6514 = CARTESIAN_POINT('',(-1.889226065158,7.794368772914,
    1.863155911037E+03));
#6515 = CARTESIAN_POINT('',(-2.419108262989,7.656132908397,
    1.863051646699E+03));
#6516 = CARTESIAN_POINT('',(-2.917240246758,7.481280101557,
    1.862920867106E+03));
#6517 = CARTESIAN_POINT('',(-3.382055551292,7.276569125264,
    1.862769876952E+03));
#6518 = CARTESIAN_POINT('',(-3.812813739602,7.0483999934,
    1.862604754757E+03));
#6519 = CARTESIAN_POINT('',(-4.71126139047,6.492481519568,
    1.862211595203E+03));
#6520 = CARTESIAN_POINT('',(-5.163467742053,6.151239025037,
    1.861976273129E+03));
#6521 = CARTESIAN_POINT('',(-5.570010138582,5.786992470243,
    1.86173354001E+03));
#6522 = CARTESIAN_POINT('',(-5.935318987668,5.403875091983,
    1.861489243319E+03));
#6523 = CARTESIAN_POINT('',(-6.263169680511,5.003361619186,
    1.861247733824E+03));
#6524 = CARTESIAN_POINT('',(-6.813546781828,4.216358459273,
    1.860807804962E+03));
#6525 = CARTESIAN_POINT('',(-7.043801586445,3.834212132079,
    1.860607839958E+03));
#6526 = CARTESIAN_POINT('',(-7.247512513907,3.43908296749,
    1.860417725256E+03));
#6527 = CARTESIAN_POINT('',(-7.424778437819,3.031353187566,
    1.860241760493E+03));
#6528 = CARTESIAN_POINT('',(-7.575227211656,2.611195255161,
    1.860085035131E+03));
#6529 = CARTESIAN_POINT('',(-7.795435676177,1.833016050893,
    1.859847661263E+03));
#6530 = CARTESIAN_POINT('',(-7.87562506569,1.478703766917,
    1.859757753011E+03));
#6531 = CARTESIAN_POINT('',(-7.936699856913,1.118104833038,
    1.859687080921E+03));
#6532 = CARTESIAN_POINT('',(-7.978026736002,0.753237132478,
    1.859638490858E+03));
#6533 = CARTESIAN_POINT('',(-7.999210721048,0.385654842421,
    1.859613571829E+03));
#6534 = CARTESIAN_POINT('',(-8.000758613166,-0.354260277093,
    1.859611750986E+03));
#6535 = CARTESIAN_POINT('',(-7.980886721135,-0.724076623469,
    1.859635126538E+03));
#6536 = CARTESIAN_POINT('',(-7.940616920607,-1.091274065969,
    1.859682523284E+03));
#6537 = CARTESIAN_POINT('',(-7.88034075923,-1.45425067412,
    1.859752379625E+03));
#6538 = CARTESIAN_POINT('',(-7.800692576293,-1.810935470731,
    1.859841825372E+03));
#6539 = CARTESIAN_POINT('',(-7.582732194194,-2.58879417813,
    1.860077144082E+03));
#6540 = CARTESIAN_POINT('',(-7.434570433086,-3.006545330843,
    1.86023181169E+03));
#6541 = CARTESIAN_POINT('',(-7.259935049464,-3.412060701873,
    1.860405652068E+03));
#6542 = CARTESIAN_POINT('',(-7.05921040642,-3.805164588017,
    1.860593659755E+03));
#6543 = CARTESIAN_POINT('',(-6.832332113366,-4.185471037245,
    1.860791586868E+03));
#6544 = CARTESIAN_POINT('',(-6.288697769684,-4.97108872722,
    1.86122859217E+03));
#6545 = CARTESIAN_POINT('',(-5.963967596834,-5.371973695437,
    1.861469351626E+03));
#6546 = CARTESIAN_POINT('',(-5.602086570637,-5.75558923307,
    1.861713139783E+03));
#6547 = CARTESIAN_POINT('',(-5.199367891143,-6.120541188001,
    1.861955639661E+03));
#6548 = CARTESIAN_POINT('',(-4.751447237664,-6.462839972788,
    1.86219110827E+03));
#6549 = CARTESIAN_POINT('',(-3.922716340909,-6.983239939367,
    1.862558388237E+03));
#6550 = CARTESIAN_POINT('',(-3.567938224758,-7.178861434723,
    1.862699171951E+03));
#6551 = CARTESIAN_POINT('',(-3.189526433989,-7.358811422595,
    1.862830809231E+03));
#6552 = CARTESIAN_POINT('',(-2.787243552534,-7.519670974103,
    1.862950012435E+03));
#6553 = CARTESIAN_POINT('',(-2.361225878593,-7.657579459842,
    1.863053159059E+03));
#6554 = CARTESIAN_POINT('',(-1.406076171526,-7.892689835165,
    1.863230056727E+03));
#6555 = CARTESIAN_POINT('',(-0.86876959121,-7.982992078191,
    1.863298783038E+03));
#6556 = CARTESIAN_POINT('',(-0.313011977989,-8.029183766351,
    1.86333426283E+03));
#6557 = CARTESIAN_POINT('',(0.24776652675,-8.027160988035,
    1.863332620865E+03));
#6558 = CARTESIAN_POINT('',(0.799887637209,-7.978060071642,
    1.863295038981E+03));
#6559 = CARTESIAN_POINT('',(1.889226063484,-7.794368773196,
    1.863155911037E+03));
#6560 = CARTESIAN_POINT('',(2.419108263273,-7.656132908637,
    1.8630516467E+03));
#6561 = CARTESIAN_POINT('',(2.91724024827,-7.481280101006,
    1.862920867106E+03));
#6562 = CARTESIAN_POINT('',(3.382055551818,-7.276569124689,
    1.862769876952E+03));
#6563 = CARTESIAN_POINT('',(3.812813738288,-7.048399994213,
    1.862604754757E+03));
#6564 = CARTESIAN_POINT('',(4.71126139047,-6.492481519568,
    1.862211595203E+03));
#6565 = CARTESIAN_POINT('',(5.163467742052,-6.151239025038,
    1.861976273129E+03));
#6566 = CARTESIAN_POINT('',(5.570010138583,-5.786992470242,
    1.86173354001E+03));
#6567 = CARTESIAN_POINT('',(5.935318987668,-5.403875091984,
    1.861489243319E+03));
#6568 = CARTESIAN_POINT('',(6.263169680511,-5.003361619186,
    1.861247733824E+03));
#6569 = CARTESIAN_POINT('',(6.813546781829,-4.216358459273,
    1.860807804962E+03));
#6570 = CARTESIAN_POINT('',(7.043801586444,-3.83421213208,
    1.860607839958E+03));
#6571 = CARTESIAN_POINT('',(7.247512513907,-3.43908296749,
    1.860417725256E+03));
#6572 = CARTESIAN_POINT('',(7.424778437819,-3.031353187565,
    1.860241760493E+03));
#6573 = CARTESIAN_POINT('',(7.575227211656,-2.611195255161,
    1.860085035131E+03));
#6574 = CARTESIAN_POINT('',(7.796170784289,-1.83041830404,
    1.859846868853E+03));
#6575 = CARTESIAN_POINT('',(7.876838479486,-1.47334431137,
    1.859756392642E+03));
#6576 = CARTESIAN_POINT('',(7.938087107621,-1.109901128812,
    1.859685475062E+03));
#6577 = CARTESIAN_POINT('',(7.979273862994,-0.742161408552,
    1.859637024183E+03));
#6578 = CARTESIAN_POINT('',(8.,-0.371720869188,1.859612643371E+03));
#6579 = CARTESIAN_POINT('',(8.,-8.881784197001E-16,1.859612643371E+03));
#6580 = PCURVE('',#5955,#6581);
#6581 = DEFINITIONAL_REPRESENTATION('',(#6582),#6675);
#6582 = B_SPLINE_CURVE_WITH_KNOTS('',6,(#6583,#6584,#6585,#6586,#6587,
    #6588,#6589,#6590,#6591,#6592,#6593,#6594,#6595,#6596,#6597,#6598,
    #6599,#6600,#6601,#6602,#6603,#6604,#6605,#6606,#6607,#6608,#6609,
    #6610,#6611,#6612,#6613,#6614,#6615,#6616,#6617,#6618,#6619,#6620,
    #6621,#6622,#6623,#6624,#6625,#6626,#6627,#6628,#6629,#6630,#6631,
    #6632,#6633,#6634,#6635,#6636,#6637,#6638,#6639,#6640,#6641,#6642,
    #6643,#6644,#6645,#6646,#6647,#6648,#6649,#6650,#6651,#6652,#6653,
    #6654,#6655,#6656,#6657,#6658,#6659,#6660,#6661,#6662,#6663,#6664,
    #6665,#6666,#6667,#6668,#6669,#6670,#6671,#6672,#6673,#6674),
  .UNSPECIFIED.,.F.,.F.,(7,5,5,5,5,5,5,5,5,5,5,5,5,5,5,5,5,5,7),(0.,
    4.752644968614E-02,0.106807049483,0.174506217772,0.219669873755,
    0.270560759822,0.324200846452,0.392081433535,0.451822329854,
    0.499471706679,0.547389365576,0.606710187273,0.674455289466,
    0.719649588974,0.770575004124,0.824251484633,0.892178127306,
    0.951959556601,1.),.UNSPECIFIED.);
#6583 = CARTESIAN_POINT('',(0.,21.800735254368));
#6584 = CARTESIAN_POINT('',(4.60243099717E-02,21.800735254368));
#6585 = CARTESIAN_POINT('',(9.189418127031E-02,21.824655705378));
#6586 = CARTESIAN_POINT('',(0.137610975847,21.872199622926));
#6587 = CARTESIAN_POINT('',(0.183147477313,21.941819192601));
#6588 = CARTESIAN_POINT('',(0.228417399375,22.030704944695));
#6589 = CARTESIAN_POINT('',(0.329056720504,22.265235965742));
#6590 = CARTESIAN_POINT('',(0.384336069663,22.4199035737));
#6591 = CARTESIAN_POINT('',(0.439348559033,22.593743951157));
#6592 = CARTESIAN_POINT('',(0.494344168316,22.781751638566));
#6593 = CARTESIAN_POINT('',(0.549573410705,22.979678751951));
#6594 = CARTESIAN_POINT('',(0.668994766526,23.416684054075));
#6595 = CARTESIAN_POINT('',(0.733299450297,23.657443509791));
#6596 = CARTESIAN_POINT('',(0.798934752807,23.901231666195));
#6597 = CARTESIAN_POINT('',(0.866535924692,24.143731544488));
#6598 = CARTESIAN_POINT('',(0.936706737413,24.379200153822));
#6599 = CARTESIAN_POINT('',(1.059028739786,24.746480121137));
#6600 = CARTESIAN_POINT('',(1.109589098119,24.887263834814));
#6601 = CARTESIAN_POINT('',(1.161820490301,25.018901114628));
#6602 = CARTESIAN_POINT('',(1.215802023359,25.13810431825));
#6603 = CARTESIAN_POINT('',(1.271631071893,25.241250942422));
#6604 = CARTESIAN_POINT('',(1.39458862667,25.418148611016));
#6605 = CARTESIAN_POINT('',(1.462503248282,25.486874920871));
#6606 = CARTESIAN_POINT('',(1.531836950058,25.522354714335));
#6607 = CARTESIAN_POINT('',(1.601547370427,25.52071274904));
#6608 = CARTESIAN_POINT('',(1.670622297244,25.4831308639));
#6609 = CARTESIAN_POINT('',(1.808711981416,25.344002920831));
#6610 = CARTESIAN_POINT('',(1.876898472394,25.239738582951));
#6611 = CARTESIAN_POINT('',(1.942572476337,25.108958989733));
#6612 = CARTESIAN_POINT('',(2.005801402222,24.95796883607));
#6613 = CARTESIAN_POINT('',(2.066596918111,24.792846640297));
#6614 = CARTESIAN_POINT('',(2.198663043292,24.399687087006));
#6615 = CARTESIAN_POINT('',(2.269175642038,24.164365012266));
#6616 = CARTESIAN_POINT('',(2.337068439834,23.921631894023));
#6617 = CARTESIAN_POINT('',(2.402950499012,23.677335202672));
#6618 = CARTESIAN_POINT('',(2.467463985284,23.435825707713));
#6619 = CARTESIAN_POINT('',(2.587508828947,22.99589684571));
#6620 = CARTESIAN_POINT('',(2.643149280868,22.795931841356));
#6621 = CARTESIAN_POINT('',(2.698536760269,22.605817139598));
#6622 = CARTESIAN_POINT('',(2.75393022686,22.429852376805));
#6623 = CARTESIAN_POINT('',(2.809586341454,22.273127014778));
#6624 = CARTESIAN_POINT('',(2.910678397413,22.035753146455));
#6625 = CARTESIAN_POINT('',(2.956023273861,21.945844894298));
#6626 = CARTESIAN_POINT('',(3.001636517402,21.875172804792));
#6627 = CARTESIAN_POINT('',(3.047432538729,21.826582741852));
#6628 = CARTESIAN_POINT('',(3.093385695853,21.80166371266));
#6629 = CARTESIAN_POINT('',(3.185875288177,21.799842869489));
#6630 = CARTESIAN_POINT('',(3.232096960996,21.823218421254));
#6631 = CARTESIAN_POINT('',(3.278165883477,21.870615167385));
#6632 = CARTESIAN_POINT('',(3.324053809807,21.940471509028));
#6633 = CARTESIAN_POINT('',(3.369672048606,22.029917255485));
#6634 = CARTESIAN_POINT('',(3.470649374096,22.265235965748));
#6635 = CARTESIAN_POINT('',(3.525928723252,22.419903573702));
#6636 = CARTESIAN_POINT('',(3.58094121262,22.593743951147));
#6637 = CARTESIAN_POINT('',(3.635936821905,22.781751638562));
#6638 = CARTESIAN_POINT('',(3.691166064298,22.979678751961));
#6639 = CARTESIAN_POINT('',(3.810587420116,23.416684054075));
#6640 = CARTESIAN_POINT('',(3.874892103887,23.657443509791));
#6641 = CARTESIAN_POINT('',(3.940527406397,23.901231666195));
#6642 = CARTESIAN_POINT('',(4.008128578282,24.143731544488));
#6643 = CARTESIAN_POINT('',(4.078299391003,24.379200153822));
#6644 = CARTESIAN_POINT('',(4.200621393346,24.746480121045));
#6645 = CARTESIAN_POINT('',(4.251181751723,24.88726383487));
#6646 = CARTESIAN_POINT('',(4.303413143921,25.018901114703));
#6647 = CARTESIAN_POINT('',(4.357394676953,25.138104318229));
#6648 = CARTESIAN_POINT('',(4.413223725448,25.241250942372));
#6649 = CARTESIAN_POINT('',(4.53618127983,25.418148610399));
#6650 = CARTESIAN_POINT('',(4.604095903196,25.486874921902));
#6651 = CARTESIAN_POINT('',(4.673429601805,25.52235471397));
#6652 = CARTESIAN_POINT('',(4.743140025362,25.520712748535));
#6653 = CARTESIAN_POINT('',(4.81221495039,25.483130864347));
#6654 = CARTESIAN_POINT('',(4.950304634794,25.344002921045));
#6655 = CARTESIAN_POINT('',(5.018491126014,25.239738583133));
#6656 = CARTESIAN_POINT('',(5.08416513012,25.108958989298));
#6657 = CARTESIAN_POINT('',(5.147394055906,24.957968835685));
#6658 = CARTESIAN_POINT('',(5.208189571508,24.792846640872));
#6659 = CARTESIAN_POINT('',(5.340255696882,24.399687087006));
#6660 = CARTESIAN_POINT('',(5.410768295628,24.164365012266));
#6661 = CARTESIAN_POINT('',(5.478661093423,23.921631894022));
#6662 = CARTESIAN_POINT('',(5.544543152602,23.677335202672));
#6663 = CARTESIAN_POINT('',(5.609056638874,23.435825707713));
#6664 = CARTESIAN_POINT('',(5.729101482537,22.99589684571));
#6665 = CARTESIAN_POINT('',(5.784741934458,22.795931841357));
#6666 = CARTESIAN_POINT('',(5.840129413859,22.605817139597));
#6667 = CARTESIAN_POINT('',(5.89552288045,22.429852376804));
#6668 = CARTESIAN_POINT('',(5.951178995044,22.273127014778));
#6669 = CARTESIAN_POINT('',(6.052608520276,22.034960736151));
#6670 = CARTESIAN_POINT('',(6.098301842268,21.944484525283));
#6671 = CARTESIAN_POINT('',(6.144266814318,21.873566945508));
#6672 = CARTESIAN_POINT('',(6.19041520358,21.825116067058));
#6673 = CARTESIAN_POINT('',(6.236720198531,21.800735254368));
#6674 = CARTESIAN_POINT('',(6.28318530718,21.800735254368));
#6675 = ( GEOMETRIC_REPRESENTATION_CONTEXT(2) 
PARAMETRIC_REPRESENTATION_CONTEXT() REPRESENTATION_CONTEXT('2D SPACE',''
  ) );
#6676 = PCURVE('',#6416,#6677);
#6677 = DEFINITIONAL_REPRESENTATION('',(#6678),#6771);
#6678 = B_SPLINE_CURVE_WITH_KNOTS('',6,(#6679,#6680,#6681,#6682,#6683,
    #6684,#6685,#6686,#6687,#6688,#6689,#6690,#6691,#6692,#6693,#6694,
    #6695,#6696,#6697,#6698,#6699,#6700,#6701,#6702,#6703,#6704,#6705,
    #6706,#6707,#6708,#6709,#6710,#6711,#6712,#6713,#6714,#6715,#6716,
    #6717,#6718,#6719,#6720,#6721,#6722,#6723,#6724,#6725,#6726,#6727,
    #6728,#6729,#6730,#6731,#6732,#6733,#6734,#6735,#6736,#6737,#6738,
    #6739,#6740,#6741,#6742,#6743,#6744,#6745,#6746,#6747,#6748,#6749,
    #6750,#6751,#6752,#6753,#6754,#6755,#6756,#6757,#6758,#6759,#6760,
    #6761,#6762,#6763,#6764,#6765,#6766,#6767,#6768,#6769,#6770),
  .UNSPECIFIED.,.T.,.F.,(7,5,5,5,5,5,5,5,5,5,5,5,5,5,5,5,5,5,7),(0.,
    4.752644968614E-02,0.106807049483,0.174506217772,0.219669873755,
    0.270560759822,0.324200846452,0.392081433535,0.451822329854,
    0.499471706679,0.547389365576,0.606710187273,0.674455289466,
    0.719649588974,0.770575004124,0.824251484633,0.892178127306,
    0.951959556601,1.),.UNSPECIFIED.);
#6679 = CARTESIAN_POINT('',(0.704547418453,131.));
#6680 = CARTESIAN_POINT('',(0.704547418453,130.63180552022));
#6681 = CARTESIAN_POINT('',(0.707537452632,130.26484600156));
#6682 = CARTESIAN_POINT('',(0.713480548571,129.90051816056));
#6683 = CARTESIAN_POINT('',(0.722239723426,129.5403836438));
#6684 = CARTESIAN_POINT('',(0.733574363426,129.18646078003));
#6685 = CARTESIAN_POINT('',(0.764019886533,128.41120582188));
#6686 = CARTESIAN_POINT('',(0.784415347763,127.99345466915));
#6687 = CARTESIAN_POINT('',(0.807872173685,127.5879392981));
#6688 = CARTESIAN_POINT('',(0.834043353345,127.19483541197));
#6689 = CARTESIAN_POINT('',(0.862694416344,126.81452896277));
#6690 = CARTESIAN_POINT('',(0.929123375805,126.02891127278));
#6691 = CARTESIAN_POINT('',(0.967593591063,125.62802630456));
#6692 = CARTESIAN_POINT('',(1.009081943827,125.24441076693));
#6693 = CARTESIAN_POINT('',(1.053754222377,124.87945881199));
#6694 = CARTESIAN_POINT('',(1.101841169144,124.53716002721));
#6695 = CARTESIAN_POINT('',(1.188171730073,124.0167600605));
#6696 = CARTESIAN_POINT('',(1.224494975914,123.82113856536));
#6697 = CARTESIAN_POINT('',(1.262597278874,123.6411885775));
#6698 = CARTESIAN_POINT('',(1.30248484639,123.48032902586));
#6699 = CARTESIAN_POINT('',(1.344168451581,123.34242054009));
#6700 = CARTESIAN_POINT('',(1.436682040896,123.10731016401));
#6701 = CARTESIAN_POINT('',(1.488190656232,123.01700792318));
#6702 = CARTESIAN_POINT('',(1.541060897491,122.97081623315));
#6703 = CARTESIAN_POINT('',(1.594294194496,122.9728390113));
#6704 = CARTESIAN_POINT('',(1.646907185705,123.02193992894));
#6705 = CARTESIAN_POINT('',(1.75149642816,123.20563122708));
#6706 = CARTESIAN_POINT('',(1.802812798072,123.3438670916));
#6707 = CARTESIAN_POINT('',(1.851727850729,123.51871989844));
#6708 = CARTESIAN_POINT('',(1.898173937937,123.72343087473));
#6709 = CARTESIAN_POINT('',(1.942061997018,123.9516000066));
#6710 = CARTESIAN_POINT('',(2.035462488682,124.50751848043));
#6711 = CARTESIAN_POINT('',(2.083902188876,124.84876097496));
#6712 = CARTESIAN_POINT('',(2.128896104678,125.21300752975));
#6713 = CARTESIAN_POINT('',(2.170681087015,125.59612490801));
#6714 = CARTESIAN_POINT('',(2.2094320574,125.99663838081));
#6715 = CARTESIAN_POINT('',(2.276536224387,126.78364154072));
#6716 = CARTESIAN_POINT('',(2.305556365048,127.16578786792));
#6717 = CARTESIAN_POINT('',(2.332071513442,127.56091703251));
#6718 = CARTESIAN_POINT('',(2.35584817031,127.96864681243));
#6719 = CARTESIAN_POINT('',(2.376535703566,128.38880474483));
#6720 = CARTESIAN_POINT('',(2.407372575392,129.1669839491));
#6721 = CARTESIAN_POINT('',(2.418843989431,129.52129623308));
#6722 = CARTESIAN_POINT('',(2.427739092346,129.88189516696));
#6723 = CARTESIAN_POINT('',(2.433814301728,130.24676286752));
#6724 = CARTESIAN_POINT('',(2.436929177599,130.61434515757));
#6725 = CARTESIAN_POINT('',(2.437156783494,131.35426027709));
#6726 = CARTESIAN_POINT('',(2.434234843141,131.72407662346));
#6727 = CARTESIAN_POINT('',(2.428311424359,132.09127406596));
#6728 = CARTESIAN_POINT('',(2.419524786809,132.45425067412));
#6729 = CARTESIAN_POINT('',(2.408120543631,132.81093547073));
#6730 = CARTESIAN_POINT('',(2.377572767056,133.58879417813));
#6731 = CARTESIAN_POINT('',(2.357177305827,134.00654533084));
#6732 = CARTESIAN_POINT('',(2.333720479906,134.41206070187));
#6733 = CARTESIAN_POINT('',(2.307549300246,134.80516458801));
#6734 = CARTESIAN_POINT('',(2.278898237244,135.18547103724));
#6735 = CARTESIAN_POINT('',(2.212469277784,135.97108872722));
#6736 = CARTESIAN_POINT('',(2.173999062527,136.37197369543));
#6737 = CARTESIAN_POINT('',(2.132510709763,136.75558923307));
#6738 = CARTESIAN_POINT('',(2.087838431213,137.120541188));
#6739 = CARTESIAN_POINT('',(2.039751484446,137.46283997278));
#6740 = CARTESIAN_POINT('',(1.953420923538,137.98323993936));
#6741 = CARTESIAN_POINT('',(1.917097677667,138.17886143472));
#6742 = CARTESIAN_POINT('',(1.878995374692,138.35881142259));
#6743 = CARTESIAN_POINT('',(1.839107807196,138.5196709741));
#6744 = CARTESIAN_POINT('',(1.797424202035,138.65757945984));
#6745 = CARTESIAN_POINT('',(1.704910613017,138.89268983516));
#6746 = CARTESIAN_POINT('',(1.653401996359,138.98299207819));
#6747 = CARTESIAN_POINT('',(1.600531757492,139.02918376635));
#6748 = CARTESIAN_POINT('',(1.547298458077,139.02716098803));
#6749 = CARTESIAN_POINT('',(1.494685468221,138.97806007164));
#6750 = CARTESIAN_POINT('',(1.39009622559,138.79436877319));
#6751 = CARTESIAN_POINT('',(1.338779855494,138.65613290863));
#6752 = CARTESIAN_POINT('',(1.289864802715,138.481280101));
#6753 = CARTESIAN_POINT('',(1.243418715592,138.27656912468));
#6754 = CARTESIAN_POINT('',(1.199530656708,138.04839999421));
#6755 = CARTESIAN_POINT('',(1.106130164908,137.49248151956));
#6756 = CARTESIAN_POINT('',(1.057690464714,137.15123902503));
#6757 = CARTESIAN_POINT('',(1.012696548912,136.78699247024));
#6758 = CARTESIAN_POINT('',(0.970911566575,136.40387509198));
#6759 = CARTESIAN_POINT('',(0.93216059619,136.00336161918));
#6760 = CARTESIAN_POINT('',(0.865056429203,135.21635845927));
#6761 = CARTESIAN_POINT('',(0.836036288541,134.83421213208));
#6762 = CARTESIAN_POINT('',(0.809521140147,134.43908296749));
#6763 = CARTESIAN_POINT('',(0.78574448328,134.03135318756));
#6764 = CARTESIAN_POINT('',(0.765056950024,133.61119525516));
#6765 = CARTESIAN_POINT('',(0.734117137401,132.83041830404));
#6766 = CARTESIAN_POINT('',(0.722575089709,132.47334431137));
#6767 = CARTESIAN_POINT('',(0.713651470593,132.10990112881));
#6768 = CARTESIAN_POINT('',(0.70759499612,131.74216140855));
#6769 = CARTESIAN_POINT('',(0.704547418453,131.37172086918));
#6770 = CARTESIAN_POINT('',(0.704547418453,131.));
#6771 = ( GEOMETRIC_REPRESENTATION_CONTEXT(2) 
PARAMETRIC_REPRESENTATION_CONTEXT() REPRESENTATION_CONTEXT('2D SPACE',''
  ) );
#6772 = ORIENTED_EDGE('',*,*,#6462,.T.);
#6773 = ADVANCED_FACE('',(#6774),#6282,.F.);
#6774 = FACE_BOUND('',#6775,.F.);
#6775 = EDGE_LOOP('',(#6776,#7066,#7087,#7088));
#6776 = ORIENTED_EDGE('',*,*,#6777,.F.);
#6777 = EDGE_CURVE('',#6778,#6778,#6780,.T.);
#6778 = VERTEX_POINT('',#6779);
#6779 = CARTESIAN_POINT('',(8.,-1.959434878636E-15,1.846011172862E+03));
#6780 = SURFACE_CURVE('',#6781,(#6874,#6970),.PCURVE_S1.);
#6781 = B_SPLINE_CURVE_WITH_KNOTS('',6,(#6782,#6783,#6784,#6785,#6786,
    #6787,#6788,#6789,#6790,#6791,#6792,#6793,#6794,#6795,#6796,#6797,
    #6798,#6799,#6800,#6801,#6802,#6803,#6804,#6805,#6806,#6807,#6808,
    #6809,#6810,#6811,#6812,#6813,#6814,#6815,#6816,#6817,#6818,#6819,
    #6820,#6821,#6822,#6823,#6824,#6825,#6826,#6827,#6828,#6829,#6830,
    #6831,#6832,#6833,#6834,#6835,#6836,#6837,#6838,#6839,#6840,#6841,
    #6842,#6843,#6844,#6845,#6846,#6847,#6848,#6849,#6850,#6851,#6852,
    #6853,#6854,#6855,#6856,#6857,#6858,#6859,#6860,#6861,#6862,#6863,
    #6864,#6865,#6866,#6867,#6868,#6869,#6870,#6871,#6872,#6873),
  .UNSPECIFIED.,.T.,.F.,(7,5,5,5,5,5,5,5,5,5,5,5,5,5,5,5,5,5,7),(0.,
    4.752644807179E-02,0.10680704656,0.174506214122,0.219669869621,
    0.270560755115,0.324200841109,0.392081427393,0.451822323009,
    0.499471699273,0.547389357606,0.60671017931,0.674455282279,
    0.719649582334,0.770574998438,0.824251480274,0.892178124632,
    0.951959555409,1.),.UNSPECIFIED.);
#6782 = CARTESIAN_POINT('',(8.,-8.881784197001E-16,1.846011172862E+03));
#6783 = CARTESIAN_POINT('',(8.,0.368194479774,1.846011172862E+03));
#6784 = CARTESIAN_POINT('',(7.979665222708,0.735153998435,
    1.845987252411E+03));
#6785 = CARTESIAN_POINT('',(7.939249421381,1.099481839437,
    1.845939708493E+03));
#6786 = CARTESIAN_POINT('',(7.879140234623,1.459616356195,
    1.845870088924E+03));
#6787 = CARTESIAN_POINT('',(7.799962991122,1.813539219964,
    1.845781203172E+03));
#6788 = CARTESIAN_POINT('',(7.582732192767,2.588794183226,
    1.845546672149E+03));
#6789 = CARTESIAN_POINT('',(7.434570438945,3.006545315238,
    1.845392004548E+03));
#6790 = CARTESIAN_POINT('',(7.259935039738,3.412060722864,
    1.845218164156E+03));
#6791 = CARTESIAN_POINT('',(7.059210414373,3.805164573833,
    1.845030156485E+03));
#6792 = CARTESIAN_POINT('',(6.832332110497,4.18547104139,
    1.844832229362E+03));
#6793 = CARTESIAN_POINT('',(6.288697769685,4.971088727219,
    1.844395224062E+03));
#6794 = CARTESIAN_POINT('',(5.963967596834,5.371973695437,
    1.844154464607E+03));
#6795 = CARTESIAN_POINT('',(5.602086570635,5.75558923307,
    1.84391067645E+03));
#6796 = CARTESIAN_POINT('',(5.199367891143,6.120541188001,
    1.843668176572E+03));
#6797 = CARTESIAN_POINT('',(4.751447237664,6.462839972788,
    1.843432707963E+03));
#6798 = CARTESIAN_POINT('',(3.922716340701,6.983239939498,
    1.843065427995E+03));
#6799 = CARTESIAN_POINT('',(3.567938224838,7.178861434639,
    1.842924644282E+03));
#6800 = CARTESIAN_POINT('',(3.189526434223,7.358811422498,
    1.842793007002E+03));
#6801 = CARTESIAN_POINT('',(2.787243552576,7.519670974131,
    1.842673803798E+03));
#6802 = CARTESIAN_POINT('',(2.361225878325,7.657579459908,
    1.842570657174E+03));
#6803 = CARTESIAN_POINT('',(1.406076168468,7.892689835918,
    1.842393759505E+03));
#6804 = CARTESIAN_POINT('',(0.86876960148,7.982992076884,
    1.842325033195E+03));
#6805 = CARTESIAN_POINT('',(0.313011963235,8.029183766853,
    1.842289553402E+03));
#6806 = CARTESIAN_POINT('',(-0.247766516236,8.027160988639,
    1.842291195367E+03));
#6807 = CARTESIAN_POINT('',(-0.799887640432,7.978060071099,
    1.842328777252E+03));
#6808 = CARTESIAN_POINT('',(-1.889226065135,7.794368772918,
    1.842467905196E+03));
#6809 = CARTESIAN_POINT('',(-2.419108263039,7.656132908391,
    1.842572169533E+03));
#6810 = CARTESIAN_POINT('',(-2.917240246741,7.481280101547,
    1.842702949127E+03));
#6811 = CARTESIAN_POINT('',(-3.38205555126,7.276569125291,
    1.84285393928E+03));
#6812 = CARTESIAN_POINT('',(-3.812813739627,7.048399993385,
    1.843019061476E+03));
#6813 = CARTESIAN_POINT('',(-4.71126139047,6.492481519568,
    1.843412221029E+03));
#6814 = CARTESIAN_POINT('',(-5.163467742052,6.151239025038,
    1.843647543104E+03));
#6815 = CARTESIAN_POINT('',(-5.570010138583,5.786992470242,
    1.843890276222E+03));
#6816 = CARTESIAN_POINT('',(-5.935318987668,5.403875091984,
    1.844134572914E+03));
#6817 = CARTESIAN_POINT('',(-6.263169680511,5.003361619186,
    1.844376082409E+03));
#6818 = CARTESIAN_POINT('',(-6.813546781829,4.216358459272,
    1.844816011271E+03));
#6819 = CARTESIAN_POINT('',(-7.043801586444,3.834212132081,
    1.845015976275E+03));
#6820 = CARTESIAN_POINT('',(-7.247512513908,3.439082967488,
    1.845206090977E+03));
#6821 = CARTESIAN_POINT('',(-7.424778437818,3.031353187568,
    1.84538205574E+03));
#6822 = CARTESIAN_POINT('',(-7.575227211656,2.61119525516,
    1.845538781102E+03));
#6823 = CARTESIAN_POINT('',(-7.795435676177,1.833016050893,
    1.84577615497E+03));
#6824 = CARTESIAN_POINT('',(-7.87562506569,1.478703766916,
    1.845866063222E+03));
#6825 = CARTESIAN_POINT('',(-7.936699856913,1.118104833038,
    1.845936735312E+03));
#6826 = CARTESIAN_POINT('',(-7.978026736002,0.753237132478,
    1.845985325375E+03));
#6827 = CARTESIAN_POINT('',(-7.999210721048,0.385654842421,
    1.846010244404E+03));
#6828 = CARTESIAN_POINT('',(-8.000758613166,-0.354260277093,
    1.846012065247E+03));
#6829 = CARTESIAN_POINT('',(-7.980886721135,-0.724076623469,
    1.845988689695E+03));
#6830 = CARTESIAN_POINT('',(-7.940616920607,-1.091274065969,
    1.845941292949E+03));
#6831 = CARTESIAN_POINT('',(-7.88034075923,-1.454250674119,
    1.845871436607E+03));
#6832 = CARTESIAN_POINT('',(-7.800692576293,-1.810935470732,
    1.845781990861E+03));
#6833 = CARTESIAN_POINT('',(-7.582732192762,-2.588794183242,
    1.845546672149E+03));
#6834 = CARTESIAN_POINT('',(-7.434570438943,-3.006545315236,
    1.845392004548E+03));
#6835 = CARTESIAN_POINT('',(-7.259935039745,-3.412060722846,
    1.845218164156E+03));
#6836 = CARTESIAN_POINT('',(-7.059210414381,-3.805164573827,
    1.845030156485E+03));
#6837 = CARTESIAN_POINT('',(-6.832332110484,-4.185471041409,
    1.844832229362E+03));
#6838 = CARTESIAN_POINT('',(-6.288697769685,-4.971088727219,
    1.844395224062E+03));
#6839 = CARTESIAN_POINT('',(-5.963967596834,-5.371973695437,
    1.844154464607E+03));
#6840 = CARTESIAN_POINT('',(-5.602086570636,-5.755589233071,
    1.84391067645E+03));
#6841 = CARTESIAN_POINT('',(-5.199367891143,-6.120541188001,
    1.843668176572E+03));
#6842 = CARTESIAN_POINT('',(-4.751447237664,-6.462839972788,
    1.843432707963E+03));
#6843 = CARTESIAN_POINT('',(-3.922716340701,-6.983239939498,
    1.843065427995E+03));
#6844 = CARTESIAN_POINT('',(-3.567938224837,-7.17886143464,
    1.842924644282E+03));
#6845 = CARTESIAN_POINT('',(-3.189526434223,-7.358811422498,
    1.842793007002E+03));
#6846 = CARTESIAN_POINT('',(-2.787243552576,-7.519670974131,
    1.842673803798E+03));
#6847 = CARTESIAN_POINT('',(-2.361225878325,-7.657579459908,
    1.842570657174E+03));
#6848 = CARTESIAN_POINT('',(-1.406076168468,-7.892689835917,
    1.842393759505E+03));
#6849 = CARTESIAN_POINT('',(-0.868769601479,-7.982992076884,
    1.842325033195E+03));
#6850 = CARTESIAN_POINT('',(-0.313011963235,-8.029183766853,
    1.842289553402E+03));
#6851 = CARTESIAN_POINT('',(0.247766516237,-8.027160988639,
    1.842291195367E+03));
#6852 = CARTESIAN_POINT('',(0.799887640431,-7.978060071099,
    1.842328777252E+03));
#6853 = CARTESIAN_POINT('',(1.889226063453,-7.794368773201,
    1.842467905195E+03));
#6854 = CARTESIAN_POINT('',(2.419108263323,-7.656132908633,
    1.842572169533E+03));
#6855 = CARTESIAN_POINT('',(2.917240248262,-7.481280100992,
    1.842702949127E+03));
#6856 = CARTESIAN_POINT('',(3.382055551788,-7.276569124713,
    1.842853939281E+03));
#6857 = CARTESIAN_POINT('',(3.812813738307,-7.048399994202,
    1.843019061476E+03));
#6858 = CARTESIAN_POINT('',(4.71126139047,-6.492481519567,
    1.843412221029E+03));
#6859 = CARTESIAN_POINT('',(5.163467742052,-6.151239025038,
    1.843647543104E+03));
#6860 = CARTESIAN_POINT('',(5.570010138583,-5.786992470242,
    1.843890276222E+03));
#6861 = CARTESIAN_POINT('',(5.935318987668,-5.403875091984,
    1.844134572914E+03));
#6862 = CARTESIAN_POINT('',(6.263169680511,-5.003361619186,
    1.844376082409E+03));
#6863 = CARTESIAN_POINT('',(6.813546781829,-4.216358459272,
    1.844816011271E+03));
#6864 = CARTESIAN_POINT('',(7.043801586444,-3.834212132081,
    1.845015976275E+03));
#6865 = CARTESIAN_POINT('',(7.247512513908,-3.439082967488,
    1.845206090977E+03));
#6866 = CARTESIAN_POINT('',(7.424778437818,-3.031353187568,
    1.84538205574E+03));
#6867 = CARTESIAN_POINT('',(7.575227211656,-2.611195255159,
    1.845538781102E+03));
#6868 = CARTESIAN_POINT('',(7.796170784289,-1.830418304041,
    1.84577694738E+03));
#6869 = CARTESIAN_POINT('',(7.876838479487,-1.473344311368,
    1.845867423591E+03));
#6870 = CARTESIAN_POINT('',(7.93808710762,-1.109901128812,
    1.845938341171E+03));
#6871 = CARTESIAN_POINT('',(7.979273862994,-0.742161408553,
    1.845986792049E+03));
#6872 = CARTESIAN_POINT('',(8.,-0.371720869188,1.846011172862E+03));
#6873 = CARTESIAN_POINT('',(8.,-8.881784197001E-16,1.846011172862E+03));
#6874 = PCURVE('',#6282,#6875);
#6875 = DEFINITIONAL_REPRESENTATION('',(#6876),#6969);
#6876 = B_SPLINE_CURVE_WITH_KNOTS('',6,(#6877,#6878,#6879,#6880,#6881,
    #6882,#6883,#6884,#6885,#6886,#6887,#6888,#6889,#6890,#6891,#6892,
    #6893,#6894,#6895,#6896,#6897,#6898,#6899,#6900,#6901,#6902,#6903,
    #6904,#6905,#6906,#6907,#6908,#6909,#6910,#6911,#6912,#6913,#6914,
    #6915,#6916,#6917,#6918,#6919,#6920,#6921,#6922,#6923,#6924,#6925,
    #6926,#6927,#6928,#6929,#6930,#6931,#6932,#6933,#6934,#6935,#6936,
    #6937,#6938,#6939,#6940,#6941,#6942,#6943,#6944,#6945,#6946,#6947,
    #6948,#6949,#6950,#6951,#6952,#6953,#6954,#6955,#6956,#6957,#6958,
    #6959,#6960,#6961,#6962,#6963,#6964,#6965,#6966,#6967,#6968),
  .UNSPECIFIED.,.F.,.F.,(7,5,5,5,5,5,5,5,5,5,5,5,5,5,5,5,5,5,7),(0.,
    4.752644807179E-02,0.10680704656,0.174506214122,0.219669869621,
    0.270560755115,0.324200841109,0.392081427393,0.451822323009,
    0.499471699273,0.547389357606,0.60671017931,0.674455282279,
    0.719649582334,0.770574998438,0.824251480274,0.892178124632,
    0.951959555409,1.),.UNSPECIFIED.);
#6877 = CARTESIAN_POINT('',(0.,8.199264745632));
#6878 = CARTESIAN_POINT('',(4.602430997173E-02,8.199264745632));
#6879 = CARTESIAN_POINT('',(9.18941812703E-02,8.175344294623));
#6880 = CARTESIAN_POINT('',(0.137610975847,8.127800377074));
#6881 = CARTESIAN_POINT('',(0.183147477313,8.058180807399));
#6882 = CARTESIAN_POINT('',(0.228417399375,7.969295055305));
#6883 = CARTESIAN_POINT('',(0.329056721168,7.734764032711));
#6884 = CARTESIAN_POINT('',(0.384336067561,7.580096431994));
#6885 = CARTESIAN_POINT('',(0.439348561955,7.406256040026));
#6886 = CARTESIAN_POINT('',(0.494344166263,7.218248368237));
#6887 = CARTESIAN_POINT('',(0.549573411338,7.020321245734));
#6888 = CARTESIAN_POINT('',(0.668994766526,6.583315945925));
#6889 = CARTESIAN_POINT('',(0.733299450297,6.34255649021));
#6890 = CARTESIAN_POINT('',(0.798934752807,6.098768333804));
#6891 = CARTESIAN_POINT('',(0.866535924692,5.856268455512));
#6892 = CARTESIAN_POINT('',(0.936706737413,5.620799846178));
#6893 = CARTESIAN_POINT('',(1.059028739786,5.253519878863));
#6894 = CARTESIAN_POINT('',(1.109589098119,5.112736165186));
#6895 = CARTESIAN_POINT('',(1.161820490301,4.981098885372));
#6896 = CARTESIAN_POINT('',(1.215802023359,4.86189568175));
#6897 = CARTESIAN_POINT('',(1.271631071893,4.758749057578));
#6898 = CARTESIAN_POINT('',(1.394588626634,4.581851389035));
#6899 = CARTESIAN_POINT('',(1.462503248294,4.51312507908));
#6900 = CARTESIAN_POINT('',(1.531836950091,4.477645285657));
#6901 = CARTESIAN_POINT('',(1.601547370438,4.479287251005));
#6902 = CARTESIAN_POINT('',(1.670622297208,4.516869136064));
#6903 = CARTESIAN_POINT('',(1.808711981413,4.655997079166));
#6904 = CARTESIAN_POINT('',(1.876898472401,4.760261417054));
#6905 = CARTESIAN_POINT('',(1.942572476336,4.891041010274));
#6906 = CARTESIAN_POINT('',(2.005801402217,5.042031163912));
#6907 = CARTESIAN_POINT('',(2.066596918115,5.207153359714));
#6908 = CARTESIAN_POINT('',(2.198663043292,5.600312912994));
#6909 = CARTESIAN_POINT('',(2.269175642038,5.835634987734));
#6910 = CARTESIAN_POINT('',(2.337068439834,6.078368105978));
#6911 = CARTESIAN_POINT('',(2.402950499012,6.322664797328));
#6912 = CARTESIAN_POINT('',(2.467463985284,6.564174292287));
#6913 = CARTESIAN_POINT('',(2.587508828947,7.00410315429));
#6914 = CARTESIAN_POINT('',(2.643149280868,7.204068158643));
#6915 = CARTESIAN_POINT('',(2.698536760269,7.394182860403));
#6916 = CARTESIAN_POINT('',(2.75393022686,7.570147623195));
#6917 = CARTESIAN_POINT('',(2.809586341454,7.726872985223));
#6918 = CARTESIAN_POINT('',(2.910678397413,7.964246853545));
#6919 = CARTESIAN_POINT('',(2.956023273861,8.054155105702));
#6920 = CARTESIAN_POINT('',(3.001636517402,8.124827195208));
#6921 = CARTESIAN_POINT('',(3.047432538729,8.173417258148));
#6922 = CARTESIAN_POINT('',(3.093385695853,8.19833628734));
#6923 = CARTESIAN_POINT('',(3.185875288177,8.200157130511));
#6924 = CARTESIAN_POINT('',(3.232096960996,8.176781578746));
#6925 = CARTESIAN_POINT('',(3.278165883477,8.129384832615));
#6926 = CARTESIAN_POINT('',(3.324053809807,8.059528490972));
#6927 = CARTESIAN_POINT('',(3.369672048606,7.970082744515));
#6928 = CARTESIAN_POINT('',(3.47064937476,7.734764032706));
#6929 = CARTESIAN_POINT('',(3.52592872115,7.580096431993));
#6930 = CARTESIAN_POINT('',(3.580941215542,7.406256040034));
#6931 = CARTESIAN_POINT('',(3.635936819852,7.218248368242));
#6932 = CARTESIAN_POINT('',(3.691166064931,7.020321245723));
#6933 = CARTESIAN_POINT('',(3.810587420116,6.583315945925));
#6934 = CARTESIAN_POINT('',(3.874892103887,6.34255649021));
#6935 = CARTESIAN_POINT('',(3.940527406397,6.098768333804));
#6936 = CARTESIAN_POINT('',(4.008128578282,5.856268455512));
#6937 = CARTESIAN_POINT('',(4.078299391003,5.620799846178));
#6938 = CARTESIAN_POINT('',(4.200621393376,5.253519878863));
#6939 = CARTESIAN_POINT('',(4.251181751709,5.112736165186));
#6940 = CARTESIAN_POINT('',(4.303413143891,4.981098885372));
#6941 = CARTESIAN_POINT('',(4.357394676949,4.86189568175));
#6942 = CARTESIAN_POINT('',(4.413223725483,4.758749057578));
#6943 = CARTESIAN_POINT('',(4.536181280224,4.581851389035));
#6944 = CARTESIAN_POINT('',(4.604095901884,4.51312507908));
#6945 = CARTESIAN_POINT('',(4.673429603681,4.477645285657));
#6946 = CARTESIAN_POINT('',(4.743140024028,4.479287251005));
#6947 = CARTESIAN_POINT('',(4.812214950798,4.516869136064));
#6948 = CARTESIAN_POINT('',(4.95030463479,4.655997078951));
#6949 = CARTESIAN_POINT('',(5.01849112602,4.760261416871));
#6950 = CARTESIAN_POINT('',(5.084165130119,4.891041010711));
#6951 = CARTESIAN_POINT('',(5.147394055901,5.042031164299));
#6952 = CARTESIAN_POINT('',(5.208189571511,5.207153359136));
#6953 = CARTESIAN_POINT('',(5.340255696882,5.600312912994));
#6954 = CARTESIAN_POINT('',(5.410768295628,5.835634987734));
#6955 = CARTESIAN_POINT('',(5.478661093423,6.078368105978));
#6956 = CARTESIAN_POINT('',(5.544543152602,6.322664797328));
#6957 = CARTESIAN_POINT('',(5.609056638874,6.564174292287));
#6958 = CARTESIAN_POINT('',(5.729101482537,7.00410315429));
#6959 = CARTESIAN_POINT('',(5.784741934458,7.204068158643));
#6960 = CARTESIAN_POINT('',(5.840129413859,7.394182860403));
#6961 = CARTESIAN_POINT('',(5.89552288045,7.570147623195));
#6962 = CARTESIAN_POINT('',(5.951178995044,7.726872985223));
#6963 = CARTESIAN_POINT('',(6.052608520276,7.965039263849));
#6964 = CARTESIAN_POINT('',(6.098301842268,8.055515474718));
#6965 = CARTESIAN_POINT('',(6.144266814318,8.126433054492));
#6966 = CARTESIAN_POINT('',(6.19041520358,8.174883932942));
#6967 = CARTESIAN_POINT('',(6.236720198531,8.199264745632));
#6968 = CARTESIAN_POINT('',(6.28318530718,8.199264745632));
#6969 = ( GEOMETRIC_REPRESENTATION_CONTEXT(2) 
PARAMETRIC_REPRESENTATION_CONTEXT() REPRESENTATION_CONTEXT('2D SPACE',''
  ) );
#6970 = PCURVE('',#6416,#6971);
#6971 = DEFINITIONAL_REPRESENTATION('',(#6972),#7065);
#6972 = B_SPLINE_CURVE_WITH_KNOTS('',6,(#6973,#6974,#6975,#6976,#6977,
    #6978,#6979,#6980,#6981,#6982,#6983,#6984,#6985,#6986,#6987,#6988,
    #6989,#6990,#6991,#6992,#6993,#6994,#6995,#6996,#6997,#6998,#6999,
    #7000,#7001,#7002,#7003,#7004,#7005,#7006,#7007,#7008,#7009,#7010,
    #7011,#7012,#7013,#7014,#7015,#7016,#7017,#7018,#7019,#7020,#7021,
    #7022,#7023,#7024,#7025,#7026,#7027,#7028,#7029,#7030,#7031,#7032,
    #7033,#7034,#7035,#7036,#7037,#7038,#7039,#7040,#7041,#7042,#7043,
    #7044,#7045,#7046,#7047,#7048,#7049,#7050,#7051,#7052,#7053,#7054,
    #7055,#7056,#7057,#7058,#7059,#7060,#7061,#7062,#7063,#7064),
  .UNSPECIFIED.,.T.,.F.,(7,5,5,5,5,5,5,5,5,5,5,5,5,5,5,5,5,5,7),(0.,
    4.752644807179E-02,0.10680704656,0.174506214122,0.219669869621,
    0.270560755115,0.324200841109,0.392081427393,0.451822323009,
    0.499471699273,0.547389357606,0.60671017931,0.674455282279,
    0.719649582334,0.770574998438,0.824251480274,0.892178124632,
    0.951959555409,1.),.UNSPECIFIED.);
#6973 = CARTESIAN_POINT('',(5.578637888727,131.));
#6974 = CARTESIAN_POINT('',(5.578637888727,130.63180552022));
#6975 = CARTESIAN_POINT('',(5.575647854548,130.26484600156));
#6976 = CARTESIAN_POINT('',(5.569704758608,129.90051816056));
#6977 = CARTESIAN_POINT('',(5.560945583753,129.5403836438));
#6978 = CARTESIAN_POINT('',(5.549610943753,129.18646078003));
#6979 = CARTESIAN_POINT('',(5.519165420446,128.41120581677));
#6980 = CARTESIAN_POINT('',(5.498769960196,127.99345468476));
#6981 = CARTESIAN_POINT('',(5.475313132242,127.58793927713));
#6982 = CARTESIAN_POINT('',(5.449141954833,127.19483542616));
#6983 = CARTESIAN_POINT('',(5.420490890484,126.81452895861));
#6984 = CARTESIAN_POINT('',(5.354061931374,126.02891127278));
#6985 = CARTESIAN_POINT('',(5.315591716116,125.62802630456));
#6986 = CARTESIAN_POINT('',(5.274103363353,125.24441076692));
#6987 = CARTESIAN_POINT('',(5.229431084802,124.87945881199));
#6988 = CARTESIAN_POINT('',(5.181344138036,124.53716002721));
#6989 = CARTESIAN_POINT('',(5.095013577107,124.0167600605));
#6990 = CARTESIAN_POINT('',(5.058690331266,123.82113856536));
#6991 = CARTESIAN_POINT('',(5.020588028305,123.6411885775));
#6992 = CARTESIAN_POINT('',(4.980700460789,123.48032902586));
#6993 = CARTESIAN_POINT('',(4.939016855599,123.34242054009));
#6994 = CARTESIAN_POINT('',(4.846503266311,123.10731016408));
#6995 = CARTESIAN_POINT('',(4.794994650939,123.01700792311));
#6996 = CARTESIAN_POINT('',(4.742124409663,122.97081623314));
#6997 = CARTESIAN_POINT('',(4.688891112676,122.97283901136));
#6998 = CARTESIAN_POINT('',(4.636278121502,123.0219399289));
#6999 = CARTESIAN_POINT('',(4.531688879022,123.20563122708));
#7000 = CARTESIAN_POINT('',(4.480372509103,123.3438670916));
#7001 = CARTESIAN_POINT('',(4.431457456452,123.51871989845));
#7002 = CARTESIAN_POINT('',(4.385011369246,123.7234308747));
#7003 = CARTESIAN_POINT('',(4.341123310159,123.95160000661));
#7004 = CARTESIAN_POINT('',(4.247722818498,124.50751848043));
#7005 = CARTESIAN_POINT('',(4.199283118304,124.84876097496));
#7006 = CARTESIAN_POINT('',(4.154289202502,125.21300752975));
#7007 = CARTESIAN_POINT('',(4.112504220165,125.59612490801));
#7008 = CARTESIAN_POINT('',(4.073753249779,125.99663838081));
#7009 = CARTESIAN_POINT('',(4.006649082793,126.78364154072));
#7010 = CARTESIAN_POINT('',(3.977628942131,127.16578786792));
#7011 = CARTESIAN_POINT('',(3.951113793737,127.56091703251));
#7012 = CARTESIAN_POINT('',(3.92733713687,127.96864681243));
#7013 = CARTESIAN_POINT('',(3.906649603613,128.38880474484));
#7014 = CARTESIAN_POINT('',(3.875812731787,129.1669839491));
#7015 = CARTESIAN_POINT('',(3.864341317749,129.52129623308));
#7016 = CARTESIAN_POINT('',(3.855446214833,129.88189516696));
#7017 = CARTESIAN_POINT('',(3.849371005451,130.24676286752));
#7018 = CARTESIAN_POINT('',(3.84625612958,130.61434515757));
#7019 = CARTESIAN_POINT('',(3.846028523686,131.35426027709));
#7020 = CARTESIAN_POINT('',(3.848950464039,131.72407662346));
#7021 = CARTESIAN_POINT('',(3.85487388282,132.09127406596));
#7022 = CARTESIAN_POINT('',(3.863660520371,132.45425067411));
#7023 = CARTESIAN_POINT('',(3.875064763549,132.81093547073));
#7024 = CARTESIAN_POINT('',(3.905612540324,133.58879418324));
#7025 = CARTESIAN_POINT('',(3.926008000573,134.00654531523));
#7026 = CARTESIAN_POINT('',(3.949464828526,134.41206072284));
#7027 = CARTESIAN_POINT('',(3.975636005935,134.80516457382));
#7028 = CARTESIAN_POINT('',(4.004287070287,135.1854710414));
#7029 = CARTESIAN_POINT('',(4.070716029395,135.97108872721));
#7030 = CARTESIAN_POINT('',(4.109186244653,136.37197369543));
#7031 = CARTESIAN_POINT('',(4.150674597416,136.75558923307));
#7032 = CARTESIAN_POINT('',(4.195346875967,137.120541188));
#7033 = CARTESIAN_POINT('',(4.243433822734,137.46283997278));
#7034 = CARTESIAN_POINT('',(4.329764383663,137.98323993949));
#7035 = CARTESIAN_POINT('',(4.366087629504,138.17886143463));
#7036 = CARTESIAN_POINT('',(4.404189932464,138.35881142249));
#7037 = CARTESIAN_POINT('',(4.44407749998,138.51967097413));
#7038 = CARTESIAN_POINT('',(4.485761105171,138.6575794599));
#7039 = CARTESIAN_POINT('',(4.578274694459,138.89268983591));
#7040 = CARTESIAN_POINT('',(4.62978330983,138.98299207688));
#7041 = CARTESIAN_POINT('',(4.682653551106,139.02918376685));
#7042 = CARTESIAN_POINT('',(4.735886848093,139.02716098863));
#7043 = CARTESIAN_POINT('',(4.788499839268,138.97806007109));
#7044 = CARTESIAN_POINT('',(4.893089081586,138.7943687732));
#7045 = CARTESIAN_POINT('',(4.94440545169,138.65613290863));
#7046 = CARTESIAN_POINT('',(4.993320504465,138.48128010099));
#7047 = CARTESIAN_POINT('',(5.039766591585,138.27656912471));
#7048 = CARTESIAN_POINT('',(5.083654650473,138.0483999942));
#7049 = CARTESIAN_POINT('',(5.177055142271,137.49248151956));
#7050 = CARTESIAN_POINT('',(5.225494842465,137.15123902503));
#7051 = CARTESIAN_POINT('',(5.270488758268,136.78699247024));
#7052 = CARTESIAN_POINT('',(5.312273740604,136.40387509198));
#7053 = CARTESIAN_POINT('',(5.35102471099,136.00336161918));
#7054 = CARTESIAN_POINT('',(5.418128877977,135.21635845927));
#7055 = CARTESIAN_POINT('',(5.447149018638,134.83421213208));
#7056 = CARTESIAN_POINT('',(5.473664167032,134.43908296748));
#7057 = CARTESIAN_POINT('',(5.497440823899,134.03135318756));
#7058 = CARTESIAN_POINT('',(5.518128357156,133.61119525515));
#7059 = CARTESIAN_POINT('',(5.549068169778,132.83041830404));
#7060 = CARTESIAN_POINT('',(5.56061021747,132.47334431136));
#7061 = CARTESIAN_POINT('',(5.569533836587,132.10990112881));
#7062 = CARTESIAN_POINT('',(5.57559031106,131.74216140855));
#7063 = CARTESIAN_POINT('',(5.578637888727,131.37172086918));
#7064 = CARTESIAN_POINT('',(5.578637888727,131.));
#7065 = ( GEOMETRIC_REPRESENTATION_CONTEXT(2) 
PARAMETRIC_REPRESENTATION_CONTEXT() REPRESENTATION_CONTEXT('2D SPACE',''
  ) );
#7066 = ORIENTED_EDGE('',*,*,#7067,.F.);
#7067 = EDGE_CURVE('',#6069,#6778,#7068,.T.);
#7068 = SEAM_CURVE('',#7069,(#7073,#7080),.PCURVE_S1.);
#7069 = LINE('',#7070,#7071);
#7070 = CARTESIAN_POINT('',(8.,-1.959434878636E-15,1.837811908116E+03));
#7071 = VECTOR('',#7072,1.);
#7072 = DIRECTION('',(0.,0.,1.));
#7073 = PCURVE('',#6282,#7074);
#7074 = DEFINITIONAL_REPRESENTATION('',(#7075),#7079);
#7075 = LINE('',#7076,#7077);
#7076 = CARTESIAN_POINT('',(6.28318530718,-0.));
#7077 = VECTOR('',#7078,1.);
#7078 = DIRECTION('',(0.,1.));
#7079 = ( GEOMETRIC_REPRESENTATION_CONTEXT(2) 
PARAMETRIC_REPRESENTATION_CONTEXT() REPRESENTATION_CONTEXT('2D SPACE',''
  ) );
#7080 = PCURVE('',#6282,#7081);
#7081 = DEFINITIONAL_REPRESENTATION('',(#7082),#7086);
#7082 = LINE('',#7083,#7084);
#7083 = CARTESIAN_POINT('',(0.,-0.));
#7084 = VECTOR('',#7085,1.);
#7085 = DIRECTION('',(0.,1.));
#7086 = ( GEOMETRIC_REPRESENTATION_CONTEXT(2) 
PARAMETRIC_REPRESENTATION_CONTEXT() REPRESENTATION_CONTEXT('2D SPACE',''
  ) );
#7087 = ORIENTED_EDGE('',*,*,#6068,.T.);
#7088 = ORIENTED_EDGE('',*,*,#7067,.T.);
#7089 = ADVANCED_FACE('',(#7090,#7116,#7119),#6416,.F.);
#7090 = FACE_BOUND('',#7091,.F.);
#7091 = EDGE_LOOP('',(#7092,#7113,#7114,#7115));
#7092 = ORIENTED_EDGE('',*,*,#7093,.T.);
#7093 = EDGE_CURVE('',#6400,#6435,#7094,.T.);
#7094 = SEAM_CURVE('',#7095,(#7099,#7106),.PCURVE_S1.);
#7095 = LINE('',#7096,#7097);
#7096 = CARTESIAN_POINT('',(10.5,131.,1.852811908116E+03));
#7097 = VECTOR('',#7098,1.);
#7098 = DIRECTION('',(0.,-1.,2.22044604925E-16));
#7099 = PCURVE('',#6416,#7100);
#7100 = DEFINITIONAL_REPRESENTATION('',(#7101),#7105);
#7101 = LINE('',#7102,#7103);
#7102 = CARTESIAN_POINT('',(6.28318530718,-0.));
#7103 = VECTOR('',#7104,1.);
#7104 = DIRECTION('',(0.,1.));
#7105 = ( GEOMETRIC_REPRESENTATION_CONTEXT(2) 
PARAMETRIC_REPRESENTATION_CONTEXT() REPRESENTATION_CONTEXT('2D SPACE',''
  ) );
#7106 = PCURVE('',#6416,#7107);
#7107 = DEFINITIONAL_REPRESENTATION('',(#7108),#7112);
#7108 = LINE('',#7109,#7110);
#7109 = CARTESIAN_POINT('',(0.,-0.));
#7110 = VECTOR('',#7111,1.);
#7111 = DIRECTION('',(0.,1.));
#7112 = ( GEOMETRIC_REPRESENTATION_CONTEXT(2) 
PARAMETRIC_REPRESENTATION_CONTEXT() REPRESENTATION_CONTEXT('2D SPACE',''
  ) );
#7113 = ORIENTED_EDGE('',*,*,#6434,.F.);
#7114 = ORIENTED_EDGE('',*,*,#7093,.F.);
#7115 = ORIENTED_EDGE('',*,*,#6399,.T.);
#7116 = FACE_BOUND('',#7117,.F.);
#7117 = EDGE_LOOP('',(#7118));
#7118 = ORIENTED_EDGE('',*,*,#6485,.F.);
#7119 = FACE_BOUND('',#7120,.F.);
#7120 = EDGE_LOOP('',(#7121));
#7121 = ORIENTED_EDGE('',*,*,#6777,.T.);
#7122 = ( GEOMETRIC_REPRESENTATION_CONTEXT(3) 
GLOBAL_UNCERTAINTY_ASSIGNED_CONTEXT((#7126)) 
GLOBAL_UNIT_ASSIGNED_CONTEXT((#7123,#7124,#7125)) REPRESENTATION_CONTEXT
('Context #1','3D Context with UNIT and UNCERTAINTY') );
#7123 = ( LENGTH_UNIT() NAMED_UNIT(*) SI_UNIT(.MILLI.,.METRE.) );
#7124 = ( NAMED_UNIT(*) PLANE_ANGLE_UNIT() SI_UNIT($,.RADIAN.) );
#7125 = ( NAMED_UNIT(*) SI_UNIT($,.STERADIAN.) SOLID_ANGLE_UNIT() );
#7126 = UNCERTAINTY_MEASURE_WITH_UNIT(LENGTH_MEASURE(2.E-07),#7123,
  'distance_accuracy_value','confusion accuracy');
#7127 = CONTEXT_DEPENDENT_SHAPE_REPRESENTATION(#7128,#7130);
#7128 = ( REPRESENTATION_RELATIONSHIP('','',#5647,#4190) 
REPRESENTATION_RELATIONSHIP_WITH_TRANSFORMATION(#7129) 
SHAPE_REPRESENTATION_RELATIONSHIP() );
#7129 = ITEM_DEFINED_TRANSFORMATION('','',#11,#4199);
#7130 = PRODUCT_DEFINITION_SHAPE('Placement','Placement of an item',
  #7131);
#7131 = NEXT_ASSEMBLY_USAGE_OCCURRENCE('52','=>[0:1:1:9]','',#4185,#5642
  ,$);
#7132 = PRODUCT_RELATED_PRODUCT_CATEGORY('part',$,(#5644));
#7133 = SHAPE_DEFINITION_REPRESENTATION(#7134,#7140);
#7134 = PRODUCT_DEFINITION_SHAPE('','',#7135);
#7135 = PRODUCT_DEFINITION('design','',#7136,#7139);
#7136 = PRODUCT_DEFINITION_FORMATION('','',#7137);
#7137 = PRODUCT('COMPOUND','COMPOUND','',(#7138));
#7138 = PRODUCT_CONTEXT('',#2,'mechanical');
#7139 = PRODUCT_DEFINITION_CONTEXT('part definition',#2,'design');
#7140 = ADVANCED_BREP_SHAPE_REPRESENTATION('',(#11,#7141),#7329);
#7141 = MANIFOLD_SOLID_BREP('',#7142);
#7142 = CLOSED_SHELL('',(#7143,#7231,#7266,#7270,#7325));
#7143 = ADVANCED_FACE('',(#7144),#7157,.T.);
#7144 = FACE_BOUND('',#7145,.T.);
#7145 = EDGE_LOOP('',(#7146,#7180,#7203,#7230));
#7146 = ORIENTED_EDGE('',*,*,#7147,.F.);
#7147 = EDGE_CURVE('',#7148,#7148,#7150,.T.);
#7148 = VERTEX_POINT('',#7149);
#7149 = CARTESIAN_POINT('',(15.,-3.673940397442E-15,1.870811908116E+03)
  );
#7150 = SURFACE_CURVE('',#7151,(#7156,#7168),.PCURVE_S1.);
#7151 = CIRCLE('',#7152,15.);
#7152 = AXIS2_PLACEMENT_3D('',#7153,#7154,#7155);
#7153 = CARTESIAN_POINT('',(0.,0.,1.870811908116E+03));
#7154 = DIRECTION('',(0.,0.,1.));
#7155 = DIRECTION('',(1.,0.,-0.));
#7156 = PCURVE('',#7157,#7162);
#7157 = CYLINDRICAL_SURFACE('',#7158,15.);
#7158 = AXIS2_PLACEMENT_3D('',#7159,#7160,#7161);
#7159 = CARTESIAN_POINT('',(0.,0.,1.865811908116E+03));
#7160 = DIRECTION('',(0.,0.,1.));
#7161 = DIRECTION('',(1.,0.,-0.));
#7162 = DEFINITIONAL_REPRESENTATION('',(#7163),#7167);
#7163 = LINE('',#7164,#7165);
#7164 = CARTESIAN_POINT('',(0.,5.));
#7165 = VECTOR('',#7166,1.);
#7166 = DIRECTION('',(1.,0.));
#7167 = ( GEOMETRIC_REPRESENTATION_CONTEXT(2) 
PARAMETRIC_REPRESENTATION_CONTEXT() REPRESENTATION_CONTEXT('2D SPACE',''
  ) );
#7168 = PCURVE('',#7169,#7174);
#7169 = PLANE('',#7170);
#7170 = AXIS2_PLACEMENT_3D('',#7171,#7172,#7173);
#7171 = CARTESIAN_POINT('',(0.,0.,1.870811908116E+03));
#7172 = DIRECTION('',(0.,0.,1.));
#7173 = DIRECTION('',(1.,0.,-0.));
#7174 = DEFINITIONAL_REPRESENTATION('',(#7175),#7179);
#7175 = CIRCLE('',#7176,15.);
#7176 = AXIS2_PLACEMENT_2D('',#7177,#7178);
#7177 = CARTESIAN_POINT('',(0.,0.));
#7178 = DIRECTION('',(1.,0.));
#7179 = ( GEOMETRIC_REPRESENTATION_CONTEXT(2) 
PARAMETRIC_REPRESENTATION_CONTEXT() REPRESENTATION_CONTEXT('2D SPACE',''
  ) );
#7180 = ORIENTED_EDGE('',*,*,#7181,.F.);
#7181 = EDGE_CURVE('',#7182,#7148,#7184,.T.);
#7182 = VERTEX_POINT('',#7183);
#7183 = CARTESIAN_POINT('',(15.,-3.673940397442E-15,1.865811908116E+03)
  );
#7184 = SEAM_CURVE('',#7185,(#7189,#7196),.PCURVE_S1.);
#7185 = LINE('',#7186,#7187);
#7186 = CARTESIAN_POINT('',(15.,-3.673940397442E-15,1.865811908116E+03)
  );
#7187 = VECTOR('',#7188,1.);
#7188 = DIRECTION('',(0.,0.,1.));
#7189 = PCURVE('',#7157,#7190);
#7190 = DEFINITIONAL_REPRESENTATION('',(#7191),#7195);
#7191 = LINE('',#7192,#7193);
#7192 = CARTESIAN_POINT('',(6.28318530718,-0.));
#7193 = VECTOR('',#7194,1.);
#7194 = DIRECTION('',(0.,1.));
#7195 = ( GEOMETRIC_REPRESENTATION_CONTEXT(2) 
PARAMETRIC_REPRESENTATION_CONTEXT() REPRESENTATION_CONTEXT('2D SPACE',''
  ) );
#7196 = PCURVE('',#7157,#7197);
#7197 = DEFINITIONAL_REPRESENTATION('',(#7198),#7202);
#7198 = LINE('',#7199,#7200);
#7199 = CARTESIAN_POINT('',(0.,-0.));
#7200 = VECTOR('',#7201,1.);
#7201 = DIRECTION('',(0.,1.));
#7202 = ( GEOMETRIC_REPRESENTATION_CONTEXT(2) 
PARAMETRIC_REPRESENTATION_CONTEXT() REPRESENTATION_CONTEXT('2D SPACE',''
  ) );
#7203 = ORIENTED_EDGE('',*,*,#7204,.T.);
#7204 = EDGE_CURVE('',#7182,#7182,#7205,.T.);
#7205 = SURFACE_CURVE('',#7206,(#7211,#7218),.PCURVE_S1.);
#7206 = CIRCLE('',#7207,15.);
#7207 = AXIS2_PLACEMENT_3D('',#7208,#7209,#7210);
#7208 = CARTESIAN_POINT('',(0.,0.,1.865811908116E+03));
#7209 = DIRECTION('',(0.,0.,1.));
#7210 = DIRECTION('',(1.,0.,-0.));
#7211 = PCURVE('',#7157,#7212);
#7212 = DEFINITIONAL_REPRESENTATION('',(#7213),#7217);
#7213 = LINE('',#7214,#7215);
#7214 = CARTESIAN_POINT('',(0.,0.));
#7215 = VECTOR('',#7216,1.);
#7216 = DIRECTION('',(1.,0.));
#7217 = ( GEOMETRIC_REPRESENTATION_CONTEXT(2) 
PARAMETRIC_REPRESENTATION_CONTEXT() REPRESENTATION_CONTEXT('2D SPACE',''
  ) );
#7218 = PCURVE('',#7219,#7224);
#7219 = PLANE('',#7220);
#7220 = AXIS2_PLACEMENT_3D('',#7221,#7222,#7223);
#7221 = CARTESIAN_POINT('',(0.,0.,1.865811908116E+03));
#7222 = DIRECTION('',(0.,0.,1.));
#7223 = DIRECTION('',(1.,0.,-0.));
#7224 = DEFINITIONAL_REPRESENTATION('',(#7225),#7229);
#7225 = CIRCLE('',#7226,15.);
#7226 = AXIS2_PLACEMENT_2D('',#7227,#7228);
#7227 = CARTESIAN_POINT('',(0.,0.));
#7228 = DIRECTION('',(1.,0.));
#7229 = ( GEOMETRIC_REPRESENTATION_CONTEXT(2) 
PARAMETRIC_REPRESENTATION_CONTEXT() REPRESENTATION_CONTEXT('2D SPACE',''
  ) );
#7230 = ORIENTED_EDGE('',*,*,#7181,.T.);
#7231 = ADVANCED_FACE('',(#7232,#7235),#7169,.T.);
#7232 = FACE_BOUND('',#7233,.T.);
#7233 = EDGE_LOOP('',(#7234));
#7234 = ORIENTED_EDGE('',*,*,#7147,.T.);
#7235 = FACE_BOUND('',#7236,.T.);
#7236 = EDGE_LOOP('',(#7237));
#7237 = ORIENTED_EDGE('',*,*,#7238,.F.);
#7238 = EDGE_CURVE('',#7239,#7239,#7241,.T.);
#7239 = VERTEX_POINT('',#7240);
#7240 = CARTESIAN_POINT('',(10.,-2.449293598295E-15,1.870811908116E+03)
  );
#7241 = SURFACE_CURVE('',#7242,(#7247,#7254),.PCURVE_S1.);
#7242 = CIRCLE('',#7243,10.);
#7243 = AXIS2_PLACEMENT_3D('',#7244,#7245,#7246);
#7244 = CARTESIAN_POINT('',(0.,0.,1.870811908116E+03));
#7245 = DIRECTION('',(0.,0.,1.));
#7246 = DIRECTION('',(1.,0.,-0.));
#7247 = PCURVE('',#7169,#7248);
#7248 = DEFINITIONAL_REPRESENTATION('',(#7249),#7253);
#7249 = CIRCLE('',#7250,10.);
#7250 = AXIS2_PLACEMENT_2D('',#7251,#7252);
#7251 = CARTESIAN_POINT('',(0.,0.));
#7252 = DIRECTION('',(1.,0.));
#7253 = ( GEOMETRIC_REPRESENTATION_CONTEXT(2) 
PARAMETRIC_REPRESENTATION_CONTEXT() REPRESENTATION_CONTEXT('2D SPACE',''
  ) );
#7254 = PCURVE('',#7255,#7260);
#7255 = CYLINDRICAL_SURFACE('',#7256,10.);
#7256 = AXIS2_PLACEMENT_3D('',#7257,#7258,#7259);
#7257 = CARTESIAN_POINT('',(0.,0.,1.867811908116E+03));
#7258 = DIRECTION('',(0.,0.,1.));
#7259 = DIRECTION('',(1.,0.,-0.));
#7260 = DEFINITIONAL_REPRESENTATION('',(#7261),#7265);
#7261 = LINE('',#7262,#7263);
#7262 = CARTESIAN_POINT('',(0.,3.));
#7263 = VECTOR('',#7264,1.);
#7264 = DIRECTION('',(1.,0.));
#7265 = ( GEOMETRIC_REPRESENTATION_CONTEXT(2) 
PARAMETRIC_REPRESENTATION_CONTEXT() REPRESENTATION_CONTEXT('2D SPACE',''
  ) );
#7266 = ADVANCED_FACE('',(#7267),#7219,.F.);
#7267 = FACE_BOUND('',#7268,.T.);
#7268 = EDGE_LOOP('',(#7269));
#7269 = ORIENTED_EDGE('',*,*,#7204,.F.);
#7270 = ADVANCED_FACE('',(#7271),#7255,.F.);
#7271 = FACE_BOUND('',#7272,.F.);
#7272 = EDGE_LOOP('',(#7273,#7274,#7297,#7324));
#7273 = ORIENTED_EDGE('',*,*,#7238,.F.);
#7274 = ORIENTED_EDGE('',*,*,#7275,.F.);
#7275 = EDGE_CURVE('',#7276,#7239,#7278,.T.);
#7276 = VERTEX_POINT('',#7277);
#7277 = CARTESIAN_POINT('',(10.,-2.449293598295E-15,1.867811908116E+03)
  );
#7278 = SEAM_CURVE('',#7279,(#7283,#7290),.PCURVE_S1.);
#7279 = LINE('',#7280,#7281);
#7280 = CARTESIAN_POINT('',(10.,-2.449293598295E-15,1.867811908116E+03)
  );
#7281 = VECTOR('',#7282,1.);
#7282 = DIRECTION('',(0.,0.,1.));
#7283 = PCURVE('',#7255,#7284);
#7284 = DEFINITIONAL_REPRESENTATION('',(#7285),#7289);
#7285 = LINE('',#7286,#7287);
#7286 = CARTESIAN_POINT('',(6.28318530718,-0.));
#7287 = VECTOR('',#7288,1.);
#7288 = DIRECTION('',(0.,1.));
#7289 = ( GEOMETRIC_REPRESENTATION_CONTEXT(2) 
PARAMETRIC_REPRESENTATION_CONTEXT() REPRESENTATION_CONTEXT('2D SPACE',''
  ) );
#7290 = PCURVE('',#7255,#7291);
#7291 = DEFINITIONAL_REPRESENTATION('',(#7292),#7296);
#7292 = LINE('',#7293,#7294);
#7293 = CARTESIAN_POINT('',(0.,-0.));
#7294 = VECTOR('',#7295,1.);
#7295 = DIRECTION('',(0.,1.));
#7296 = ( GEOMETRIC_REPRESENTATION_CONTEXT(2) 
PARAMETRIC_REPRESENTATION_CONTEXT() REPRESENTATION_CONTEXT('2D SPACE',''
  ) );
#7297 = ORIENTED_EDGE('',*,*,#7298,.T.);
#7298 = EDGE_CURVE('',#7276,#7276,#7299,.T.);
#7299 = SURFACE_CURVE('',#7300,(#7305,#7312),.PCURVE_S1.);
#7300 = CIRCLE('',#7301,10.);
#7301 = AXIS2_PLACEMENT_3D('',#7302,#7303,#7304);
#7302 = CARTESIAN_POINT('',(0.,0.,1.867811908116E+03));
#7303 = DIRECTION('',(0.,0.,1.));
#7304 = DIRECTION('',(1.,0.,-0.));
#7305 = PCURVE('',#7255,#7306);
#7306 = DEFINITIONAL_REPRESENTATION('',(#7307),#7311);
#7307 = LINE('',#7308,#7309);
#7308 = CARTESIAN_POINT('',(0.,0.));
#7309 = VECTOR('',#7310,1.);
#7310 = DIRECTION('',(1.,0.));
#7311 = ( GEOMETRIC_REPRESENTATION_CONTEXT(2) 
PARAMETRIC_REPRESENTATION_CONTEXT() REPRESENTATION_CONTEXT('2D SPACE',''
  ) );
#7312 = PCURVE('',#7313,#7318);
#7313 = PLANE('',#7314);
#7314 = AXIS2_PLACEMENT_3D('',#7315,#7316,#7317);
#7315 = CARTESIAN_POINT('',(0.,0.,1.867811908116E+03));
#7316 = DIRECTION('',(0.,0.,1.));
#7317 = DIRECTION('',(1.,0.,-0.));
#7318 = DEFINITIONAL_REPRESENTATION('',(#7319),#7323);
#7319 = CIRCLE('',#7320,10.);
#7320 = AXIS2_PLACEMENT_2D('',#7321,#7322);
#7321 = CARTESIAN_POINT('',(0.,0.));
#7322 = DIRECTION('',(1.,0.));
#7323 = ( GEOMETRIC_REPRESENTATION_CONTEXT(2) 
PARAMETRIC_REPRESENTATION_CONTEXT() REPRESENTATION_CONTEXT('2D SPACE',''
  ) );
#7324 = ORIENTED_EDGE('',*,*,#7275,.T.);
#7325 = ADVANCED_FACE('',(#7326),#7313,.T.);
#7326 = FACE_BOUND('',#7327,.F.);
#7327 = EDGE_LOOP('',(#7328));
#7328 = ORIENTED_EDGE('',*,*,#7298,.F.);
#7329 = ( GEOMETRIC_REPRESENTATION_CONTEXT(3) 
GLOBAL_UNCERTAINTY_ASSIGNED_CONTEXT((#7333)) 
GLOBAL_UNIT_ASSIGNED_CONTEXT((#7330,#7331,#7332)) REPRESENTATION_CONTEXT
('Context #1','3D Context with UNIT and UNCERTAINTY') );
#7330 = ( LENGTH_UNIT() NAMED_UNIT(*) SI_UNIT(.MILLI.,.METRE.) );
#7331 = ( NAMED_UNIT(*) PLANE_ANGLE_UNIT() SI_UNIT($,.RADIAN.) );
#7332 = ( NAMED_UNIT(*) SI_UNIT($,.STERADIAN.) SOLID_ANGLE_UNIT() );
#7333 = UNCERTAINTY_MEASURE_WITH_UNIT(LENGTH_MEASURE(1.E-07),#7330,
  'distance_accuracy_value','confusion accuracy');
#7334 = CONTEXT_DEPENDENT_SHAPE_REPRESENTATION(#7335,#7337);
#7335 = ( REPRESENTATION_RELATIONSHIP('','',#7140,#4190) 
REPRESENTATION_RELATIONSHIP_WITH_TRANSFORMATION(#7336) 
SHAPE_REPRESENTATION_RELATIONSHIP() );
#7336 = ITEM_DEFINED_TRANSFORMATION('','',#11,#4203);
#7337 = PRODUCT_DEFINITION_SHAPE('Placement','Placement of an item',
  #7338);
#7338 = NEXT_ASSEMBLY_USAGE_OCCURRENCE('53','=>[0:1:1:10]','',#4185,
  #7135,$);
#7339 = PRODUCT_RELATED_PRODUCT_CATEGORY('part',$,(#7137));
#7340 = SHAPE_DEFINITION_REPRESENTATION(#7341,#7347);
#7341 = PRODUCT_DEFINITION_SHAPE('','',#7342);
#7342 = PRODUCT_DEFINITION('design','',#7343,#7346);
#7343 = PRODUCT_DEFINITION_FORMATION('','',#7344);
#7344 = PRODUCT('COMPOUND','COMPOUND','',(#7345));
#7345 = PRODUCT_CONTEXT('',#2,'mechanical');
#7346 = PRODUCT_DEFINITION_CONTEXT('part definition',#2,'design');
#7347 = ADVANCED_BREP_SHAPE_REPRESENTATION('',(#11,#7348),#7446);
#7348 = MANIFOLD_SOLID_BREP('',#7349);
#7349 = CLOSED_SHELL('',(#7350,#7438,#7442));
#7350 = ADVANCED_FACE('',(#7351),#7364,.T.);
#7351 = FACE_BOUND('',#7352,.T.);
#7352 = EDGE_LOOP('',(#7353,#7387,#7410,#7437));
#7353 = ORIENTED_EDGE('',*,*,#7354,.F.);
#7354 = EDGE_CURVE('',#7355,#7355,#7357,.T.);
#7355 = VERTEX_POINT('',#7356);
#7356 = CARTESIAN_POINT('',(10.,-2.449293598295E-15,6.));
#7357 = SURFACE_CURVE('',#7358,(#7363,#7375),.PCURVE_S1.);
#7358 = CIRCLE('',#7359,10.);
#7359 = AXIS2_PLACEMENT_3D('',#7360,#7361,#7362);
#7360 = CARTESIAN_POINT('',(0.,0.,6.));
#7361 = DIRECTION('',(0.,0.,1.));
#7362 = DIRECTION('',(1.,0.,-0.));
#7363 = PCURVE('',#7364,#7369);
#7364 = CYLINDRICAL_SURFACE('',#7365,10.);
#7365 = AXIS2_PLACEMENT_3D('',#7366,#7367,#7368);
#7366 = CARTESIAN_POINT('',(0.,0.,0.));
#7367 = DIRECTION('',(0.,0.,1.));
#7368 = DIRECTION('',(1.,0.,-0.));
#7369 = DEFINITIONAL_REPRESENTATION('',(#7370),#7374);
#7370 = LINE('',#7371,#7372);
#7371 = CARTESIAN_POINT('',(0.,6.));
#7372 = VECTOR('',#7373,1.);
#7373 = DIRECTION('',(1.,0.));
#7374 = ( GEOMETRIC_REPRESENTATION_CONTEXT(2) 
PARAMETRIC_REPRESENTATION_CONTEXT() REPRESENTATION_CONTEXT('2D SPACE',''
  ) );
#7375 = PCURVE('',#7376,#7381);
#7376 = PLANE('',#7377);
#7377 = AXIS2_PLACEMENT_3D('',#7378,#7379,#7380);
#7378 = CARTESIAN_POINT('',(0.,0.,6.));
#7379 = DIRECTION('',(0.,0.,1.));
#7380 = DIRECTION('',(1.,0.,-0.));
#7381 = DEFINITIONAL_REPRESENTATION('',(#7382),#7386);
#7382 = CIRCLE('',#7383,10.);
#7383 = AXIS2_PLACEMENT_2D('',#7384,#7385);
#7384 = CARTESIAN_POINT('',(0.,0.));
#7385 = DIRECTION('',(1.,0.));
#7386 = ( GEOMETRIC_REPRESENTATION_CONTEXT(2) 
PARAMETRIC_REPRESENTATION_CONTEXT() REPRESENTATION_CONTEXT('2D SPACE',''
  ) );
#7387 = ORIENTED_EDGE('',*,*,#7388,.F.);
#7388 = EDGE_CURVE('',#7389,#7355,#7391,.T.);
#7389 = VERTEX_POINT('',#7390);
#7390 = CARTESIAN_POINT('',(10.,-2.449293598295E-15,0.));
#7391 = SEAM_CURVE('',#7392,(#7396,#7403),.PCURVE_S1.);
#7392 = LINE('',#7393,#7394);
#7393 = CARTESIAN_POINT('',(10.,-2.449293598295E-15,0.));
#7394 = VECTOR('',#7395,1.);
#7395 = DIRECTION('',(0.,0.,1.));
#7396 = PCURVE('',#7364,#7397);
#7397 = DEFINITIONAL_REPRESENTATION('',(#7398),#7402);
#7398 = LINE('',#7399,#7400);
#7399 = CARTESIAN_POINT('',(6.28318530718,-0.));
#7400 = VECTOR('',#7401,1.);
#7401 = DIRECTION('',(0.,1.));
#7402 = ( GEOMETRIC_REPRESENTATION_CONTEXT(2) 
PARAMETRIC_REPRESENTATION_CONTEXT() REPRESENTATION_CONTEXT('2D SPACE',''
  ) );
#7403 = PCURVE('',#7364,#7404);
#7404 = DEFINITIONAL_REPRESENTATION('',(#7405),#7409);
#7405 = LINE('',#7406,#7407);
#7406 = CARTESIAN_POINT('',(0.,-0.));
#7407 = VECTOR('',#7408,1.);
#7408 = DIRECTION('',(0.,1.));
#7409 = ( GEOMETRIC_REPRESENTATION_CONTEXT(2) 
PARAMETRIC_REPRESENTATION_CONTEXT() REPRESENTATION_CONTEXT('2D SPACE',''
  ) );
#7410 = ORIENTED_EDGE('',*,*,#7411,.T.);
#7411 = EDGE_CURVE('',#7389,#7389,#7412,.T.);
#7412 = SURFACE_CURVE('',#7413,(#7418,#7425),.PCURVE_S1.);
#7413 = CIRCLE('',#7414,10.);
#7414 = AXIS2_PLACEMENT_3D('',#7415,#7416,#7417);
#7415 = CARTESIAN_POINT('',(0.,0.,0.));
#7416 = DIRECTION('',(0.,0.,1.));
#7417 = DIRECTION('',(1.,0.,-0.));
#7418 = PCURVE('',#7364,#7419);
#7419 = DEFINITIONAL_REPRESENTATION('',(#7420),#7424);
#7420 = LINE('',#7421,#7422);
#7421 = CARTESIAN_POINT('',(0.,0.));
#7422 = VECTOR('',#7423,1.);
#7423 = DIRECTION('',(1.,0.));
#7424 = ( GEOMETRIC_REPRESENTATION_CONTEXT(2) 
PARAMETRIC_REPRESENTATION_CONTEXT() REPRESENTATION_CONTEXT('2D SPACE',''
  ) );
#7425 = PCURVE('',#7426,#7431);
#7426 = PLANE('',#7427);
#7427 = AXIS2_PLACEMENT_3D('',#7428,#7429,#7430);
#7428 = CARTESIAN_POINT('',(0.,0.,0.));
#7429 = DIRECTION('',(0.,0.,1.));
#7430 = DIRECTION('',(1.,0.,-0.));
#7431 = DEFINITIONAL_REPRESENTATION('',(#7432),#7436);
#7432 = CIRCLE('',#7433,10.);
#7433 = AXIS2_PLACEMENT_2D('',#7434,#7435);
#7434 = CARTESIAN_POINT('',(0.,0.));
#7435 = DIRECTION('',(1.,0.));
#7436 = ( GEOMETRIC_REPRESENTATION_CONTEXT(2) 
PARAMETRIC_REPRESENTATION_CONTEXT() REPRESENTATION_CONTEXT('2D SPACE',''
  ) );
#7437 = ORIENTED_EDGE('',*,*,#7388,.T.);
#7438 = ADVANCED_FACE('',(#7439),#7376,.T.);
#7439 = FACE_BOUND('',#7440,.T.);
#7440 = EDGE_LOOP('',(#7441));
#7441 = ORIENTED_EDGE('',*,*,#7354,.T.);
#7442 = ADVANCED_FACE('',(#7443),#7426,.F.);
#7443 = FACE_BOUND('',#7444,.T.);
#7444 = EDGE_LOOP('',(#7445));
#7445 = ORIENTED_EDGE('',*,*,#7411,.F.);
#7446 = ( GEOMETRIC_REPRESENTATION_CONTEXT(3) 
GLOBAL_UNCERTAINTY_ASSIGNED_CONTEXT((#7450)) 
GLOBAL_UNIT_ASSIGNED_CONTEXT((#7447,#7448,#7449)) REPRESENTATION_CONTEXT
('Context #1','3D Context with UNIT and UNCERTAINTY') );
#7447 = ( LENGTH_UNIT() NAMED_UNIT(*) SI_UNIT(.MILLI.,.METRE.) );
#7448 = ( NAMED_UNIT(*) PLANE_ANGLE_UNIT() SI_UNIT($,.RADIAN.) );
#7449 = ( NAMED_UNIT(*) SI_UNIT($,.STERADIAN.) SOLID_ANGLE_UNIT() );
#7450 = UNCERTAINTY_MEASURE_WITH_UNIT(LENGTH_MEASURE(1.E-07),#7447,
  'distance_accuracy_value','confusion accuracy');
#7451 = CONTEXT_DEPENDENT_SHAPE_REPRESENTATION(#7452,#7454);
#7452 = ( REPRESENTATION_RELATIONSHIP('','',#7347,#4190) 
REPRESENTATION_RELATIONSHIP_WITH_TRANSFORMATION(#7453) 
SHAPE_REPRESENTATION_RELATIONSHIP() );
#7453 = ITEM_DEFINED_TRANSFORMATION('','',#11,#4207);
#7454 = PRODUCT_DEFINITION_SHAPE('Placement','Placement of an item',
  #7455);
#7455 = NEXT_ASSEMBLY_USAGE_OCCURRENCE('54','=>[0:1:1:11]','',#4185,
  #7342,$);
#7456 = PRODUCT_RELATED_PRODUCT_CATEGORY('part',$,(#7344));
ENDSEC;
END-ISO-10303-21;
